,Gene,EffectSize,P-Value,FDR,pBH
1082,ENSG00000070961,-0.6459012115385313,1.3550891616894964e-06,True,0.0005567781002107308
1604,ENSG00000086300,-0.6478431194884334,0.00011706021916377179,True,0.025360564389925868
3995,ENSG00000114757,-0.6361627881496811,4.1862898171119124e-05,True,0.010501418171746735
4717,ENSG00000120875,-0.7154160855395624,1.7798931073030755e-05,True,0.005438029825658923
8847,ENSG00000154478,-0.6183300154399046,7.149622886649628e-06,True,0.00246931395669199
15509,ENSG00000204807,0.74131355049734,0.00010632183115209444,True,0.023460699612829282
19009,ENSG00000235488,0.7345789328383622,0.00016839156833532305,True,0.034895125782600726
20978,ENSG00000251196,-0.6880079784083386,4.678276041492538e-06,True,0.0017151999437662875
22598,ENSG00000260432,-0.6954845023412832,6.471890231067493e-26,True,1.4021056008779038e-22
