,Gene,EffectSize,P-Value,FDR,pBH
353,ENSG00000018280,0.7912825721747704,4.9498963254765746e-06,True,0.0022692418942891553
779,ENSG00000061337,-0.6195603838926665,0.00017050065910353965,True,0.04956786844352783
3995,ENSG00000114757,-0.6430044111128089,0.00015079640698768262,True,0.04493544432724207
8174,ENSG00000147872,0.6623153320765341,1.2708714973533033e-09,True,1.211852225016216e-06
10673,ENSG00000166501,-0.7841155520972097,2.960677137945239e-07,True,0.00020758700673963691
11646,ENSG00000171617,-0.84962048744697,4.1754146487475644e-45,True,1.439168366914297e-41
15509,ENSG00000204807,0.7618745383328541,4.7395013884337584e-05,True,0.01711893539376854
