riskAllele	pValue	pValueAnnotation	riskFrequency	orValue	beta	ci	mappedGenes	traitName	efoTraits	bgTraits	accessionId	locations	pubmedId	author
rs6436132-T	3E-9	-	NR	3.34	-	[2.2-5.07]	PTPRN	"Early-onset postpartum depression"	"postpartum depression"	-	GCST90624430	2:219295922	38555957	"Tebeka S"
rs184644645-TTATG	9E-9	-	NR	4.88	-	[2.7-8.82]	RAD51B	"Early-onset postpartum depression"	"postpartum depression"	-	GCST90624430	14:68082493	38555957	"Tebeka S"
rs6028719-T	2E-8	-	NR	1.85	-	[1.49-2.3]	RN7SL680P,HSPE1P1	"Late-onset postpartum depression"	"postpartum depression"	-	GCST90624431	20:39920405	38555957	"Tebeka S"
rs6028721-G	2E-8	-	NR	1.85	-	[1.49-2.3]	HSPE1P1,RN7SL680P	"Late-onset postpartum depression"	"postpartum depression"	-	GCST90624431	20:39921753	38555957	"Tebeka S"
rs6028723-C	2E-8	-	NR	1.85	-	[1.49-2.3]	RN7SL680P,HSPE1P1	"Late-onset postpartum depression"	"postpartum depression"	-	GCST90624431	20:39922976	38555957	"Tebeka S"
rs34294182-C	2E-8	-	NR	1.85	-	[1.49-2.3]	HSPE1P1,RN7SL680P	"Late-onset postpartum depression"	"postpartum depression"	-	GCST90624431	20:39924852	38555957	"Tebeka S"
rs6129447-C	4E-8	-	NR	1.83	-	[1.47-2.27]	LINC01370,HSPE1P1	"Late-onset postpartum depression"	"postpartum depression"	-	GCST90624431	20:39937435	38555957	"Tebeka S"
rs7665833-A	1E-7	-	0.14	2.03	-	[1.78-2.28]	LINC02479,PGBD4P4	"Treatment resistant depression"	"treatment resistant depression,response to antidepressant"	-	GCST007665	4:130459962	30468137	"Fabbri C"
rs7735612-C	6E-7	-	0.4	1.63	-	[1.43-1.83]	SLIT3	"Treatment resistant depression"	"treatment resistant depression,response to antidepressant"	-	GCST007665	5:169082727	30468137	"Fabbri C"
rs2898168-?	2E-6	-	0.68	1.6666665	-	-	KRTAP13-1,KRTAP13-3	"Treatment resistant depression"	"treatment resistant depression,response to antidepressant"	-	GCST007665	21:30410284	30468137	"Fabbri C"
nsv831124-?	3E-6	-	0.54	1.4285715	-	-	RBM28	"Treatment resistant depression"	"treatment resistant depression,response to antidepressant"	-	GCST007665	7:128330292	30468137	"Fabbri C"
rs4863995-T	4E-6	-	0.22	1.67	-	[1.45-1.89]	PGBD4P4,GAPDHP56	"Treatment resistant depression"	"treatment resistant depression,response to antidepressant"	-	GCST007665	4:130496927	30468137	"Fabbri C"
rs6852702-A	4E-6	-	0.09	2.07	-	[1.76-2.38]	GAPDHP56,RNU6-224P	"Treatment resistant depression"	"treatment resistant depression,response to antidepressant"	-	GCST007665	4:130515632	30468137	"Fabbri C"
rs12006913-A	4E-6	-	0.12	2.13	-	[1.82-2.44]	PTCHD1	"Treatment resistant depression"	"treatment resistant depression,response to antidepressant"	-	GCST007665	X:23358454	30468137	"Fabbri C"
nsv527355-A	5E-6	-	0.47	1.44	-	[1.28-1.6]	MCM3AP-AS1,MCM3AP	"Treatment resistant depression"	"treatment resistant depression,response to antidepressant"	-	GCST007665	21:46258860	30468137	"Fabbri C"
rs242999-C	1E-6	-	0.39	1.85	-	[1.44-2.37]	LINC01643	"Treatment resistant depression"	"treatment resistant depression,response to antidepressant"	-	GCST007667	22:34109914	30468137	"Fabbri C"
rs73837957-A	2E-6	-	0.15	2.73	-	[1.81-4.11]	CCSER1,KRT19P6	"Treatment resistant depression"	"treatment resistant depression,response to antidepressant"	-	GCST007667	4:91682958	30468137	"Fabbri C"
rs9895559-A	2E-6	-	0.45	1.85	-	[1.43-2.38]	SLC13A5,RPL23AP73	"Treatment resistant depression"	"treatment resistant depression,response to antidepressant"	-	GCST007667	17:6732054	30468137	"Fabbri C"
rs80080484-?	4E-6	-	0.97	5.882353	-	[2.7-12.5]	LINC01909,LARP7P3	"Treatment resistant depression"	"treatment resistant depression,response to antidepressant"	-	GCST007667	18:70403190	30468137	"Fabbri C"
rs12745534-?	5E-6	-	0.87	2.2222223	-	[1.59-3.12]	HIVEP3	"Treatment resistant depression"	"treatment resistant depression,response to antidepressant"	-	GCST007667	1:41890579	30468137	"Fabbri C"
rs12564480-?	9E-7	-	0.88	2.4390244	-	[1.72-3.57]	WDR64,OPN3	"Treatment resistant depression"	"treatment resistant depression,response to antidepressant"	-	GCST007667	1:241666284	30468137	"Fabbri C"
rs1841915-?	1E-6	-	0.61	1.8518518	-	[1.45-2.33]	ZNF385D,ZNF385D-AS1	"Treatment resistant depression"	"treatment resistant depression,response to antidepressant"	-	GCST007667	3:21573947	30468137	"Fabbri C"
rs4435501-A	4E-6	-	NR	-	"0.13 unit increase"	[0.071-0.189]	SNRNP200	"Major depressive disorder"	"major depressive disorder"	-	GCST005231	2:96315631	29317602	"Hall LS"
rs6893200-T	5E-6	(females)	NR	-	"0.11 unit decrease"	[0.071-0.149]	CTNND2,DAP-DT	"Major depressive disorder"	"major depressive disorder"	-	GCST005231	5:10806645	29317602	"Hall LS"
rs111404313-A	4E-6	(females)	NR	-	"0.32 unit decrease"	[0.18-0.46]	CASP8AP2	"Major depressive disorder"	"major depressive disorder"	-	GCST005231	6:89859111	29317602	"Hall LS"
rs9648182-A	9E-8	(females)	0.12	-	"0.17 unit decrease"	[0.11-0.23]	RBMX2P4,ETV1	"Major depressive disorder"	"major depressive disorder"	-	GCST005231	7:13755224	29317602	"Hall LS"
rs10227749-T	4E-6	(females)	NR	-	"0.12 unit increase"	[0.061-0.179]	DGKB	"Major depressive disorder"	"major depressive disorder"	-	GCST005231	7:14404267	29317602	"Hall LS"
rs17176546-A	8E-7	(females)	0.04	-	"0.26 unit increase"	[0.16-0.36]	CACNA2D1	"Major depressive disorder"	"major depressive disorder"	-	GCST005231	7:82251598	29317602	"Hall LS"
rs79225303-T	2E-6	(females)	NR	-	"0.17 unit decrease"	[0.092-0.248]	TRAPPC9	"Major depressive disorder"	"major depressive disorder"	-	GCST005231	8:140119737	29317602	"Hall LS"
rs61842316-T	3E-6	(females)	NR	-	"0.27 unit increase"	[0.15-0.39]	RSU1	"Major depressive disorder"	"major depressive disorder"	-	GCST005231	10:16711721	29317602	"Hall LS"
rs11613048-A	8E-6	(females)	NR	-	"0.1 unit decrease"	[0.061-0.139]	LINC02386	"Major depressive disorder"	"major depressive disorder"	-	GCST005231	12:30201042	29317602	"Hall LS"
rs1448094-T	1E-6	(females)	NR	-	"0.1 unit increase"	[0.061-0.139]	NTS,MGAT4C	"Major depressive disorder"	"major depressive disorder"	-	GCST005231	12:85949356	29317602	"Hall LS"
rs73228161-A	6E-6	(females)	NR	-	"0.19 unit increase"	[0.11-0.27]	PLXNC1	"Major depressive disorder"	"major depressive disorder"	-	GCST005231	12:94268895	29317602	"Hall LS"
rs139073054-T	2E-6	(females)	NR	-	"0.35 unit increase"	[0.21-0.49]	LINC00430,UBBP5	"Major depressive disorder"	"major depressive disorder"	-	GCST005231	13:86999003	29317602	"Hall LS"
rs79306025-A	2E-6	(females)	NR	-	"0.44 unit increase"	[0.26-0.62]	RNU6-976P,LINC02329	"Major depressive disorder"	"major depressive disorder"	-	GCST005231	14:85132448	29317602	"Hall LS"
rs17705482-T	9E-6	(females)	NR	-	"0.11 unit decrease"	[0.051-0.169]	LINC02853,COX6CP4	"Major depressive disorder"	"major depressive disorder"	-	GCST005231	15:36543587	29317602	"Hall LS"
rs74031748-A	7E-6	(females)	NR	-	"0.19 unit decrease"	[0.11-0.27]	ARRDC4,LINC00923	"Major depressive disorder"	"major depressive disorder"	-	GCST005231	15:97950924	29317602	"Hall LS"
rs35888008-A	6E-6	(females)	NR	-	"0.12 unit increase"	[0.061-0.179]	C16orf78,LINC02179	"Major depressive disorder"	"major depressive disorder"	-	GCST005231	16:49443361	29317602	"Hall LS"
rs41287894-T	3E-6	(males)	NR	-	"0.45 unit increase"	[0.25-0.65]	SKINT1L,LINC02794	"Major depressive disorder"	"major depressive disorder"	-	GCST005231	1:48161782	29317602	"Hall LS"
rs115736167-C	2E-7	(males)	0.02	-	"0.46 unit decrease"	[0.28-0.64]	PKLR	"Major depressive disorder"	"major depressive disorder"	-	GCST005231	1:155296818	29317602	"Hall LS"
rs4478037-A	2E-8	(males)	0.08	-	"0.29 unit increase"	[0.19-0.39]	CRTAP	"Major depressive disorder"	"major depressive disorder"	-	GCST005231	3:33118915	29317602	"Hall LS"
rs40493-C	4E-6	(males)	NR	-	"0.13 unit increase"	[0.071-0.189]	PTPRG	"Major depressive disorder"	"major depressive disorder"	-	GCST005231	3:61989275	29317602	"Hall LS"
rs73108923-A	6E-6	(males)	NR	-	"0.3 unit decrease"	[0.16-0.44]	SYNPR	"Major depressive disorder"	"major depressive disorder"	-	GCST005231	3:63339904	29317602	"Hall LS"
rs13127214-C	7E-6	(males)	NR	-	"0.19 unit increase"	[0.11-0.27]	GABRB1	"Major depressive disorder"	"major depressive disorder"	-	GCST005231	4:47278539	29317602	"Hall LS"
rs6822806-T	5E-6	(males)	NR	-	"0.18 unit decrease"	[0.1-0.26]	UNC5C	"Major depressive disorder"	"major depressive disorder"	-	GCST005231	4:95377791	29317602	"Hall LS"
rs10959631-T	4E-6	-	NR	-	"0.1 unit decrease"	[0.061-0.139]	JKAMPP1,AKAP8P1	"Major depressive disorder"	"major depressive disorder"	-	GCST005231	9:11220986	29317602	"Hall LS"
rs12240686-A	6E-6	-	NR	-	"0.18 unit decrease"	[0.1-0.26]	ENO4	"Major depressive disorder"	"major depressive disorder"	-	GCST005231	10:116878671	29317602	"Hall LS"
rs11033303-A	2E-7	-	0.37	-	"0.09 unit increase"	[0.051-0.129]	KRT18P14,TRIM44	"Major depressive disorder"	"major depressive disorder"	-	GCST005231	11:35849716	29317602	"Hall LS"
rs80208956-A	6E-6	-	NR	-	"0.3 unit increase"	[0.16-0.44]	FGF19,LTO1	"Major depressive disorder"	"major depressive disorder"	-	GCST005231	11:69682501	29317602	"Hall LS"
rs10736455-A	4E-6	-	NR	-	"0.16 unit decrease"	[0.082-0.238]	LINC02550	"Major depressive disorder"	"major depressive disorder"	-	GCST005231	11:111193999	29317602	"Hall LS"
rs8050755-T	9E-6	-	NR	-	"0.11 unit increase"	[0.071-0.149]	TSC2	"Major depressive disorder"	"major depressive disorder"	-	GCST005231	16:2069186	29317602	"Hall LS"
rs35888008-A	4E-6	-	NR	-	"0.09 unit increase"	[0.051-0.129]	C16orf78,LINC02179	"Major depressive disorder"	"major depressive disorder"	-	GCST005231	16:49443361	29317602	"Hall LS"
rs140555-T	2E-6	-	NR	-	"0.09 unit decrease"	[0.051-0.129]	PHF21B,NUP50-DT	"Major depressive disorder"	"major depressive disorder"	-	GCST005231	22:45020016	29317602	"Hall LS"
rs12464040-T	2E-6	(females)	NR	-	"0.15 unit increase"	[0.091-0.209]	DNAH6	"Major depressive disorder"	"major depressive disorder"	-	GCST005231	2:84628488	29317602	"Hall LS"
rs1874256-A	4E-6	(females)	NR	-	"0.1 unit increase"	[0.061-0.139]	RBMS3	"Major depressive disorder"	"major depressive disorder"	-	GCST005231	3:28952692	29317602	"Hall LS"
rs116569570-A	5E-6	(females)	NR	-	"0.16 unit decrease"	[0.082-0.238]	NPFFR2,GC	"Major depressive disorder"	"major depressive disorder"	-	GCST005231	4:71950372	29317602	"Hall LS"
rs116078874-A	4E-6	(males)	NR	-	"0.47 unit increase"	[0.27-0.67]	GLO1	"Major depressive disorder"	"major depressive disorder"	-	GCST005231	6:38684649	29317602	"Hall LS"
rs10758202-A	2E-6	(males)	NR	-	"0.14 unit increase"	[0.081-0.199]	AQP7,AQP3	"Major depressive disorder"	"major depressive disorder"	-	GCST005231	9:33420010	29317602	"Hall LS"
rs78245978-T	6E-6	(males)	NR	-	"0.43 unit increase"	[0.25-0.61]	LINC02645,PFKP-DT	"Major depressive disorder"	"major depressive disorder"	-	GCST005231	10:2564784	29317602	"Hall LS"
rs117778141-T	1E-6	(males)	NR	-	"0.5 unit decrease"	[0.3-0.7]	ZWINT,GAPDHP21	"Major depressive disorder"	"major depressive disorder"	-	GCST005231	10:55896368	29317602	"Hall LS"
rs150439352-A	4E-6	(males)	NR	-	"0.47 unit increase"	[0.27-0.67]	MS4A13	"Major depressive disorder"	"major depressive disorder"	-	GCST005231	11:60524031	29317602	"Hall LS"
rs113485090-A	2E-7	(males)	0.04	-	"0.32 unit decrease"	[0.2-0.44]	MRPL48	"Major depressive disorder"	"major depressive disorder"	-	GCST005231	11:73861450	29317602	"Hall LS"
rs666723-A	7E-6	(males)	NR	-	"0.12 unit increase"	[0.061-0.179]	CASP4	"Major depressive disorder"	"major depressive disorder"	-	GCST005231	11:104955877	29317602	"Hall LS"
rs1380551-A	4E-7	(males)	0.15	-	"0.18 unit decrease"	[0.1-0.26]	RNU6-741P,PWRN4	"Major depressive disorder"	"major depressive disorder"	-	GCST005231	15:23879557	29317602	"Hall LS"
rs74002781-T	7E-6	(males)	NR	-	"0.21 unit decrease"	[0.11-0.31]	PKD1	"Major depressive disorder"	"major depressive disorder"	-	GCST005231	16:2096287	29317602	"Hall LS"
rs117621296-T	9E-6	(males)	NR	-	"0.31 unit decrease"	[0.17-0.45]	MARCHF2	"Major depressive disorder"	"major depressive disorder"	-	GCST005231	19:8417300	29317602	"Hall LS"
rs114508355-C	9E-6	-	NR	-	"0.46 unit decrease"	[0.26-0.66]	CLCC1,AKNAD1	"Recurrent major depressive disorder"	"major depressive disorder"	-	GCST005230	1:108957621	29317602	"Hall LS"
rs13011737-A	1E-6	-	NR	-	"0.1 unit increase"	[0.061-0.139]	SLC8A1-AS1	"Recurrent major depressive disorder"	"major depressive disorder"	-	GCST005230	2:39839482	29317602	"Hall LS"
rs288342-T	7E-6	-	NR	-	"0.09 unit decrease"	[0.051-0.129]	DNAJC10,Y_RNA	"Recurrent major depressive disorder"	"major depressive disorder"	-	GCST005230	2:182800480	29317602	"Hall LS"
rs507385-A	9E-6	-	NR	-	"0.13 unit decrease"	[0.071-0.189]	GRM7	"Recurrent major depressive disorder"	"major depressive disorder"	-	GCST005230	3:6969030	29317602	"Hall LS"
rs2291479-A	1E-6	-	0.4	-	"0.1 unit decrease"	[0.061-0.139]	KCNMB2,LINC01014	"Recurrent major depressive disorder"	"major depressive disorder"	-	GCST005230	3:178457156	29317602	"Hall LS"
rs2964802-T	2E-6	-	NR	-	"0.1 unit increase"	[0.061-0.139]	CTNND2,DAP-DT	"Recurrent major depressive disorder"	"major depressive disorder"	-	GCST005230	5:10820731	29317602	"Hall LS"
rs114927772-A	3E-6	-	NR	-	"0.35 unit increase"	[0.21-0.49]	TMEM14B,MAK	"Recurrent major depressive disorder"	"major depressive disorder"	-	GCST005230	6:10818696	29317602	"Hall LS"
rs117901488-T	6E-6	-	NR	-	"0.2 unit increase"	[0.12-0.28]	SLC22A2	"Recurrent major depressive disorder"	"major depressive disorder"	-	GCST005230	6:160182100	29317602	"Hall LS"
rs7835340-A	3E-6	-	NR	-	"0.09 unit increase"	[0.051-0.129]	TRIM55	"Recurrent major depressive disorder"	"major depressive disorder"	-	GCST005230	8:66140334	29317602	"Hall LS"
rs79802045-A	5E-6	-	NR	-	"0.25 unit decrease"	[0.13-0.37]	RNF19A,MIR4471	"Recurrent major depressive disorder"	"major depressive disorder"	-	GCST005230	8:100336905	29317602	"Hall LS"
rs10959631-T	8E-7	-	0.2	-	"0.12 unit decrease"	[0.081-0.159]	JKAMPP1,AKAP8P1	"Recurrent major depressive disorder"	"major depressive disorder"	-	GCST005230	9:11220986	29317602	"Hall LS"
rs2460546-A	4E-6	-	NR	-	"0.29 unit increase"	[0.17-0.41]	RASGEF1A	"Recurrent major depressive disorder"	"major depressive disorder"	-	GCST005230	10:43241126	29317602	"Hall LS"
rs11033303-A	6E-7	-	0.37	-	"0.11 unit increase"	[0.071-0.149]	KRT18P14,TRIM44	"Recurrent major depressive disorder"	"major depressive disorder"	-	GCST005230	11:35849716	29317602	"Hall LS"
rs17615103-T	6E-6	-	NR	-	"0.22 unit increase"	[0.12-0.32]	MS4A1,MS4A12	"Recurrent major depressive disorder"	"major depressive disorder"	-	GCST005230	11:60470932	29317602	"Hall LS"
rs1031396-T	5E-6	-	NR	-	"0.4 unit decrease"	[0.22-0.58]	LINC00410	"Recurrent major depressive disorder"	"major depressive disorder"	-	GCST005230	13:90907558	29317602	"Hall LS"
rs187279821-A	5E-6	(females)	NR	-	"0.42 unit decrease"	[0.24-0.6]	HSPA4L	"Major depressive disorder"	"major depressive disorder"	-	GCST005231	4:127836228	29317602	"Hall LS"
rs1874256-A	9E-6	-	NR	-	"0.07 unit increase"	[0.031-0.109]	RBMS3	"Major depressive disorder"	"major depressive disorder"	-	GCST005231	3:28952692	29317602	"Hall LS"
rs73063271-A	6E-6	-	NR	-	"0.17 unit decrease"	[0.092-0.248]	ACVR2B-AS1,XYLB	"Major depressive disorder"	"major depressive disorder"	-	GCST005231	3:38425758	29317602	"Hall LS"
rs11099341-A	7E-6	-	NR	-	"0.09 unit decrease"	[0.051-0.129]	KRT18P54,TARS2P1	"Major depressive disorder"	"major depressive disorder"	-	GCST005231	4:135407047	29317602	"Hall LS"
rs342318-A	6E-6	-	NR	-	"0.1 unit increase"	[0.061-0.139]	PDGFC	"Major depressive disorder"	"major depressive disorder"	-	GCST005231	4:156867803	29317602	"Hall LS"
rs115981586-A	8E-6	-	NR	-	"0.21 unit increase"	[0.11-0.31]	LINC02477,RPS14P7	"Major depressive disorder"	"major depressive disorder"	-	GCST005231	4:160773745	29317602	"Hall LS"
rs56390503-T	9E-7	-	0.11	-	"0.13 unit increase"	[0.071-0.189]	FAT1	"Major depressive disorder"	"major depressive disorder"	-	GCST005231	4:186631422	29317602	"Hall LS"
rs2964802-T	7E-7	-	0.28	-	"0.09 unit increase"	[0.051-0.129]	CTNND2,DAP-DT	"Major depressive disorder"	"major depressive disorder"	-	GCST005231	5:10820731	29317602	"Hall LS"
rs11743328-T	7E-6	-	NR	-	"0.1 unit decrease"	[0.061-0.139]	LINC02200	"Major depressive disorder"	"major depressive disorder"	-	GCST005231	5:112679858	29317602	"Hall LS"
rs144735131-A	2E-6	-	NR	-	"0.4 unit decrease"	[0.24-0.56]	H2BC4	"Major depressive disorder"	"major depressive disorder"	-	GCST005231	6:26121050	29317602	"Hall LS"
rs9648182-A	8E-6	-	NR	-	"0.11 unit decrease"	[0.051-0.169]	RBMX2P4,ETV1	"Major depressive disorder"	"major depressive disorder"	-	GCST005231	7:13755224	29317602	"Hall LS"
rs117715236-A	4E-6	-	NR	-	"0.24 unit decrease"	[0.14-0.34]	NRG1	"Major depressive disorder"	"major depressive disorder"	-	GCST005231	8:32600452	29317602	"Hall LS"
rs12547341-A	5E-6	-	NR	-	"0.08 unit increase"	[0.041-0.119]	PRR13P7,RN7SKP231	"Major depressive disorder"	"major depressive disorder"	-	GCST005231	8:91690290	29317602	"Hall LS"
rs145478122-A	9E-6	-	NR	-	"0.3 unit decrease"	[0.16-0.44]	CFAP418-AS1	"Major depressive disorder"	"major depressive disorder"	-	GCST005231	8:95436361	29317602	"Hall LS"
rs116233998-A	7E-6	(males)	NR	-	"0.47 unit decrease"	[0.27-0.67]	MRPS33P3,RPF2P2	"Major depressive disorder"	"major depressive disorder"	-	GCST005231	4:115213661	29317602	"Hall LS"
rs255428-A	3E-6	(males)	NR	-	"0.13 unit increase"	[0.071-0.189]	HTR1A,ISCA1P1	"Major depressive disorder"	"major depressive disorder"	-	GCST005231	5:63551062	29317602	"Hall LS"
rs9300648-T	6E-6	-	NR	-	"0.16 unit decrease"	[0.1-0.22]	NALCN	"Recurrent major depressive disorder"	"major depressive disorder"	-	GCST005230	13:101106989	29317602	"Hall LS"
rs4438172-A	9E-7	-	0.25	-	"0.11 unit increase"	[0.071-0.149]	LINC00567,RPL21P107	"Recurrent major depressive disorder"	"major depressive disorder"	-	GCST005230	13:110796311	29317602	"Hall LS"
rs60716536-A	3E-6	-	NR	-	"0.13 unit decrease"	[0.071-0.189]	LINC02304	"Recurrent major depressive disorder"	"major depressive disorder"	-	GCST005230	14:97156881	29317602	"Hall LS"
rs1486437-A	9E-6	-	NR	-	"0.13 unit decrease"	[0.071-0.189]	LINC01571,LINC00919	"Recurrent major depressive disorder"	"major depressive disorder"	-	GCST005230	16:51865949	29317602	"Hall LS"
rs1792737-C	2E-6	-	NR	-	"0.1 unit decrease"	[0.061-0.139]	LINC01539	"Recurrent major depressive disorder"	"major depressive disorder"	-	GCST005230	18:56179136	29317602	"Hall LS"
rs4941058-C	1E-6	-	NR	-	"0.13 unit decrease"	[0.071-0.189]	LINC01544,RNF152	"Recurrent major depressive disorder"	"major depressive disorder"	-	GCST005230	18:61780992	29317602	"Hall LS"
rs8140097-T	2E-6	-	NR	-	"0.12 unit increase"	[0.081-0.159]	LINC00895,CLDN5	"Recurrent major depressive disorder"	"major depressive disorder"	-	GCST005230	22:19549739	29317602	"Hall LS"
rs5760842-A	2E-6	-	NR	-	"0.09 unit decrease"	[0.051-0.129]	KIAA1671	"Recurrent major depressive disorder"	"major depressive disorder"	-	GCST005230	22:25087024	29317602	"Hall LS"
rs2715157-?	3E-8	-	0.52	1.27	-	[1.16-1.37]	PCLO	"Major depressive disorder"	"major depressive disorder"	-	GCST004486	7:82839058	28540843	"Mbarek H"
"rs1064346-A,rs9374021-G,rs9372177-A,rs12567-A,rs218289-A,rs6921166-G,rs2001144-A,rs2097525-G,rs4245535-G,rs17069274-A,rs218294-A,rs9374007-A,rs17069204-A,rs7769535-A,rs4332013-A,rs9374002-G,rs9320250-A,rs9400180-G,rs2027876-G,rs7769514-A,rs17069173-A,rs9374013-G,rs4946900-G,rs9386694-A,rs6919324-G,rs9486815-G,rs12180499-A"	3E-7	-	NR	1.26	-	[1.16-1.37]	"OSTM1; OSTM1; OSTM1; OSTM1; OSTM1; OSTM1-AS1; OSTM1; OSTM1; OSTM1; OSTM1; OSTM1-AS1; OSTM1; OSTM1-AS1; OSTM1; OSTM1-AS1; OSTM1; OSTM1; OSTM1; RPL3P7 - OSTM1; OSTM1; OSTM1; OSTM1; OSTM1; OSTM1; RPL3P7 - OSTM1; OSTM1; OSTM1; RPL3P7 - OSTM1; OSTM1; OSTM1; OSTM1-AS1; OSTM1"	"Major depressive disorder"	"major depressive disorder"	-	GCST005108	"6:108043747,6:108106220,6:108030851,6:108043378,6:108133233,6:108072019,6:108086458,6:108036788,6:108128008,6:108124819,6:108130689,6:108037124,6:108040786,6:108091556,6:108018159,6:108030386,6:108044454,6:108033694,6:108066028,6:108091510,6:108017063,6:108060143,6:108094188,6:108025473,6:108121018,6:108126842,6:108116042"	29187746	"Howard DM"
"rs387673-G,rs12413638-G,rs7096965-G,rs10458787-G,rs2647337-A,rs7080649-A,rs11252688-A,rs7900146-A,rs10904299-A,rs17297024-G,rs7899916-G,rs313462-G,rs4146653-A,rs7896112-G,rs1869210-A,rs11252615-A,rs11252631-G,rs313430-A,rs11814411-A,rs10904321-G,rs374802-G,rs11252622-G,rs2165953-G,rs17133449-G,rs7089195-A,rs313451-A,rs1838239-G,rs10904319-A,rs11252674-G,rs11596789-A,rs2894969-G,rs1838238-A,rs313455-G,rs7893291-C,rs12255709-A,rs10508287-A,rs1391511-G,rs17372054-G,rs10508288-A,rs11252679-A,rs12775823-A,rs313452-C,rs10904328-G,rs745782-A,rs1498274-A,rs313445-A,rs11598678-C,rs11252717-G,rs10508290-G,rs17133585-A,rs2028690-A,rs313500-G,rs7068675-C,rs6601853-G,rs17298157-G,rs2397839-A,rs12251644-C,rs7906409-A,rs569744-G,rs10904300-A,rs313435-G,rs1498273-A,rs416990-A,rs381443-A,rs433430-G,rs372744-A,rs313438-A,rs2123348-G,rs10795187-A,rs10904290-A,rs1039197-C,rs9423544-A,rs6601855-G,rs10904323-G,rs10904332-C,rs11252715-G,rs7082636-A,rs10904333-G,rs1008042-A,rs715987-A,rs1443852-A,rs1353703-A,rs2088500-G,rs7916170-G,rs4881340-A,rs11818567-A,rs167511-A,rs11252672-G,rs1498271-A,rs11252607-G,rs12357812-A,rs1901632-A"	8E-8	-	NR	1.67	-	[1.4-1.98]	"RNU6-163P - MANCR; RNU6-163P - MANCR; MANCR; MANCR; MANCR; LINC00705; LINC00705 - AKR1E2; LINC00705 - AKR1E2; LINC00705 - AKR1E2; MANCR; MANCR; LINC00705 - AKR1E2; MANCR; LINC00705 - AKR1E2; LINC00705 - AKR1E2; LINC00705 - AKR1E2; MANCR; MANCR; MANCR; LINC00705; RNU6-163P - MANCR; LINC00705 - AKR1E2; RNU6-163P - MANCR; MANCR; MANCR; LINC00705; LINC00705 - AKR1E2; RNU6-163P - MANCR; MANCR; MANCR; LINC00705; LINC00705 - AKR1E2; LINC00705 - AKR1E2; LINC00705 - AKR1E2; LINC00705 - AKR1E2; MANCR; MANCR; LINC00705 - AKR1E2; MANCR; MANCR; LINC00705; MANCR; LINC00705; LINC00705 - AKR1E2; LINC00705 - AKR1E2; LINC00705 - AKR1E2; MANCR; MANCR; LINC00705 - AKR1E2; RNU6-163P - MANCR; MANCR; MANCR; MANCR; LINC00705; LINC00705 - AKR1E2; LINC00705 - AKR1E2; LINC00705 - AKR1E2; RNU6-163P - MANCR; RNU6-163P - MANCR; LINC00705 - AKR1E2; MANCR; MANCR; LINC00705 - AKR1E2; LINC00705 - AKR1E2; RNU6-163P - MANCR; MANCR; MANCR; MANCR; LINC00705 - AKR1E2; RNU6-163P - MANCR; MANCR; LINC00705 - AKR1E2; RNU6-163P - MANCR; MANCR; LINC00705 - AKR1E2; RNU6-163P - MANCR; RNU6-163P - MANCR; MANCR; LINC00705 - AKR1E2; LINC00705 - AKR1E2; LINC00705 - AKR1E2; LINC00705 - AKR1E2; LINC00705 - AKR1E2; LINC00705 - AKR1E2; LINC00705 - AKR1E2; MANCR; RNU6-163P - MANCR; MANCR; MANCR; MANCR; LINC00705; LINC00705 - AKR1E2; LINC00705 - AKR1E2; MANCR; LINC00705; LINC00705 - AKR1E2; MANCR; MANCR; LINC00705 - AKR1E2; LINC00705 - AKR1E2"	"Major depressive disorder"	"major depressive disorder"	-	GCST005108	"10:4551840,10:4568452,10:4606238,10:4613373,10:4655386,10:4688889,10:4732373,10:4772490,10:4603975,10:4608958,10:4744649,10:4632143,10:4740649,10:4754837,10:4766428,10:4599964,10:4629845,10:4669572,10:4546069,10:4704153,10:4562357,10:4607844,10:4674350,10:4715926,10:4569344,10:4647177,10:4673826,10:4699650,10:4711230,10:4738626,10:4757415,10:4605314,10:4651821,10:4769511,10:4646946,10:4658776,10:4677604,10:4737131,10:4738837,10:4714395,10:4605077,10:4647650,10:4730412,10:4562794,10:4586424,10:4638718,10:4657200,10:4757998,10:4763511,10:4766453,10:4577409,10:4570498,10:4704478,10:4630501,10:4642724,10:4727187,10:4738206,10:4564661,10:4590787,10:4606242,10:4643039,10:4685899,10:4554416,10:4579559,10:4691936,10:4556241,10:4641666,10:4737019,10:4567598,10:4574670,10:4617005,10:4775773,10:4683148,10:4706048,10:4746246,10:4757862,10:4780018,10:4750385,10:4583381,10:4556711,10:4599019,10:4643523,10:4645340,10:4679279,10:4749526,10:4770962,10:4673284,10:4710279,10:4585599,10:4596451,10:4756564,10:4771019"	29187746	"Howard DM"
"rs12915940-G,rs10519199-A,rs7178085-C,rs16952958-A,rs11070668-A,rs11070664-A,rs4491452-A,rs934741-G,rs2413923-A,rs11638748-G,rs8031813-A,rs12593599-G,rs4774529-G,rs10851473-G,rs4608275-G,rs4775789-A,rs12915772-A,rs12440434-A,rs16961929-G,rs11070670-A,rs7164451-A,rs7178573-G,rs11070665-G,rs11636875-A,rs1007662-G,rs17384124-A,rs10519201-C,rs4474633-G"	4E-6	-	NR	1.41	-	[1.22-1.61]	SHC4,KRT8P24	"Major depressive disorder"	"major depressive disorder"	-	GCST005108	"15:48950608,15:48927578,15:48932926,15:48931985,15:48946587,15:48928420,15:48935624,15:48914705,15:48930379,15:48933194,15:48961764,15:48917435,15:48925770,15:48938468,15:48924133,15:48955323,15:48920410,15:48930049,15:48941181,15:48959170,15:48921859,15:48927239,15:48929056,15:48961280,15:48923112,15:48926310,15:48929394,15:48968404"	29187746	"Howard DM"
rs9943849-T	3E-6	-	0.73	1.37	-	[1.20-1.56]	CPM,CPSF6	"Major depressive disorder"	"major depressive disorder"	-	GCST000743	12:68976976	20673876	"Rietschel M"
rs7713917-G	1E-6	-	0.60	1.33	-	[1.19-1.49]	Y_RNA,RPL7AP32	"Major depressive disorder"	"major depressive disorder"	-	GCST000743	5:79533426	20673876	"Rietschel M"
rs10520045-T	7E-6	-	0.27	1.32	-	[1.17-1.50]	LINC02853	"Major depressive disorder"	"major depressive disorder"	-	GCST000743	15:36021764	20673876	"Rietschel M"
rs13074924-?	9E-6	-	0.36	1.18	-	[NR]	RPL8P4,ANAPC15P2	"Major depressive disorder"	"major depressive disorder"	-	GCST000689	3:174311255	20516156	"Lewis CM"
rs310501-?	7E-6	-	0.33	1.16	-	[NR]	VCAN,HAPLN1	"Major depressive disorder"	"major depressive disorder"	-	GCST000689	5:83594091	20516156	"Lewis CM"
rs606149-?	3E-6	-	0.46	1.25	-	[NR]	EEF1A1P14,RPL23AP22	"Major depressive disorder"	"major depressive disorder"	-	GCST000689	1:193952418	20516156	"Lewis CM"
rs4709845-?	9E-6	-	0.85	1.21	-	[NR]	C6orf118,RN7SL366P	"Major depressive disorder"	"major depressive disorder"	-	GCST000689	6:164479565	20516156	"Lewis CM"
rs161645-A	8E-8	-	0.34	-	-	-	RNU6-334P,NIHCOLE	"Depression (quantitative trait)"	"major depressive disorder"	-	GCST001802	5:104734216	23290196	"Hek K"
rs8020095-A	3E-6	-	0.17	-	-	-	GPHN	"Depression (quantitative trait)"	"major depressive disorder"	-	GCST001802	14:66987141	23290196	"Hek K"
rs1558477-?	3E-7	-	NR	-	-	-	ADCYAP1R1,NEUROD6	"Major depressive disorder"	"major depressive disorder"	-	GCST001083	7:31115733	21621269	"Aragam N"
rs8023445-?	2E-6	-	NR	-	-	-	SHC4	"Major depressive disorder"	"major depressive disorder"	-	GCST001083	15:48900594	21621269	"Aragam N"
rs7565124-?	2E-6	-	NR	-	-	-	LAPTM4A-DT	"Major depressive disorder"	"major depressive disorder"	-	GCST001083	2:20061924	21621269	"Aragam N"
rs1780436-?	3E-6	-	NR	-	-	-	LINC02629,PARD3	"Major depressive disorder"	"major depressive disorder"	-	GCST001083	10:33968684	21621269	"Aragam N"
rs2715148-?	1E-6	-	NR	-	-	-	PCLO	"Major depressive disorder"	"major depressive disorder"	-	GCST001083	7:82820719	21621269	"Aragam N"
rs1969253-?	5E-6	-	NR	-	-	-	DVL3	"Major depressive disorder"	"major depressive disorder"	-	GCST001469	3:184158724	22472876	"Sullivan PF"
rs2173763-?	6E-6	-	NR	-	-	-	PARP15	"Major depressive disorder"	"major depressive disorder"	-	GCST001469	3:122610313	22472876	"Sullivan PF"
rs2721937-?	8E-6	-	NR	-	-	-	TRPS1	"Major depressive disorder"	"major depressive disorder"	-	GCST001469	8:115621472	22472876	"Sullivan PF"
rs4478239-?	5E-6	-	NR	-	-	-	LINC02514,LINC02374	"Major depressive disorder"	"major depressive disorder"	-	GCST001469	4:187270152	22472876	"Sullivan PF"
rs9646303-?	5E-6	-	NR	-	-	-	ZCCHC14	"Major depressive disorder"	"major depressive disorder"	-	GCST001469	16:87428363	22472876	"Sullivan PF"
rs2017305-A	9E-6	-	0.92	-	"0.22 unit decrease"	[NR]	DDX50,DDX21	"Depression (quantitative trait)"	"major depressive disorder"	-	GCST000779	10:68952306	20800221	"Terracciano A"
rs12912233-T	6E-7	-	0.46	-	"0.15 unit increase"	[NR]	RORA	"Depression (quantitative trait)"	"major depressive disorder"	-	GCST000779	15:60974897	20800221	"Terracciano A"
rs1927745-A	5E-6	-	0.24	-	"0.16 unit decrease"	[NR]	PPIAP24,NALF1	"Depression (quantitative trait)"	"major depressive disorder"	-	GCST000779	13:107127968	20800221	"Terracciano A"
rs349475-T	2E-6	-	0.29	-	"0.18 unit increase"	[NR]	CDH18,HSPD1P15	"Depression (quantitative trait)"	"major depressive disorder"	-	GCST000779	5:19440059	20800221	"Terracciano A"
rs8070473-T	2E-6	-	0.32	-	"0.16 unit decrease"	[NR]	SLFN12L	"Depression (quantitative trait)"	"major depressive disorder"	-	GCST000779	17:35516493	20800221	"Terracciano A"
rs11009175-A	5E-6	-	0.17	-	"0.16 unit increase"	[NR]	ITGB1-DT	"Depression (quantitative trait)"	"major depressive disorder"	-	GCST000779	10:33005847	20800221	"Terracciano A"
rs1449984-A	7E-6	-	0.72	-	"0.15 unit decrease"	[NR]	RN7SKP27,LINC02923	"Depression (quantitative trait)"	"major depressive disorder"	-	GCST000779	2:23191780	20800221	"Terracciano A"
rs12420464-T	3E-6	-	0.04	-	"0.38 unit decrease"	[NR]	EIF3F	"Depression (quantitative trait)"	"major depressive disorder"	-	GCST000779	11:7993230	20800221	"Terracciano A"
rs10514585-A	5E-6	-	0.31	-	"0.15 unit increase"	[NR]	CDH13	"Depression (quantitative trait)"	"major depressive disorder"	-	GCST000779	16:83250733	20800221	"Terracciano A"
rs17864092-T	6E-6	-	0.90	-	"0.17 unit decrease"	[NR]	GRM8	"Depression (quantitative trait)"	"major depressive disorder"	-	GCST000779	7:126999550	20800221	"Terracciano A"
rs10744304-A	9E-6	-	0.63	-	"0.15 unit decrease"	[NR]	LINC02375	"Depression (quantitative trait)"	"major depressive disorder"	-	GCST000779	12:127329196	20800221	"Terracciano A"
rs644695-A	5E-6	-	0.88	1.35	-	[NR]	LINC00578	"Major depressive disorder (broad)"	"major depressive disorder"	-	GCST000551	3:177573909	20038947	"Shyn SI"
rs5990417-T	6E-6	-	0.83	1.23	-	[NR]	RPS7P13,KAT7P1	"Major depressive disorder (broad)"	"major depressive disorder"	-	GCST000551	X:95824871	20038947	"Shyn SI"
rs1106634-A	7E-7	-	0.14	1.3	-	[NR]	ATP6V1B2	"Major depressive disorder (broad)"	"major depressive disorder"	-	GCST000551	8:20208538	20038947	"Shyn SI"
rs17144465-G	8E-7	-	0.03	1.56	-	[NR]	SP4	"Major depressive disorder (broad)"	"major depressive disorder"	-	GCST000551	7:21464809	20038947	"Shyn SI"
rs9870680-T	1E-6	-	0.44	1.19	-	[NR]	GRM7	"Major depressive disorder (broad)"	"major depressive disorder"	-	GCST000551	3:7487868	20038947	"Shyn SI"
rs2326810-G	7E-6	-	0.92	1.41	-	[NR]	LY86-AS1,LY86	"Major depressive disorder (broad)"	"major depressive disorder"	-	GCST000551	6:6612234	20038947	"Shyn SI"
rs1612122-T	7E-6	-	0.48	1.17	-	[NR]	LINC01517,LYZL1	"Major depressive disorder (broad)"	"major depressive disorder"	-	GCST000551	10:29002969	20038947	"Shyn SI"
rs10265216-A	3E-6	-	0.28	1.19	-	[NR]	MKLN1	"Major depressive disorder (broad)"	"major depressive disorder"	-	GCST000551	7:131215362	20038947	"Shyn SI"
rs724568-C	5E-6	-	0.36	1.17	-	[NR]	LINC01812,LINC02831	"Major depressive disorder (broad)"	"major depressive disorder"	-	GCST000551	2:67715348	20038947	"Shyn SI"
rs4238010-G	6E-6	-	0.02	1.72	-	-	HSPA8P5,PARP11-AS1	"Major depressive disorder"	"major depressive disorder"	-	GCST000304	12:4009151	19107115	"Muglia P"
rs4625554-G	9E-6	"(% improvement - SSRI treated - 12 weeks)"	0.2996789	-	"0.1927 unit increase"	[0.11-0.28]	TIGAR,CCND2	"Major depressive disorder"	"major depressive disorder"	-	GCST001850	12:4307138	23377640	"GENDEP Investigators"
rs2546057-A	3E-7	"(% improvement - 12 weeks)"	0.52	1.183	-	[1.12-1.24]	SUNO1,KCTD15	"Major depressive disorder"	"major depressive disorder"	-	GCST001850	19:33829949	23377640	"GENDEP Investigators"
rs364477-C	4E-6	"(remission - SSRI treated - 12 weeks)"	0.2154931	1.6925	-	[1.47-1.92]	DMRT1	"Major depressive disorder"	"major depressive disorder"	-	GCST001850	9:955794	23377640	"GENDEP Investigators"
rs8012941-G	4E-6	"(remission - SSRI treated - 12 weeks)"	0.4975174	1.5387	-	[1.35-1.72]	KCNH5	"Major depressive disorder"	"major depressive disorder"	-	GCST001850	14:62855629	23377640	"GENDEP Investigators"
rs2377360-G	9E-6	"(remission - SSRI treated - 12 weeks)"	0.2632403	1.6	-	[1.39-1.81]	ESRRG	"Major depressive disorder"	"major depressive disorder"	-	GCST001850	1:217027541	23377640	"GENDEP Investigators"
rs12054895-T	3E-8	"(% improvement - SSRI treated - 2 weeks)"	0.275456	-	"0.2428 unit increase"	[0.16-0.33]	LINC02103,PURPL	"Major depressive disorder"	"major depressive disorder"	-	GCST001850	5:27611324	23377640	"GENDEP Investigators"
rs7174755-C	3E-7	"(% improvement - SSRI treated - 2 weeks)"	0.3690476	-	"0.2048 unit decrease"	[0.13-0.28]	ITGA11	"Major depressive disorder"	"major depressive disorder"	-	GCST001850	15:68304789	23377640	"GENDEP Investigators"
rs17692896-A	7E-7	"(% improvement - SSRI treated - 2 weeks)"	0.0739179	-	"0.4395 unit decrease"	[0.27-0.61]	ANKRD27	"Major depressive disorder"	"major depressive disorder"	-	GCST001850	19:32598525	23377640	"GENDEP Investigators"
rs10484358-T	1E-6	"(% improvement - SSRI treated - 2 weeks)"	0.0827112	-	"0.4258 unit decrease"	[0.25-0.6]	GMPR	"Major depressive disorder"	"major depressive disorder"	-	GCST001850	6:16255812	23377640	"GENDEP Investigators"
rs7174755-T	9E-7	"(% improvement - 2 weeks)"	0.63	1.168	-	[1.11-1.23]	ITGA11	"Major depressive disorder"	"major depressive disorder"	-	GCST001850	15:68304789	23377640	"GENDEP Investigators"
rs912988-T	6E-6	"(% improvement - SSRI treated - 2 weeks)"	0.3630374	-	"0.1825 unit increase"	[0.1-0.26]	LINC02782,MIR4689	"Major depressive disorder"	"major depressive disorder"	-	GCST001850	1:5294784	23377640	"GENDEP Investigators"
rs12513663-T	2E-6	"(% improvement - 2 weeks)"	0.268	1.184	-	[1.11-1.26]	ZNF608,LINC01170	"Major depressive disorder"	"major depressive disorder"	-	GCST001850	5:124496959	23377640	"GENDEP Investigators"
rs6799788-G	1E-6	"(partial response - SSRI treated - 2 weeks)"	0.2476976	1.6268	-	[1.43-1.82]	IL12A-AS1	"Major depressive disorder"	"major depressive disorder"	-	GCST001850	3:159926508	23377640	"GENDEP Investigators"
rs10065906-C	2E-6	"(partial response - SSRI treated - 2 weeks)"	0.3622876	1.5298	-	[1.36-1.7]	LINC01845,LINC01847	"Major depressive disorder"	"major depressive disorder"	-	GCST001850	5:159580770	23377640	"GENDEP Investigators"
rs1822818-T	6E-6	"(partial response - SSRI treated - 2 weeks)"	0.87	1.7737	-	[1.53-2.02]	RASGEF1B	"Major depressive disorder"	"major depressive disorder"	-	GCST001850	4:81541443	23377640	"GENDEP Investigators"
rs12210761-A	6E-6	"(partial response - SSRI treated - 2 weeks)"	0.0676606	2.4458	-	[2.06-2.83]	RPL21P62,RPL7AP36	"Major depressive disorder"	"major depressive disorder"	-	GCST001850	6:10175803	23377640	"GENDEP Investigators"
rs2462686-C	9E-6	"(partial response - SSRI treated - 2 weeks)"	0.3509068	1.4872	-	[1.31-1.66]	FTLP15,IGFBP3	"Major depressive disorder"	"major depressive disorder"	-	GCST001850	7:45942861	23377640	"GENDEP Investigators"
rs12552369-A	8E-6	"(% improvement - 2 weeks)"	0.494	1.155	-	[1.1-1.21]	AK8	"Major depressive disorder"	"major depressive disorder"	-	GCST001850	9:132757106	23377640	"GENDEP Investigators"
rs166040-G	5E-6	"(partial response - 2 weeks)"	0.87	1.6054	-	[1.41-1.8]	PCDH1,ARAP3	"Major depressive disorder"	"major depressive disorder"	-	GCST001850	5:141831188	23377640	"GENDEP Investigators"
rs17538444-T	4E-7	"(% improvement - SSRI treated - 12 weeks)"	0.0698752	-	"0.3905 unit decrease"	[0.24-0.54]	ENOX1	"Major depressive disorder"	"major depressive disorder"	-	GCST001850	13:43260134	23377640	"GENDEP Investigators"
rs6598266-A	3E-6	"(% improvement - SSRI treated - 12 weeks)"	0.1427493	-	"0.2543 unit increase"	[0.15-0.36]	RN7SL484P,LYSMD4	"Major depressive disorder"	"major depressive disorder"	-	GCST001850	15:99759034	23377640	"GENDEP Investigators"
rs11149178-A	7E-6	"(% improvement - SSRI treated - 12 weeks)"	0.3560899	-	"0.1777 unit decrease"	[0.1-0.26]	PWWP2AP1,ARF4P4	"Major depressive disorder"	"major depressive disorder"	-	GCST001850	13:80783536	23377640	"GENDEP Investigators"
rs11055387-C	8E-6	"(remission - SSRI treated - 12 weeks)"	0.0895145	2.1853	-	[1.84-2.53]	EMP1,LINC01559	"Major depressive disorder"	"major depressive disorder"	-	GCST001850	12:13367062	23377640	"GENDEP Investigators"
rs17634917-G	6E-6	"(% improvement - SSRI treated - 12 weeks)"	0.0573945	-	"0.3761 unit decrease"	[0.21-0.54]	RFPL4A,NLRP9	"Major depressive disorder"	"major depressive disorder"	-	GCST001850	19:55754298	23377640	"GENDEP Investigators"
rs6534441-C	7E-6	"(% improvement - SSRI treated - 12 weeks)"	0.3328325	-	"0.1801 unit decrease"	[0.1-0.26]	LINC02516,TECRP2	"Major depressive disorder"	"major depressive disorder"	-	GCST001850	4:124494379	23377640	"GENDEP Investigators"
rs17651119-C	2E-8	"(% improvement - 12 weeks)"	0.99	3.1807	-	[2.77-3.59]	MYO10	"Major depressive disorder"	"major depressive disorder"	-	GCST001850	5:16812529	23377640	"GENDEP Investigators"
rs1525293-C	2E-6	"(remission - SSRI treated - 12 weeks)"	0.66	1.7041	-	[1.48-1.92]	AUTS2,GALNT17	"Major depressive disorder"	"major depressive disorder"	-	GCST001850	7:71008019	23377640	"GENDEP Investigators"
rs12410462-A	4E-7	"(% improvement - 12 weeks)"	0.122	1.259	-	[1.16-1.36]	BTF3P9,TUBB8P10	"Major depressive disorder"	"major depressive disorder"	-	GCST001850	1:227480089	23377640	"GENDEP Investigators"
rs17634917-A	3E-6	"(% improvement - 12 weeks)"	0.94	1.371	-	[1.23-1.51]	RFPL4A,NLRP9	"Major depressive disorder"	"major depressive disorder"	-	GCST001850	19:55754298	23377640	"GENDEP Investigators"
rs264272-G	4E-6	"(% improvement - 12 weeks)"	0.52	1.144	-	[1.09-1.2]	PIEZO2	"Major depressive disorder"	"major depressive disorder"	-	GCST001850	18:10923810	23377640	"GENDEP Investigators"
rs9601248-C	2E-6	"(remission - 12 weeks)"	0.498	1.3841	-	[1.25-1.52]	LINC01068,LINC01038	"Major depressive disorder"	"major depressive disorder"	-	GCST001850	13:79594869	23377640	"GENDEP Investigators"
rs2125000-T	3E-6	"(remission - 12 weeks)"	0.307	1.425	-	[1.27-1.58]	PPIAP76,TUBAP10	"Major depressive disorder"	"major depressive disorder"	-	GCST001850	4:124344158	23377640	"GENDEP Investigators"
rs17710780-T	4E-6	"(remission - 12 weeks)"	0.86	1.662	-	[1.45-1.88]	U3,ARHGEF37	"Major depressive disorder"	"major depressive disorder"	-	GCST001850	5:149657413	23377640	"GENDEP Investigators"
rs9466930-C	4E-6	"(remission - 12 weeks)"	0.215	1.501	-	[1.32-1.68]	SPTLC1P2,RNU6-1060P	"Major depressive disorder"	"major depressive disorder"	-	GCST001850	6:23840904	23377640	"GENDEP Investigators"
rs1457614-C	8E-6	"(remission - 12 weeks)"	0.181	1.4652	-	[1.29-1.64]	GRIN2B	"Major depressive disorder"	"major depressive disorder"	-	GCST001850	12:13488772	23377640	"GENDEP Investigators"
rs1673101-A	4E-6	"(% improvement - SSRI treated - 2 weeks)"	0.3312154	-	"0.1877 unit decrease"	[0.11-0.27]	LINC02488	"Major depressive disorder"	"major depressive disorder"	-	GCST001850	5:87738535	23377640	"GENDEP Investigators"
rs10065906-C	2E-6	"(% improvement - 2 weeks)"	0.332	1.1655	-	[1.11-1.22]	LINC01845,LINC01847	"Major depressive disorder"	"major depressive disorder"	-	GCST001850	5:159580770	23377640	"GENDEP Investigators"
rs604222-A	7E-6	"(% improvement - SSRI treated - 2 weeks)"	0.1915251	-	"0.2173 unit increase"	[0.12-0.31]	LINC02038,LINC02026	"Major depressive disorder"	"major depressive disorder"	-	GCST001850	3:193865921	23377640	"GENDEP Investigators"
rs4585146-G	6E-6	"(% improvement - 2 weeks)"	0.65	1.1643	-	[1.11-1.22]	RN7SKP222,FGF12	"Major depressive disorder"	"major depressive disorder"	-	GCST001850	3:192100853	23377640	"GENDEP Investigators"
rs974379-C	8E-6	"(% improvement - 2 weeks)"	0.075	1.2872	-	[1.17-1.4]	FMN1,TMCO5B	"Major depressive disorder"	"major depressive disorder"	-	GCST001850	15:33212866	23377640	"GENDEP Investigators"
rs7742824-A	9E-6	"(% improvement - 2 weeks)"	0.224	1.185	-	[1.11-1.26]	RPL29P16,MRPL14	"Major depressive disorder"	"major depressive disorder"	-	GCST001850	6:44097574	23377640	"GENDEP Investigators"
rs10065906-C	5E-8	"(partial response - 2 weeks)"	0.308	1.4712	-	[1.33-1.61]	LINC01845,LINC01847	"Major depressive disorder"	"major depressive disorder"	-	GCST001850	5:159580770	23377640	"GENDEP Investigators"
rs10174573-T	2E-6	"(partial response - 2 weeks)"	0.57	1.564	-	[1.39-1.74]	PCGEM1,SLC44A3P1	"Major depressive disorder"	"major depressive disorder"	-	GCST001850	2:192877447	23377640	"GENDEP Investigators"
rs1706631-T	6E-6	"(partial response - 2 weeks)"	0.408	1.3548	-	[1.22-1.49]	TIMM17BP1,LINC02378	"Major depressive disorder"	"major depressive disorder"	-	GCST001850	12:17509301	23377640	"GENDEP Investigators"
rs12500612-G	7E-6	"(partial response - 2 weeks)"	0.85	1.7665	-	[1.51-2.02]	LINC02473,HNRNPA1P65	"Major depressive disorder"	"major depressive disorder"	-	GCST001850	4:24739335	23377640	"GENDEP Investigators"
rs1034394-G	2E-6	"(% improvement - SSRI treated - 12 weeks)"	0.3390146	-	"0.2107 unit increase"	[0.12-0.3]	ACO2P1,LINC01643	"Major depressive disorder"	"major depressive disorder"	-	GCST001850	22:34427837	23377640	"GENDEP Investigators"
rs264272-T	3E-6	"(% improvement - SSRI treated - 12 weeks)"	0.4874733	-	"0.1712 unit decrease"	[0.099-0.243]	PIEZO2	"Major depressive disorder"	"major depressive disorder"	-	GCST001850	18:10923810	23377640	"GENDEP Investigators"
rs398426-T	5E-6	"(% improvement - SSRI treated - 12 weeks)"	0.2588456	-	"0.2513 unit decrease"	[0.14-0.36]	KCTD15,SUNO1	"Major depressive disorder"	"major depressive disorder"	-	GCST001850	19:33830353	23377640	"GENDEP Investigators"
rs4585146-A	3E-7	"(% improvement - SSRI treated - 2 weeks)"	0.362271	-	"0.2208 unit decrease"	[0.14-0.31]	RN7SKP222,FGF12	"Major depressive disorder"	"major depressive disorder"	-	GCST001850	3:192100853	23377640	"GENDEP Investigators"
rs1481631-?	2E-6	-	NR	-	-	-	LINC00973	"Major depressive disorder"	"major depressive disorder"	-	GCST006582	3:98969178	20351715	"Liu Y"
rs2247523-?	5E-6	-	NR	-	-	-	PCLO	"Major depressive disorder"	"major depressive disorder"	-	GCST006582	7:82825088	20351715	"Liu Y"
rs1780436-?	7E-6	-	NR	-	-	-	LINC02629,PARD3	"Major depressive disorder"	"major depressive disorder"	-	GCST006582	10:33968684	20351715	"Liu Y"
rs11579964-C	4E-6	-	0.84	1.19	-	[NR]	NVL,CNIH4	"Major depressive disorder"	"major depressive disorder"	-	GCST000856	1:224351238	21042317	"Wray NR"
rs12446956-C	1E-6	-	0.13	1.22	-	[NR]	LOHAN2,ZFHX3	"Major depressive disorder"	"major depressive disorder"	-	GCST000856	16:73467637	21042317	"Wray NR"
rs7647854-G	5E-6	-	0.16	1.19	-	[NR]	C3orf70,EHHADH-AS1	"Major depressive disorder"	"major depressive disorder"	-	GCST000856	3:185158995	21042317	"Wray NR"
rs12457996-T	6E-6	-	0.77	1.15	-	[NR]	RNA5SP455,SYT4	"Major depressive disorder"	"major depressive disorder"	-	GCST000856	18:43292308	21042317	"Wray NR"
rs8050326-A	3E-7	-	0.44	1.45	-	[1.26-1.76]	LINC02132,LINC01082	"Major depressive disorder"	"major depressive disorder"	-	GCST002095	16:86070536	23857890	"Power RA"
rs11152166-?	3E-6	-	0.58	1.41	-	[1.22-1.61]	CCBE1	"Major depressive disorder"	"major depressive disorder"	-	GCST002095	18:59647575	23857890	"Power RA"
rs950893-G	2E-6	-	0.28	-	"4.76 z score decrease"	-	RNU4-71P,SLC25A37	"Major depressive disorder"	"major depressive disorder"	-	GCST005691	8:23592997	29495898	"Peterson RE"
rs12415800-A	5E-7	-	0.46	-	"5.02 z score increase"	-	RPL12P8,RNU6-523P	"Major depressive disorder"	"major depressive disorder"	-	GCST005691	10:67864422	29495898	"Peterson RE"
rs35936514-T	2E-6	-	0.26	-	"4.78 z score decrease"	-	LHPP	"Major depressive disorder"	"major depressive disorder"	-	GCST005691	10:124556401	29495898	"Peterson RE"
rs7526682-G	3E-8	-	0.13	-	"5.54 z score increase"	-	LPGAT1	"Major depressive disorder (unexposed to adversity)"	"major depressive disorder"	-	GCST005689	1:211800608	29495898	"Peterson RE"
rs11577545-T	3E-8	-	0.21	-	"5.54 z score increase"	-	STUM,ITPKB	"Major depressive disorder (unexposed to adversity)"	"major depressive disorder"	-	GCST005689	1:226611382	29495898	"Peterson RE"
rs950893-G	7E-9	-	0.28	-	"5.79 z score decrease"	-	RNU4-71P,SLC25A37	"Major depressive disorder (unexposed to adversity)"	"major depressive disorder"	-	GCST005689	8:23592997	29495898	"Peterson RE"
rs12415800-A	3E-6	-	0.46	-	"4.66 z score increase"	-	RPL12P8,RNU6-523P	"Major depressive disorder (unexposed to adversity)"	"major depressive disorder"	-	GCST005689	10:67864422	29495898	"Peterson RE"
rs2422320-T	2E-11	-	0.43	-	-	-	LINC02796	"Broad depression or major depressive disorder (self-reported)"	"major depressive disorder"	-	GCST007254	1:72827649	30626913	"Amare AT"
rs7714851-T	8E-16	-	0.52	-	-	-	LINC03000	"Broad depression or major depressive disorder (self-reported)"	"major depressive disorder"	-	GCST007254	5:165048768	30626913	"Amare AT"
rs9368649-A	1E-8	-	0.14	-	-	-	NAPGP2,MUC21	"Broad depression or major depressive disorder (self-reported)"	"major depressive disorder"	-	GCST007254	6:30971106	30626913	"Amare AT"
rs9323497-T	4E-9	-	0.05	-	-	-	PLEK2	"Broad depression or major depressive disorder (recurrent)"	"major depressive disorder"	-	GCST007256	14:67406411	30626913	"Amare AT"
rs41310573-?	4E-20	-	NR	-	-	-	OR2T12	"Major depressive disorder"	"major depressive disorder"	-	GCST005547	1:248295464	27777418	"Wong ML"
rs201935337-?	5E-11	-	NR	-	-	-	TMEM150B	"Major depressive disorder"	"major depressive disorder"	-	GCST005547	19:55320451	27777418	"Wong ML"
rs140395831-?	3E-10	-	NR	-	-	-	PRR5-ARHGAP8,ARHGAP8	"Major depressive disorder"	"major depressive disorder"	-	GCST005547	22:44859739	27777418	"Wong ML"
rs56293203-?	2E-9	-	NR	-	-	-	MUC5B	"Major depressive disorder"	"major depressive disorder"	-	GCST005547	11:1226857	27777418	"Wong ML"
rs78562453-?	6E-8	-	NR	-	-	-	MAB21L4	"Major depressive disorder"	"major depressive disorder"	-	GCST005547	2:240891738	27777418	"Wong ML"
rs115054458-?	3E-7	-	NR	-	-	-	TRIO	"Major depressive disorder"	"major depressive disorder"	-	GCST005547	5:14488019	27777418	"Wong ML"
rs143696449-?	5E-7	-	NR	-	-	-	ANO8	"Major depressive disorder"	"major depressive disorder"	-	GCST005547	19:17324842	27777418	"Wong ML"
rs748441912-?	5E-7	-	NR	-	-	-	KRBA1	"Major depressive disorder"	"major depressive disorder"	-	GCST005547	7:149733387	27777418	"Wong ML"
rs62001028-?	5E-7	-	NR	-	-	-	BCAR3	"Major depressive disorder"	"major depressive disorder"	-	GCST005547	1:93589086	27777418	"Wong ML"
rs150952348-?	7E-7	-	NR	-	-	-	UNC13D	"Major depressive disorder"	"major depressive disorder"	-	GCST005547	17:75828078	27777418	"Wong ML"
rs782472239-?	9E-7	-	NR	-	-	-	ORAI1	"Major depressive disorder"	"major depressive disorder"	-	GCST005547	12:121641369	27777418	"Wong ML"
rs112610420-?	1E-6	-	NR	-	-	-	ADGRE2	"Major depressive disorder"	"major depressive disorder"	-	GCST005547	19:14765351	27777418	"Wong ML"
rs142029931-?	1E-6	-	NR	-	-	-	CNTNAP1	"Major depressive disorder"	"major depressive disorder"	-	GCST005547	17:42691962	27777418	"Wong ML"
rs201483250-?	1E-6	-	NR	-	-	-	LILRA1	"Major depressive disorder"	"major depressive disorder"	-	GCST005547	19:54595276	27777418	"Wong ML"
rs200897153-?	2E-6	-	NR	-	-	-	FASN	"Major depressive disorder"	"major depressive disorder"	-	GCST005547	17:82082645	27777418	"Wong ML"
rs3744550-?	4E-6	-	NR	-	-	-	MYH13,MYHAS	"Major depressive disorder"	"major depressive disorder"	-	GCST005547	17:10303278	27777418	"Wong ML"
rs115668237-?	6E-6	-	NR	-	-	-	SLC2A8	"Major depressive disorder"	"major depressive disorder"	-	GCST005547	9:127405508	27777418	"Wong ML"
rs7647854-G	5E-11	"(50% oldest-onset cases)"	0.16	1.16	-	[1.11-1.21]	C3orf70,EHHADH-AS1	"Major depressive disorder"	"major depressive disorder"	-	GCST003558	3:185158995	27519822	"Power RA"
rs12049330-G	6E-6	-	0.14	1.44	-	-	ATXN7L2	"Major depressive disorder"	"major depressive disorder"	-	GCST000578	1:109488566	20125088	"Shi J"
rs2828520-G	4E-7	-	0.31	1.35	-	-	LINC01684,Y_RNA	"Major depressive disorder"	"major depressive disorder"	-	GCST000578	21:23770802	20125088	"Shi J"
rs6537837-T	1E-6	-	0.17	1.43	-	-	GNAI3	"Major depressive disorder"	"major depressive disorder"	-	GCST000578	1:109577110	20125088	"Shi J"
rs882632-T	2E-6	-	0.29	1.34	-	-	PCARE,TOGARAM2	"Major depressive disorder"	"major depressive disorder"	-	GCST000578	2:29057895	20125088	"Shi J"
rs10514718-C	4E-6	-	0.94	2.12	-	-	PTPRG,FHIT	"Major depressive disorder"	"major depressive disorder"	-	GCST000578	3:61428140	20125088	"Shi J"
rs9572423-G	9E-6	-	0.88	1.54	-	-	ATXN8OS,RNU6-54P	"Major depressive disorder"	"major depressive disorder"	-	GCST000578	13:70272071	20125088	"Shi J"
rs270545-G	1E-6	-	0.69	1.37	-	-	GDNF-AS1	"Major depressive disorder"	"major depressive disorder"	-	GCST000578	5:38051491	20125088	"Shi J"
rs17077540-G	2E-7	-	0.11	1.61	-	-	DSEL-AS1	"Major depressive disorder"	"major depressive disorder"	-	GCST000578	18:67618042	20125088	"Shi J"
rs17144465-G	6E-6	-	0.04	1.82	-	-	SP4	"Major depressive disorder"	"major depressive disorder"	-	GCST000578	7:21464809	20125088	"Shi J"
rs146446086-A	1E-8	-	NR	-	"0.3571 unit increase"	[0.23-0.48]	SGPP2	Depression	"major depressive disorder"	-	GCST90018833	2:222458017	34594039	"Sakaue S"
rs12967855-A	1E-19	-	0.3295	1.021	-	[1.016-1.026]	CELF4	Depression	"major depressive disorder"	-	GCST007342	18:37558282	30718901	"Howard DM"
rs1448938-A	4E-15	-	0.4171	1.017	-	[1.013-1.022]	DCDC1	Depression	"major depressive disorder"	-	GCST007342	11:30871277	30718901	"Howard DM"
rs62091461-C	2E-14	-	0.7726	1.0204082	-	[1.02-1.03]	RAB27B	Depression	"major depressive disorder"	-	GCST007342	18:54821441	30718901	"Howard DM"
rs12966052-G	4E-11	-	0.8195	1.0193679	-	[1.01-1.02]	CCDC68,LINC01929	Depression	"major depressive disorder"	-	GCST007342	18:55084408	30718901	"Howard DM"
rs12967143-G	2E-27	-	0.3016	1.025641	-	[1.02-1.03]	TCF4	Depression	"major depressive disorder"	-	GCST007342	18:55431781	30718901	"Howard DM"
rs7241572-A	3E-13	-	0.201	1.02	-	[1.015-1.026]	KCNG2	Depression	"major depressive disorder"	-	GCST007342	18:79820712	30718901	"Howard DM"
rs56314503-G	1E-16	-	0.2513	1.0204082	-	[1.02-1.03]	RPL6P25,SLC6A15	Depression	"major depressive disorder"	-	GCST007342	12:84071243	30718901	"Howard DM"
rs3213572-A	6E-20	-	0.4745	1.02	-	[1.016-1.024]	SPPL3	Depression	"major depressive disorder"	-	GCST007342	12:120767275	30718901	"Howard DM"
rs143186028-T	7E-18	-	0.1778	1.025	-	[1.019-1.03]	EMILIN3,CHD6	Depression	"major depressive disorder"	-	GCST007342	20:41368764	30718901	"Howard DM"
rs9545360-C	7E-9	-	0.8193	1.017294	-	[1.01-1.02]	LINC01080,SPRY2	Depression	"major depressive disorder"	-	GCST007342	13:80252238	30718901	"Howard DM"
rs4772087-T	2E-20	-	0.3732	1.021	-	[1.017-1.026]	STK24	Depression	"major depressive disorder"	-	GCST007342	13:98462787	30718901	"Howard DM"
rs1956373-G	6E-12	-	0.2564	1.017294	-	[1.01-1.02]	RTN1	Depression	"major depressive disorder"	-	GCST007342	14:59675104	30718901	"Howard DM"
rs9592461-A	1E-28	-	0.4874	1.025	-	[1.02-1.029]	PCDH9	Depression	"major depressive disorder"	-	GCST007342	13:66367660	30718901	"Howard DM"
rs61990288-G	2E-31	-	0.4917	1.025641	-	[1.02-1.03]	LRFN5-DT	Depression	"major depressive disorder"	-	GCST007342	14:41605523	30718901	"Howard DM"
rs8037355-C	2E-18	-	0.4444	1.0193679	-	[1.02-1.02]	Metazoa_SRP,TMCO5A	Depression	"major depressive disorder"	-	GCST007342	15:37351630	30718901	"Howard DM"
rs7193263-G	4E-19	-	0.3321	1.0204082	-	[1.02-1.03]	RBFOX1	Depression	"major depressive disorder"	-	GCST007342	16:6265879	30718901	"Howard DM"
rs12923444-C	2E-24	-	0.4375	1.0235415	-	[1.02-1.03]	METTL9	Depression	"major depressive disorder"	-	GCST007342	16:21628389	30718901	"Howard DM"
rs301799-C	4E-31	-	0.4306	1.025641	-	[1.02-1.03]	RERE,RERE-AS1	Depression	"major depressive disorder"	-	GCST007342	1:8429242	30718901	"Howard DM"
rs75581564-A	3E-13	-	0.1165	1.025	-	[1.018-1.032]	PIPOX	Depression	"major depressive disorder"	-	GCST007342	17:29036732	30718901	"Howard DM"
rs1466887-C	1E-8	-	0.4489	1.0121458	-	[1.01-1.02]	RNA5SP43,RNU6-636P	Depression	"major depressive disorder"	-	GCST007342	1:37243727	30718901	"Howard DM"
rs11579246-A	9E-18	-	0.9067	1.033	-	[1.025-1.04]	ELAVL4	Depression	"major depressive disorder"	-	GCST007342	1:50093490	30718901	"Howard DM"
rs1890946-C	9E-19	-	0.5329	1.0193679	-	[1.02-1.02]	NRDC	Depression	"major depressive disorder"	-	GCST007342	1:51876755	30718901	"Howard DM"
rs10789214-T	4E-10	-	0.5661	1.014	-	[1.009-1.018]	SGIP1	Depression	"major depressive disorder"	-	GCST007342	1:66681134	30718901	"Howard DM"
rs2568958-A	4E-52	-	0.6156	1.034	-	[1.03-1.039]	LINC02796	Depression	"major depressive disorder"	-	GCST007342	1:72299433	30718901	"Howard DM"
rs10890020-G	3E-34	-	0.4844	1.026694	-	[1.02-1.03]	RN7SKP19,LINC01360	Depression	"major depressive disorder"	-	GCST007342	1:73203153	30718901	"Howard DM"
rs113188507-A	3E-21	-	0.2838	1.024	-	[1.019-1.029]	HMGB1P18,HNRNPA1P64	Depression	"major depressive disorder"	-	GCST007342	1:80343951	30718901	"Howard DM"
rs10913112-C	2E-20	-	0.6233	1.0214505	-	[1.02-1.03]	COP1,RPS29P5	Depression	"major depressive disorder"	-	GCST007342	1:175944692	30718901	"Howard DM"
rs72710803-C	1E-10	-	0.0879	1.0245901	-	[1.02-1.03]	LINC01645	Depression	"major depressive disorder"	-	GCST007342	1:177458882	30718901	"Howard DM"
rs169235-G	2E-11	-	0.247	1.017294	-	[1.01-1.02]	CACNA1E	Depression	"major depressive disorder"	-	GCST007342	1:181771788	30718901	"Howard DM"
rs17641524-C	8E-20	-	0.7909	1.0245901	-	[1.02-1.03]	DENND1B	Depression	"major depressive disorder"	-	GCST007342	1:197735587	30718901	"Howard DM"
rs12052908-T	4E-22	-	0.4675	1.0214505	-	[1.02-1.03]	LINC01830	Depression	"major depressive disorder"	-	GCST007342	2:22280172	30718901	"Howard DM"
rs1568452-T	3E-40	-	0.3851	1.03	-	[1.025-1.034]	ACTG1P22,VRK2	Depression	"major depressive disorder"	-	GCST007342	2:57785698	30718901	"Howard DM"
rs7585722-C	5E-13	-	0.1542	1.0214505	-	[1.02-1.03]	RNF103-CHMP3,CHMP3-AS1	Depression	"major depressive disorder"	-	GCST007342	2:86592005	30718901	"Howard DM"
rs1226412-T	3E-18	-	0.7917	1.023	-	[1.018-1.029]	LINC01876	Depression	"major depressive disorder"	-	GCST007342	2:156254801	30718901	"Howard DM"
rs62188629-A	5E-13	-	0.3136	1.017	-	[1.012-1.022]	MYOSLID	Depression	"major depressive disorder"	-	GCST007342	2:207179746	30718901	"Howard DM"
rs4346585-C	5E-12	-	0.304	1.0162601	-	[1.01-1.02]	ZKSCAN7-AS1,SOCS5P3	Depression	"major depressive disorder"	-	GCST007342	3:44695001	30718901	"Howard DM"
rs13084037-G	2E-17	-	0.226	1.0214505	-	[1.02-1.03]	KLHDC8B,CIMIP7	Depression	"major depressive disorder"	-	GCST007342	3:49176633	30718901	"Howard DM"
rs141954845-A	1E-15	-	0.388	1.018	-	[1.014-1.022]	FHIT	Depression	"major depressive disorder"	-	GCST007342	3:61207237	30718901	"Howard DM"
rs6783233-T	1E-13	-	0.2833	1.018	-	[1.013-1.023]	LSAMP,LINC03051	Depression	"major depressive disorder"	-	GCST007342	3:117791137	30718901	"Howard DM"
rs1095626-C	6E-39	-	0.4201	1.0288066	-	[1.02-1.03]	RSRC1	Depression	"major depressive disorder"	-	GCST007342	3:158260173	30718901	"Howard DM"
rs7685686-A	6E-15	-	0.5753	1.017	-	[1.013-1.022]	HTT	Depression	"major depressive disorder"	-	GCST007342	4:3205415	30718901	"Howard DM"
rs34937911-T	5E-13	-	0.8838	1.025	-	[1.018-1.032]	BEND4,SLC30A9	Depression	"major depressive disorder"	-	GCST007342	4:42108336	30718901	"Howard DM"
rs45510091-A	8E-21	-	0.9472	1.047	-	[1.037-1.057]	BLTP1	Depression	"major depressive disorder"	-	GCST007342	4:122265238	30718901	"Howard DM"
rs35553410-C	2E-10	-	0.2538	1.0162601	-	[1.01-1.02]	LINC02479,LINC02465	Depression	"major depressive disorder"	-	GCST007342	4:130316226	30718901	"Howard DM"
rs60157091-T	6E-21	-	0.515	1.021	-	[1.016-1.025]	KIF2A,RN7SKP157	Depression	"major depressive disorder"	-	GCST007342	5:62213828	30718901	"Howard DM"
rs3099439-C	2E-21	-	0.4712	1.0214505	-	[1.02-1.03]	TMEM161B	Depression	"major depressive disorder"	-	GCST007342	5:88249501	30718901	"Howard DM"
rs10061069-G	5E-22	-	0.7788	1.025641	-	[1.02-1.03]	ARB2A,POU5F2	Depression	"major depressive disorder"	-	GCST007342	5:93735924	30718901	"Howard DM"
rs30266-A	2E-45	-	0.3296	1.033	-	[1.028-1.037]	RNU6-334P,NIHCOLE	Depression	"major depressive disorder"	-	GCST007342	5:104636656	30718901	"Howard DM"
rs11135349-C	2E-30	-	0.5287	1.025641	-	[1.02-1.03]	LINC03000	Depression	"major depressive disorder"	-	GCST007342	5:165096466	30718901	"Howard DM"
rs200949-A	2E-37	-	0.8744	1.044	-	[1.037-1.051]	H1-5,H3C11	Depression	"major depressive disorder"	-	GCST007342	6:27867657	30718901	"Howard DM"
rs9363467-T	3E-12	-	0.6035	1.016	-	[1.011-1.021]	ADH5P4,NUFIP1P1	Depression	"major depressive disorder"	-	GCST007342	6:65855810	30718901	"Howard DM"
rs7758630-T	8E-14	-	0.5949	1.0162601	-	[1.01-1.02]	ASCC3,GRIK2	Depression	"major depressive disorder"	-	GCST007342	6:100939428	30718901	"Howard DM"
rs1021363-A	4E-23	-	0.3547	1.023	-	[1.018-1.027]	SORCS3	Depression	"major depressive disorder"	-	GCST007342	10:104851081	30718901	"Howard DM"
rs7227069-A	2E-28	-	0.4326	1.024	-	[1.02-1.029]	DCC	Depression	"major depressive disorder"	-	GCST007342	18:53205432	30718901	"Howard DM"
rs2509805-T	5E-16	-	0.3209	1.019	-	[1.015-1.024]	OR5AZ1P,OR5BA1P	Depression	"major depressive disorder"	-	GCST007342	11:57883324	30718901	"Howard DM"
rs198457-C	5E-14	-	0.8075	1.0214505	-	[1.02-1.03]	DAGLA	Depression	"major depressive disorder"	-	GCST007342	11:61704206	30718901	"Howard DM"
rs58621819-T	2E-10	-	0.2097	1.017294	-	[1.01-1.02]	LTBP3	Depression	"major depressive disorder"	-	GCST007342	11:65547359	30718901	"Howard DM"
rs7117514-G	4E-14	-	0.4583	1.0162601	-	[1.01-1.02]	SHANK2	Depression	"major depressive disorder"	-	GCST007342	11:70698832	30718901	"Howard DM"
rs7932640-T	3E-25	-	0.4417	1.023	-	[1.019-1.027]	GRM5	Depression	"major depressive disorder"	-	GCST007342	11:89011257	30718901	"Howard DM"
rs61902811-G	4E-39	-	0.6318	1.0288066	-	[1.02-1.03]	TMPRSS5,DRD2	Depression	"major depressive disorder"	-	GCST007342	11:113500036	30718901	"Howard DM"
rs57344483-G	5E-9	-	0.0741	1.0245901	-	[1.02-1.03]	LINC02712,KIRREL3-AS3	Depression	"major depressive disorder"	-	GCST007342	11:127152665	30718901	"Howard DM"
rs78337797-T	1E-11	-	0.8781	1.023	-	[1.016-1.03]	SOX5	Depression	"major depressive disorder"	-	GCST007342	12:23834991	30718901	"Howard DM"
rs33431-T	5E-8	-	0.6144	1.012	-	[1.008-1.016]	ZNF536	Depression	"major depressive disorder"	-	GCST007342	19:30449082	30718901	"Howard DM"
rs1409379-T	8E-11	-	0.7641	1.017	-	[1.012-1.022]	B3GLCT,RXFP2	Depression	"major depressive disorder"	-	GCST007342	13:31333604	30718901	"Howard DM"
rs1343605-A	2E-25	-	0.384	1.023	-	[1.019-1.028]	LINC01065,OLFM4	Depression	"major depressive disorder"	-	GCST007342	13:53072913	30718901	"Howard DM"
rs12624433-A	2E-14	-	0.2584	1.019	-	[1.014-1.024]	SLC12A5	Depression	"major depressive disorder"	-	GCST007342	20:46052214	30718901	"Howard DM"
rs5995992-C	3E-35	-	0.2845	1.0309278	-	[1.03-1.04]	EP300,ACTBP15	Depression	"major depressive disorder"	-	GCST007342	22:41091214	30718901	"Howard DM"
rs1152578-C	4E-12	-	0.5643	1.0152284	-	[1.01-1.02]	ESR2	Depression	"major depressive disorder"	-	GCST007342	14:64230319	30718901	"Howard DM"
rs10149470-G	7E-22	-	0.5131	1.0204082	-	[1.02-1.02]	RNU7-160P,BAG5	Depression	"major depressive disorder"	-	GCST007342	14:103551616	30718901	"Howard DM"
rs1045430-G	4E-25	-	0.5208	1.0224949	-	[1.02-1.03]	AREL1	Depression	"major depressive disorder"	-	GCST007342	14:74663532	30718901	"Howard DM"
rs34488670-C	5E-13	-	0.2113	1.0193679	-	[1.01-1.02]	SEMA6D	Depression	"major depressive disorder"	-	GCST007342	15:47392739	30718901	"Howard DM"
rs7198928-T	4E-23	-	0.6159	1.022	-	[1.018-1.027]	RBFOX1	Depression	"major depressive disorder"	-	GCST007342	16:7616400	30718901	"Howard DM"
rs7200826-T	3E-28	-	0.2551	1.027	-	[1.022-1.032]	SHISA9	Depression	"major depressive disorder"	-	GCST007342	16:12972976	30718901	"Howard DM"
rs56887639-G	6E-13	-	0.2736	1.017294	-	[1.01-1.02]	ERCC4,TMF1P1	Depression	"major depressive disorder"	-	GCST007342	16:13661673	30718901	"Howard DM"
rs1002656-C	5E-19	-	0.2967	1.0214505	-	[1.02-1.03]	FTLP18,GRIK3	Depression	"major depressive disorder"	-	GCST007342	1:36727140	30718901	"Howard DM"
rs1933802-G	1E-19	-	0.5464	1.0204082	-	[1.02-1.02]	LIN28B-AS1	Depression	"major depressive disorder"	-	GCST007342	6:104918016	30718901	"Howard DM"
rs2876520-G	3E-17	-	0.4729	1.0193679	-	[1.01-1.02]	ADGRG6,HIVEP2	Depression	"major depressive disorder"	-	GCST007342	6:142675481	30718901	"Howard DM"
rs725616-T	1E-9	-	0.3644	1.014	-	[1.009-1.018]	SAMD5	Depression	"major depressive disorder"	-	GCST007342	6:147629286	30718901	"Howard DM"
rs2029865-T	4E-17	-	0.5466	1.01833	-	[1.01-1.02]	C6orf118,RN7SL366P	Depression	"major depressive disorder"	-	GCST007342	6:164700811	30718901	"Howard DM"
rs3823624-T	2E-26	-	0.8067	1.03	-	[1.024-1.036]	MAD1L1	Depression	"major depressive disorder"	-	GCST007342	7:2070711	30718901	"Howard DM"
rs2043539-A	8E-24	-	0.4177	1.022	-	[1.018-1.027]	TMEM106B	Depression	"major depressive disorder"	-	GCST007342	7:12214254	30718901	"Howard DM"
rs2247523-G	9E-14	-	0.4681	1.0162601	-	[1.01-1.02]	PCLO	Depression	"major depressive disorder"	-	GCST007342	7:82825088	30718901	"Howard DM"
rs16887442-T	1E-11	-	0.4347	1.015	-	[1.011-1.019]	PCLO,SEMA3E	Depression	"major depressive disorder"	-	GCST007342	7:83307593	30718901	"Howard DM"
rs58104186-A	4E-18	-	0.4689	1.019	-	[1.015-1.024]	EIF3IP1,BUB3P1	Depression	"major depressive disorder"	-	GCST007342	7:109459862	30718901	"Howard DM"
rs7807677-T	5E-22	-	0.5505	1.021	-	[1.017-1.026]	CTTNBP2	Depression	"major depressive disorder"	-	GCST007342	7:117862520	30718901	"Howard DM"
rs7837935-G	1E-13	-	0.8478	1.0224949	-	[1.02-1.03]	CYP7B1	Depression	"major depressive disorder"	-	GCST007342	8:64649462	30718901	"Howard DM"
rs67436663-G	3E-8	-	0.7598	1.0141988	-	[1.01-1.02]	LINC03020,NCOA2	Depression	"major depressive disorder"	-	GCST007342	8:70435391	30718901	"Howard DM"
rs1354115-A	4E-17	-	0.6243	1.019	-	[1.014-1.023]	CARM1P1	Depression	"major depressive disorder"	-	GCST007342	9:2983774	30718901	"Howard DM"
rs1982277-T	1E-15	-	0.7594	1.021	-	[1.016-1.026]	JKAMPP1,AKAP8P1	Depression	"major depressive disorder"	-	GCST007342	9:11513019	30718901	"Howard DM"
rs263645-A	7E-16	-	0.5438	1.018	-	[1.013-1.022]	BNC2,RN7SL720P	Depression	"major depressive disorder"	-	GCST007342	9:17016505	30718901	"Howard DM"
rs3793577-G	6E-22	-	0.5335	1.0214505	-	[1.02-1.03]	ELAVL2	Depression	"major depressive disorder"	-	GCST007342	9:23737629	30718901	"Howard DM"
rs59283172-G	1E-6	-	0.8931	1.017294	-	[1.01-1.02]	TUSC1,RN7SKP120	Depression	"major depressive disorder"	-	GCST007342	9:25232980	30718901	"Howard DM"
rs34653192-G	3E-16	-	0.6804	1.0193679	-	[1.02-1.02]	SLC25A6P2,HSPA8P17	Depression	"major depressive disorder"	-	GCST007342	9:31124454	30718901	"Howard DM"
rs7030813-T	9E-30	-	0.3736	1.025	-	[1.021-1.03]	PAX5	Depression	"major depressive disorder"	-	GCST007342	9:36999372	30718901	"Howard DM"
rs10817969-T	1E-12	-	0.7173	1.017	-	[1.012-1.022]	ASTN2	Depression	"major depressive disorder"	-	GCST007342	9:116968766	30718901	"Howard DM"
rs913930-G	1E-21	-	0.3567	1.0224949	-	[1.02-1.03]	TLR4	Depression	"major depressive disorder"	-	GCST007342	9:117721731	30718901	"Howard DM"
rs2670139-C	2E-12	-	0.2391	1.01833	-	[1.01-1.02]	DENND1A	Depression	"major depressive disorder"	-	GCST007342	9:123871976	30718901	"Howard DM"
rs997934-T	5E-13	-	0.3795	1.016	-	[1.012-1.021]	LINC00700,ADARB2	Depression	"major depressive disorder"	-	GCST007342	10:1753000	30718901	"Howard DM"
rs76782312-C	4E-7	(AA)	0.94	-	-	-	AK9	"Depression in smokers"	"major depressive disorder"	"smoking behavior"	GCST006427	6:109643865	30219690	"Heinzman JT"
rs35426224-G	1E-6	(EA)	0.9255	-	-	-	EML1	"Depression in smokers"	"major depressive disorder"	"smoking behavior"	GCST006427	14:99783354	30219690	"Heinzman JT"
rs734152-G	1E-6	(EA)	0.8804	-	-	-	FAM222A,FAM222A-AS1	"Depression in smokers"	"major depressive disorder"	"smoking behavior"	GCST006427	12:109759971	30219690	"Heinzman JT"
rs12036147-A	1E-6	(EA)	0.9116	-	-	-	CHRM3	"Depression in smokers"	"major depressive disorder"	"smoking behavior"	GCST006427	1:239835413	30219690	"Heinzman JT"
rs79309730-C	2E-6	(EA)	0.9427	-	-	-	SH3BP4	"Depression in smokers"	"major depressive disorder"	"smoking behavior"	GCST006427	2:235039304	30219690	"Heinzman JT"
rs141980369-G	1E-6	(AA)	0.8988	-	-	-	MCM9	"Depression in smokers"	"major depressive disorder"	"smoking behavior"	GCST006427	6:118888344	30219690	"Heinzman JT"
rs17118176-A	4E-6	(EA)	0.9373	-	-	-	MDGA2	"Depression in smokers"	"major depressive disorder"	"smoking behavior"	GCST006427	14:47216656	30219690	"Heinzman JT"
rs6485603-G	5E-6	(EA)	0.5506	-	-	-	SYT13,PRDM11	"Depression in smokers"	"major depressive disorder"	"smoking behavior"	GCST006427	11:45238465	30219690	"Heinzman JT"
rs143756124-T	5E-6	(EA)	0.932	-	-	-	MC5R,RNMT	"Depression in smokers"	"major depressive disorder"	"smoking behavior"	GCST006427	18:13823130	30219690	"Heinzman JT"
rs6743806-C	5E-6	(EA)	0.7326	-	-	-	RN7SL807P,HIGD1AP4	"Depression in smokers"	"major depressive disorder"	"smoking behavior"	GCST006427	2:223344398	30219690	"Heinzman JT"
rs13171357-G	5E-6	(EA)	0.7185	-	-	-	SLC1A3-AS1	"Depression in smokers"	"major depressive disorder"	"smoking behavior"	GCST006427	5:36694954	30219690	"Heinzman JT"
rs7194099-A	5E-6	(EA)	0.5561	-	-	-	BCAR4	"Depression in smokers"	"major depressive disorder"	"smoking behavior"	GCST006427	16:11808105	30219690	"Heinzman JT"
rs180931486-T	6E-6	(EA)	0.9334	-	-	-	MBP	"Depression in smokers"	"major depressive disorder"	"smoking behavior"	GCST006427	18:77055585	30219690	"Heinzman JT"
rs148701910-C	2E-6	(AA)	0.9333	-	-	-	KLF2-DT	"Depression in smokers"	"major depressive disorder"	"smoking behavior"	GCST006427	19:16310721	30219690	"Heinzman JT"
rs17744447-A	8E-6	(EA)	0.3458	-	-	-	CABYRP1,CACNA2D3	"Depression in smokers"	"major depressive disorder"	"smoking behavior"	GCST006427	3:54059392	30219690	"Heinzman JT"
rs567697-T	8E-6	(EA)	0.8451	-	-	-	ALG8	"Depression in smokers"	"major depressive disorder"	"smoking behavior"	GCST006427	11:78096117	30219690	"Heinzman JT"
rs80127896-A	3E-6	(AA)	0.965	-	-	-	GMDS-DT	"Depression in smokers"	"major depressive disorder"	"smoking behavior"	GCST006427	6:2518145	30219690	"Heinzman JT"
rs76913336-C	3E-6	(AA)	0.965	-	-	-	GMDS-DT	"Depression in smokers"	"major depressive disorder"	"smoking behavior"	GCST006427	6:2518745	30219690	"Heinzman JT"
rs570456-C	9E-6	(EA)	0.7392	-	-	-	ALG8	"Depression in smokers"	"major depressive disorder"	"smoking behavior"	GCST006427	11:78112182	30219690	"Heinzman JT"
rs79652026-C	3E-6	(AA)	0.9413	-	-	-	FIG4	"Depression in smokers"	"major depressive disorder"	"smoking behavior"	GCST006427	6:109737837	30219690	"Heinzman JT"
rs10243383-T	1E-7	(AA)	0.626	-	-	-	RAPGEF5	"Depression in smokers"	"major depressive disorder"	"smoking behavior"	GCST006427	7:22242733	30219690	"Heinzman JT"
rs115319209-G	2E-7	(AA)	0.969	-	-	-	LINC01220	"Depression in smokers"	"major depressive disorder"	"smoking behavior"	GCST006427	14:75298968	30219690	"Heinzman JT"
rs114969316-A	2E-7	(AA)	0.952	-	-	-	RNGTT,ACTBP8	"Depression in smokers"	"major depressive disorder"	"smoking behavior"	GCST006427	6:88460643	30219690	"Heinzman JT"
rs57091543-C	4E-6	(AA)	0.9511	-	-	-	GALM	"Depression in smokers"	"major depressive disorder"	"smoking behavior"	GCST006427	2:38677624	30219690	"Heinzman JT"
rs55894909-G	4E-6	(AA)	0.7259	-	-	-	ENAH,RNU6-1304P	"Depression in smokers"	"major depressive disorder"	"smoking behavior"	GCST006427	1:225711351	30219690	"Heinzman JT"
rs73359384-G	4E-6	(AA)	0.9183	-	-	-	LINC02074	"Depression in smokers"	"major depressive disorder"	"smoking behavior"	GCST006427	17:74078057	30219690	"Heinzman JT"
rs150466001-C	4E-6	(AA)	0.9653	-	-	-	PRPF19P1,CDH19	"Depression in smokers"	"major depressive disorder"	"smoking behavior"	GCST006427	18:66348267	30219690	"Heinzman JT"
rs71358652-C	4E-6	(AA)	0.9742	-	-	-	LINC01924,LINC01916	"Depression in smokers"	"major depressive disorder"	"smoking behavior"	GCST006427	18:64934582	30219690	"Heinzman JT"
rs6487668-C	7E-7	(EA)	0.2181	-	-	-	PZP,LINC00987	"Depression in smokers"	"major depressive disorder"	"smoking behavior"	GCST006427	12:9200312	30219690	"Heinzman JT"
rs9432230-C	5E-7	(AA)	0.893	-	-	-	C1orf198,RN7SL837P	"Depression in smokers"	"major depressive disorder"	"smoking behavior"	GCST006427	1:230882365	30219690	"Heinzman JT"
rs142383097-A	6E-7	(AA)	0.97	-	-	-	DFFA	"Depression in smokers"	"major depressive disorder"	"smoking behavior"	GCST006427	1:10461101	30219690	"Heinzman JT"
rs59711329-G	1E-6	(AA)	0.9039	-	-	-	ZNF417	"Depression in smokers"	"major depressive disorder"	"smoking behavior"	GCST006427	19:57901128	30219690	"Heinzman JT"
rs7298108-C	2E-6	(EA)	0.8217	-	-	-	LINC00987	"Depression in smokers"	"major depressive disorder"	"smoking behavior"	GCST006427	12:9223572	30219690	"Heinzman JT"
rs139018470-T	2E-6	(AA)	0.9549	-	-	-	LINC01349	"Depression in smokers"	"major depressive disorder"	"smoking behavior"	GCST006427	1:100602039	30219690	"Heinzman JT"
rs17506336-C	2E-6	(AA)	0.9017	-	-	-	EXT1	"Depression in smokers"	"major depressive disorder"	"smoking behavior"	GCST006427	8:118097589	30219690	"Heinzman JT"
rs186167755-C	2E-6	(AA)	0.9796	-	-	-	ADAMTSL1	"Depression in smokers"	"major depressive disorder"	"smoking behavior"	GCST006427	9:18600278	30219690	"Heinzman JT"
rs2252932-A	2E-6	(AA)	0.7384	-	-	-	HNF4GP1,LINC02335	"Depression in smokers"	"major depressive disorder"	"smoking behavior"	GCST006427	13:55740831	30219690	"Heinzman JT"
rs185973901-C	2E-6	(AA)	0.9707	-	-	-	ACTBP8,RNGTT	"Depression in smokers"	"major depressive disorder"	"smoking behavior"	GCST006427	6:88351556	30219690	"Heinzman JT"
rs2576789-A	2E-6	(AA)	0.41	-	-	-	LINC01918,GPR45	"Depression in smokers"	"major depressive disorder"	"smoking behavior"	GCST006427	2:105194762	30219690	"Heinzman JT"
rs536504-C	7E-6	(EA)	0.6995	-	-	-	RASGEF1B	"Depression in smokers"	"major depressive disorder"	"smoking behavior"	GCST006427	4:81840312	30219690	"Heinzman JT"
rs78489263-A	2E-6	(AA)	0.9488	-	-	-	CDKAL1,RPL36AP25	"Depression in smokers"	"major depressive disorder"	"smoking behavior"	GCST006427	6:20723562	30219690	"Heinzman JT"
rs13138395-T	2E-6	(AA)	0.6502	-	-	-	LINC00290,NDUFB5P1	"Depression in smokers"	"major depressive disorder"	"smoking behavior"	GCST006427	4:181009808	30219690	"Heinzman JT"
rs76088896-T	9E-6	(EA)	0.8925	-	-	-	ASMER1	"Depression in smokers"	"major depressive disorder"	"smoking behavior"	GCST006427	21:14892473	30219690	"Heinzman JT"
rs13257626-G	9E-6	(EA)	0.9769	-	-	-	U8,EYA1	"Depression in smokers"	"major depressive disorder"	"smoking behavior"	GCST006427	8:71780350	30219690	"Heinzman JT"
rs9487113-T	3E-6	(AA)	0.9391	-	-	-	MICAL1	"Depression in smokers"	"major depressive disorder"	"smoking behavior"	GCST006427	6:109458971	30219690	"Heinzman JT"
rs143916815-G	1E-7	(AA)	0.9768	-	-	-	LINC02915,LINC02694	"Depression in smokers"	"major depressive disorder"	"smoking behavior"	GCST006427	15:39191714	30219690	"Heinzman JT"
rs7897478-A	1E-7	(AA)	0.9418	-	-	-	JCAD,SVIL	"Depression in smokers"	"major depressive disorder"	"smoking behavior"	GCST006427	10:29945955	30219690	"Heinzman JT"
rs74932355-T	3E-6	(AA)	0.9063	-	-	-	COPS8-DT,ACKR3	"Depression in smokers"	"major depressive disorder"	"smoking behavior"	GCST006427	2:236758796	30219690	"Heinzman JT"
rs28680895-T	4E-6	(AA)	0.9532	-	-	-	ZNF506,ZNF56P	"Depression in smokers"	"major depressive disorder"	"smoking behavior"	GCST006427	19:19814290	30219690	"Heinzman JT"
rs9487114-C	3E-7	(AA)	0.0635	-	-	-	MICAL1	"Depression in smokers"	"major depressive disorder"	"smoking behavior"	GCST006427	6:109460597	30219690	"Heinzman JT"
rs16832899-G	4E-6	(AA)	0.205	-	-	-	LINC01206,LINC01994	"Depression in smokers"	"major depressive disorder"	"smoking behavior"	GCST006427	3:182144627	30219690	"Heinzman JT"
rs76400352-G	4E-6	(AA)	0.9684	-	-	-	FYB1	"Depression in smokers"	"major depressive disorder"	"smoking behavior"	GCST006427	5:39230117	30219690	"Heinzman JT"
rs184666-T	5E-6	(AA)	0.9142	-	-	-	LINC02195,C16orf82	"Depression in smokers"	"major depressive disorder"	"smoking behavior"	GCST006427	16:26606344	30219690	"Heinzman JT"
rs113021743-C	5E-6	(AA)	0.9525	-	-	-	NAMA	"Depression in smokers"	"major depressive disorder"	"smoking behavior"	GCST006427	9:99757506	30219690	"Heinzman JT"
rs7029033-T	3E-8	-	0.07	1.05	-	[1.03-1.07]	DENND1A	Depression	"major depressive disorder"	-	GCST005839	9:123919789	29700475	"Wray NR"
rs1432639-A	5E-15	-	0.63	1.04	-	[1.03-1.05]	LINC02796	Depression	"major depressive disorder"	-	GCST005839	1:72347535	29700475	"Wray NR"
rs12129573-A	4E-12	-	0.37	1.04	-	[1.03-1.05]	LINC01360,RN7SKP19	Depression	"major depressive disorder"	-	GCST005839	1:73302683	29700475	"Wray NR"
rs1806153-T	1E-9	-	0.22	1.04	-	[1.03-1.05]	PAUPAR	Depression	"major depressive disorder"	-	GCST005839	11:31828558	29700475	"Wray NR"
rs12552-A	6E-19	-	0.44	1.04	-	[1.03-1.05]	OLFM4	Depression	"major depressive disorder"	-	GCST005839	13:53051646	29700475	"Wray NR"
rs2389016-T	1E-8	-	0.28	1.03	-	[1.02-1.04]	HNRNPA1P64,HMGB1P18	Depression	"major depressive disorder"	-	GCST005839	1:80333644	29700475	"Wray NR"
rs1226412-T	2E-8	-	0.79	1.03	-	[1.02-1.04]	LINC01876	Depression	"major depressive disorder"	-	GCST005839	2:156254801	29700475	"Wray NR"
chr3_44287760-?	5E-8	-	0.34	1.03	-	[1.02-1.04]	-	Depression	"major depressive disorder"	-	GCST005839	-	29700475	"Wray NR"
chr5_103942055-?	8E-12	-	0.48	1.03	-	[1.02-1.04]	-	Depression	"major depressive disorder"	-	GCST005839	-	29700475	"Wray NR"
rs9402472-A	3E-8	-	0.24	1.03	-	[1.02-1.04]	MIR548AI,FBXL4	Depression	"major depressive disorder"	-	GCST005839	6:99118645	29700475	"Wray NR"
rs10950398-A	3E-8	-	0.41	1.03	-	[1.02-1.04]	TMEM106B	Depression	"major depressive disorder"	-	GCST005839	7:12225245	29700475	"Wray NR"
rs12666117-A	1E-8	-	0.47	1.03	-	[1.02-1.04]	EIF3IP1,BUB3P1	Depression	"major depressive disorder"	-	GCST005839	7:109465554	29700475	"Wray NR"
rs1354115-A	2E-8	-	0.62	1.03	-	[1.02-1.04]	CARM1P1	Depression	"major depressive disorder"	-	GCST005839	9:2983774	29700475	"Wray NR"
rs10959913-T	5E-9	-	0.76	1.03	-	[1.02-1.04]	AKAP8P1,JKAMPP1	Depression	"major depressive disorder"	-	GCST005839	9:11544964	29700475	"Wray NR"
chr14_75356855-?	4E-9	-	0.49	1.03	-	[1.02-1.04]	-	Depression	"major depressive disorder"	-	GCST005839	-	29700475	"Wray NR"
rs7198928-T	1E-8	-	0.62	1.03	-	[1.02-1.04]	RBFOX1	Depression	"major depressive disorder"	-	GCST005839	16:7616400	29700475	"Wray NR"
rs7200826-T	2E-8	-	0.25	1.03	-	[1.02-1.04]	SHISA9	Depression	"major depressive disorder"	-	GCST005839	16:12972976	29700475	"Wray NR"
rs11643192-A	3E-8	-	0.41	1.03	-	[1.02-1.04]	LINC01572,PMFBP1	Depression	"major depressive disorder"	-	GCST005839	16:72180377	29700475	"Wray NR"
rs11663393-A	2E-8	-	0.45	1.03	-	[1.02-1.04]	DCC	Depression	"major depressive disorder"	-	GCST005839	18:53088362	29700475	"Wray NR"
rs1833288-A	3E-8	-	0.72	1.03	-	[1.02-1.04]	RAB27B	Depression	"major depressive disorder"	-	GCST005839	18:54850675	29700475	"Wray NR"
rs12958048-A	4E-11	-	0.33	1.03	-	[1.02-1.04]	TCF4	Depression	"major depressive disorder"	-	GCST005839	18:55434367	29700475	"Wray NR"
rs5758265-A	8E-9	-	0.28	1.03	-	[1.02-1.04]	L3MBTL2-AS1,L3MBTL2	Depression	"major depressive disorder"	-	GCST005839	22:41221893	29700475	"Wray NR"
rs159963-C	3E-8	-	0.44	1.0309278	-	[1.02-1.04]	RERE	Depression	"major depressive disorder"	-	GCST005839	1:8444361	29700475	"Wray NR"
rs4261101-G	1E-8	-	0.63	1.0309278	-	[1.02-1.04]	RNU6-695P,LINC02787	Depression	"major depressive disorder"	-	GCST005839	1:90330495	29700475	"Wray NR"
rs9427672-G	3E-8	-	0.76	1.0309278	-	[1.02-1.04]	DENND1B,C1orf53	Depression	"major depressive disorder"	-	GCST005839	1:197785611	29700475	"Wray NR"
rs11682175-C	5E-9	-	0.48	1.0309278	-	[1.02-1.04]	ACTG1P22,EIF2S2P7	Depression	"major depressive disorder"	-	GCST005839	2:57760458	29700475	"Wray NR"
rs7430565-G	3E-9	-	0.42	1.0309278	-	[1.02-1.04]	RSRC1	Depression	"major depressive disorder"	-	GCST005839	3:158389391	29700475	"Wray NR"
chr5_87992715-?	8E-11	-	0.42	1.0309278	-	[1.02-1.04]	-	Depression	"major depressive disorder"	-	GCST005839	-	29700475	"Wray NR"
rs116755193-C	7E-9	-	0.62	1.0309278	-	[1.02-1.04]	LINC02240	Depression	"major depressive disorder"	-	GCST005839	5:124916190	29700475	"Wray NR"
rs11135349-C	1E-9	-	0.52	1.0309278	-	[1.02-1.04]	LINC03000	Depression	"major depressive disorder"	-	GCST005839	5:165096466	29700475	"Wray NR"
rs4869056-G	7E-9	-	0.37	1.0309278	-	[1.02-1.04]	TENM2	Depression	"major depressive disorder"	-	GCST005839	5:167565073	29700475	"Wray NR"
rs7856424-C	9E-9	-	0.71	1.0309278	-	[1.02-1.04]	ASTN2	Depression	"major depressive disorder"	-	GCST005839	9:116971316	29700475	"Wray NR"
rs4074723-C	3E-8	-	0.59	1.0309278	-	[1.02-1.04]	SOX5	Depression	"major depressive disorder"	-	GCST005839	12:23794803	29700475	"Wray NR"
rs4904738-C	3E-9	-	0.43	1.0309278	-	[1.02-1.04]	LRFN5	Depression	"major depressive disorder"	-	GCST005839	14:41710529	29700475	"Wray NR"
rs915057-G	8E-10	-	0.58	1.0309278	-	[1.02-1.04]	SYNE2,ESR2	Depression	"major depressive disorder"	-	GCST005839	14:64219489	29700475	"Wray NR"
rs10149470-G	3E-9	-	0.51	1.0309278	-	[1.02-1.04]	RNU7-160P,BAG5	Depression	"major depressive disorder"	-	GCST005839	14:103551616	29700475	"Wray NR"
rs8025231-C	2E-12	-	0.43	1.0309278	-	[1.02-1.04]	TMCO5A,Metazoa_SRP	Depression	"major depressive disorder"	-	GCST005839	15:37356201	29700475	"Wray NR"
rs8063603-G	7E-9	-	0.35	1.0309278	-	[1.02-1.04]	RBFOX1	Depression	"major depressive disorder"	-	GCST005839	16:6260644	29700475	"Wray NR"
rs62099069-T	1E-8	-	0.58	1.0309278	-	[1.02-1.04]	MIR924HG	Depression	"major depressive disorder"	-	GCST005839	18:39303773	29700475	"Wray NR"
rs34215985-G	3E-9	-	0.76	1.0416667	-	[1.03-1.05]	SLC30A9	Depression	"major depressive disorder"	-	GCST005839	4:42045761	29700475	"Wray NR"
rs115507122-G	3E-11	-	0.82	1.0416667	-	[1.03-1.05]	HCG20	Depression	"major depressive disorder"	-	GCST005839	6:30769814	29700475	"Wray NR"
rs61867293-C	7E-10	-	0.8	1.0416667	-	[1.03-1.05]	SORCS3	Depression	"major depressive disorder"	-	GCST005839	10:104804166	29700475	"Wray NR"
rs4143229-C	3E-8	-	0.08	1.0526316	-	[1.03-1.07]	ENOX1	Depression	"major depressive disorder"	-	GCST005839	13:43753663	29700475	"Wray NR"
rs17727765-C	9E-9	-	0.08	1.0526316	-	[1.04-1.07]	CRYBA1	Depression	"major depressive disorder"	-	GCST005839	17:29249944	29700475	"Wray NR"
rs11599236-?	4E-9	-	NR	-	"0.030257339 unit decrease"	[0.02-0.04]	SORCS3	"Lifetime major depressive disorder (MTAG)"	"major depressive disorder"	-	GCST90449009	10:104694914	37985818	"Dahl A"
rs11214629-?	2E-12	-	NR	-	"0.035699554 unit increase"	[0.026-0.046]	DRD2,TMPRSS5	"Lifetime major depressive disorder (MTAG)"	"major depressive disorder"	-	GCST90449009	11:113503962	37985818	"Dahl A"
rs597462-?	7E-11	-	NR	-	"0.032986917 unit increase"	[0.023-0.043]	GRM5	"Lifetime major depressive disorder (MTAG)"	"major depressive disorder"	-	GCST90449009	11:88955065	37985818	"Dahl A"
rs7954112-?	4E-10	-	NR	-	"0.031903546 unit increase"	[0.022-0.042]	SLC15A5,DERA	"Lifetime major depressive disorder (MTAG)"	"major depressive disorder"	-	GCST90449009	12:16163404	37985818	"Dahl A"
rs9529055-?	2E-8	-	NR	-	"0.028256264 unit increase"	[0.018-0.038]	PCDH9	"Lifetime major depressive disorder (MTAG)"	"major depressive disorder"	-	GCST90449009	13:66383401	37985818	"Dahl A"
rs61997596-?	2E-8	-	NR	-	"0.028561288 unit increase"	[0.019-0.038]	TDRD9	"Lifetime major depressive disorder (MTAG)"	"major depressive disorder"	-	GCST90449009	14:104044869	37985818	"Dahl A"
rs12889665-?	4E-8	-	NR	-	"0.027630622 unit decrease"	[0.018-0.038]	YLPM1	"Lifetime major depressive disorder (MTAG)"	"major depressive disorder"	-	GCST90449009	14:74768127	37985818	"Dahl A"
rs34020413-?	2E-8	-	NR	-	"0.02856052 unit increase"	[0.019-0.039]	ERCC4,TMF1P1	"Lifetime major depressive disorder (MTAG)"	"major depressive disorder"	-	GCST90449009	16:13692900	37985818	"Dahl A"
rs6565535-?	7E-9	-	NR	-	"0.02925856 unit decrease"	[0.019-0.039]	AATK,BAIAP2	"Lifetime major depressive disorder (MTAG)"	"major depressive disorder"	-	GCST90449009	17:81116648	37985818	"Dahl A"
rs34540281-?	1E-8	-	NR	-	"0.029184368 unit decrease"	[0.019-0.039]	MED24	"Lifetime major depressive disorder (MTAG)"	"major depressive disorder"	-	GCST90449009	17:40056110	37985818	"Dahl A"
rs1452787-?	4E-11	-	NR	-	"0.033299785 unit increase"	[0.023-0.043]	TCF4	"Lifetime major depressive disorder (MTAG)"	"major depressive disorder"	-	GCST90449009	18:55539976	37985818	"Dahl A"
rs77162730-?	2E-9	-	NR	-	"0.031736635 unit increase"	[0.021-0.042]	DCC	"Lifetime major depressive disorder (MTAG)"	"major depressive disorder"	-	GCST90449009	18:53318770	37985818	"Dahl A"
rs12967855-?	4E-8	-	NR	-	"0.027828837 unit increase"	[0.018-0.038]	CELF4	"Lifetime major depressive disorder (MTAG)"	"major depressive disorder"	-	GCST90449009	18:37558282	37985818	"Dahl A"
rs12624433-?	1E-8	-	NR	-	"0.028749766 unit increase"	[0.019-0.039]	SLC12A5	"Lifetime major depressive disorder (MTAG)"	"major depressive disorder"	-	GCST90449009	20:46052214	37985818	"Dahl A"
rs215852-?	3E-10	-	NR	-	"0.0190981 unit increase"	[0.013-0.025]	RNU6-636P,RNA5SP43	"Lifetime major depressive disorder (SoftImpute)"	"major depressive disorder"	-	GCST90448999	1:37212997	37985818	"Dahl A"
rs12615801-?	3E-11	-	NR	-	"0.0190671 unit decrease"	[0.013-0.025]	NBAS	"Lifetime major depressive disorder (SoftImpute)"	"major depressive disorder"	-	GCST90448999	2:15321934	37985818	"Dahl A"
rs9393926-?	5E-12	-	NR	-	"0.029166 unit decrease"	[0.021-0.037]	RPSAP2,LINC00533	"Lifetime major depressive disorder (SoftImpute)"	"major depressive disorder"	-	GCST90448999	6:28714948	37985818	"Dahl A"
rs3115631-?	1E-11	-	NR	-	"0.0286906 unit decrease"	[0.02-0.037]	POLR1HASP	"Lifetime major depressive disorder (SoftImpute)"	"major depressive disorder"	-	GCST90448999	6:30018547	37985818	"Dahl A"
rs6456788-?	1E-9	-	NR	-	"0.0178517 unit decrease"	[0.012-0.024]	ZNF184	"Lifetime major depressive disorder (SoftImpute)"	"major depressive disorder"	-	GCST90448999	6:27454287	37985818	"Dahl A"
rs13234969-?	1E-12	-	NR	-	"0.0213337 unit increase"	[0.015-0.027]	TMEM106B	"Lifetime major depressive disorder (SoftImpute)"	"major depressive disorder"	-	GCST90448999	7:12237812	37985818	"Dahl A"
rs72694247-?	5E-9	-	NR	-	"0.0215742 unit decrease"	[0.014-0.029]	AKAP8P1,JKAMPP1	"Lifetime major depressive disorder (SoftImpute)"	"major depressive disorder"	-	GCST90448999	9:11119853	37985818	"Dahl A"
rs11214629-?	1E-11	-	NR	-	"0.0194579 unit increase"	[0.014-0.025]	DRD2,TMPRSS5	"Lifetime major depressive disorder (SoftImpute)"	"major depressive disorder"	-	GCST90448999	11:113503962	37985818	"Dahl A"
rs143864773-?	6E-9	-	NR	-	"0.0289182 unit decrease"	[0.019-0.039]	CCDC73	"Lifetime major depressive disorder (SoftImpute)"	"major depressive disorder"	-	GCST90448999	11:32744320	37985818	"Dahl A"
rs10772898-?	3E-8	-	NR	-	"0.0154233 unit increase"	[0.0099-0.0209]	SLC15A5,DERA	"Lifetime major depressive disorder (SoftImpute)"	"major depressive disorder"	-	GCST90448999	12:16176119	37985818	"Dahl A"
rs57820851-?	6E-9	-	NR	-	"0.017174 unit increase"	[0.011-0.023]	TCF4,LINC01415	"Lifetime major depressive disorder (SoftImpute)"	"major depressive disorder"	-	GCST90448999	18:55746335	37985818	"Dahl A"
rs62098012-?	7E-9	-	NR	-	"0.0170646 unit increase"	[0.011-0.023]	DCC	"Lifetime major depressive disorder (SoftImpute)"	"major depressive disorder"	-	GCST90448999	18:53335941	37985818	"Dahl A"
rs9611522-?	4E-8	-	NR	-	"0.0178389 unit increase"	[0.011-0.024]	CHADL	"Lifetime major depressive disorder (SoftImpute)"	"major depressive disorder"	-	GCST90448999	22:41231920	37985818	"Dahl A"
rs215852-?	2E-11	-	NR	-	"0.0177633 unit increase"	[0.013-0.023]	RNU6-636P,RNA5SP43	"Lifetime major depressive disorder (SoftImpute and observed)"	"major depressive disorder"	-	GCST90449000	1:37212997	37985818	"Dahl A"
rs6697023-?	1E-8	-	NR	-	"0.0139195 unit increase"	[0.0091-0.0187]	LINC01360,RN7SKP19	"Lifetime major depressive disorder (SoftImpute and observed)"	"major depressive disorder"	-	GCST90449000	1:73235988	37985818	"Dahl A"
rs12615801-?	2E-10	-	NR	-	"0.0160214 unit decrease"	[0.011-0.021]	NBAS	"Lifetime major depressive disorder (SoftImpute and observed)"	"major depressive disorder"	-	GCST90449000	2:15321934	37985818	"Dahl A"
rs2288746-?	4E-9	-	NR	-	"0.0150767 unit increase"	[0.01-0.02]	KIF1A	"Lifetime major depressive disorder (SoftImpute and observed)"	"major depressive disorder"	-	GCST90449000	2:240787229	37985818	"Dahl A"
rs40465-?	2E-9	-	NR	-	"0.0157074 unit increase"	[0.011-0.021]	NIHCOLE,RNU6-334P	"Lifetime major depressive disorder (SoftImpute and observed)"	"major depressive disorder"	-	GCST90449000	5:104646025	37985818	"Dahl A"
rs1541450-?	2E-8	-	NR	-	"0.0139876 unit decrease"	[0.0091-0.0189]	CHSY3	"Lifetime major depressive disorder (SoftImpute and observed)"	"major depressive disorder"	-	GCST90449000	5:130049981	37985818	"Dahl A"
rs3115631-?	7E-15	-	NR	-	"0.028779 unit decrease"	[0.022-0.036]	POLR1HASP	"Lifetime major depressive disorder (SoftImpute and observed)"	"major depressive disorder"	-	GCST90449000	6:30018547	37985818	"Dahl A"
rs7764642-?	2E-14	-	NR	-	"0.0287977 unit decrease"	[0.021-0.036]	LINC01623,NOP56P1	"Lifetime major depressive disorder (SoftImpute and observed)"	"major depressive disorder"	-	GCST90449000	6:28796326	37985818	"Dahl A"
rs13193542-?	1E-11	-	NR	-	"0.0254692 unit decrease"	[0.018-0.033]	LINC01012,GPR89P	"Lifetime major depressive disorder (SoftImpute and observed)"	"major depressive disorder"	-	GCST90449000	6:27734646	37985818	"Dahl A"
rs240764-?	3E-11	-	NR	-	"0.0165086 unit increase"	[0.012-0.021]	ASCC3,SIM1	"Lifetime major depressive disorder (SoftImpute and observed)"	"major depressive disorder"	-	GCST90449000	6:100505272	37985818	"Dahl A"
rs3130574-?	2E-10	-	NR	-	"0.0216145 unit decrease"	[0.015-0.028]	HCG22,MUC22	"Lifetime major depressive disorder (SoftImpute and observed)"	"major depressive disorder"	-	GCST90449000	6:31048773	37985818	"Dahl A"
rs35400317-?	7E-9	-	NR	-	"0.0224455 unit decrease"	[0.015-0.03]	HMGN4,ABT1	"Lifetime major depressive disorder (SoftImpute and observed)"	"major depressive disorder"	-	GCST90449000	6:26593047	37985818	"Dahl A"
rs60045856-?	8E-9	-	NR	-	"0.0213661 unit decrease"	[0.014-0.029]	TAP2	"Lifetime major depressive disorder (SoftImpute and observed)"	"major depressive disorder"	-	GCST90449000	6:32832068	37985818	"Dahl A"
rs3807866-?	6E-14	-	NR	-	"0.0185738 unit increase"	[0.014-0.023]	THSD7A,TMEM106B	"Lifetime major depressive disorder (SoftImpute and observed)"	"major depressive disorder"	-	GCST90449000	7:12210752	37985818	"Dahl A"
rs10959554-?	2E-10	-	NR	-	"0.0190039 unit decrease"	[0.013-0.025]	AKAP8P1,JKAMPP1	"Lifetime major depressive disorder (SoftImpute and observed)"	"major depressive disorder"	-	GCST90449000	9:11131371	37985818	"Dahl A"
rs201046698-?	5E-8	-	NR	-	"0.0181488 unit decrease"	[0.012-0.025]	TUSC1,RN7SKP120	"Lifetime major depressive disorder (SoftImpute and observed)"	"major depressive disorder"	-	GCST90449000	9:25208404	37985818	"Dahl A"
rs7098339-?	7E-9	-	NR	-	"0.0145529 unit increase"	[0.0096-0.0195]	CELF2	"Lifetime major depressive disorder (SoftImpute and observed)"	"major depressive disorder"	-	GCST90449000	10:10880105	37985818	"Dahl A"
rs11599236-?	4E-8	-	NR	-	"0.0137847 unit decrease"	[0.0088-0.0187]	SORCS3	"Lifetime major depressive disorder (SoftImpute and observed)"	"major depressive disorder"	-	GCST90449000	10:104694914	37985818	"Dahl A"
rs4534613-?	4E-12	-	NR	-	"0.0170822 unit decrease"	[0.012-0.022]	TMPRSS5,DRD2	"Lifetime major depressive disorder (SoftImpute and observed)"	"major depressive disorder"	-	GCST90449000	11:113515321	37985818	"Dahl A"
rs143864773-?	2E-9	-	NR	-	"0.0259582 unit decrease"	[0.017-0.034]	CCDC73	"Lifetime major depressive disorder (SoftImpute and observed)"	"major depressive disorder"	-	GCST90449000	11:32744320	37985818	"Dahl A"
rs12270599-?	3E-9	-	NR	-	"0.0145394 unit increase"	[0.0097-0.0193]	GRM5	"Lifetime major depressive disorder (SoftImpute and observed)"	"major depressive disorder"	-	GCST90449000	11:88993297	37985818	"Dahl A"
rs10765273-?	9E-9	-	NR	-	"0.0152574 unit decrease"	[0.01-0.02]	CHORDC1	"Lifetime major depressive disorder (SoftImpute and observed)"	"major depressive disorder"	-	GCST90449000	11:90204858	37985818	"Dahl A"
rs10772898-?	2E-8	-	NR	-	"0.0137529 unit increase"	[0.009-0.0185]	SLC15A5,DERA	"Lifetime major depressive disorder (SoftImpute and observed)"	"major depressive disorder"	-	GCST90449000	12:16176119	37985818	"Dahl A"
rs2093623-?	4E-8	-	NR	-	"0.02557018 unit decrease"	[0.016-0.035]	CELF2	"Lifetime major depressive disorder (MTAG)"	"major depressive disorder"	-	GCST90449008	10:10881014	37985818	"Dahl A"
rs11214629-?	5E-12	-	NR	-	"0.031734273 unit increase"	[0.023-0.041]	DRD2,TMPRSS5	"Lifetime major depressive disorder (MTAG)"	"major depressive disorder"	-	GCST90449008	11:113503962	37985818	"Dahl A"
rs597462-?	3E-11	-	NR	-	"0.03061047 unit increase"	[0.022-0.04]	GRM5	"Lifetime major depressive disorder (MTAG)"	"major depressive disorder"	-	GCST90449008	11:88955065	37985818	"Dahl A"
rs143864773-?	3E-8	-	NR	-	"0.02573067 unit decrease"	[0.017-0.035]	CCDC73	"Lifetime major depressive disorder (MTAG)"	"major depressive disorder"	-	GCST90449008	11:32744320	37985818	"Dahl A"
rs7954112-?	1E-9	-	NR	-	"0.028201958 unit increase"	[0.019-0.037]	SLC15A5,DERA	"Lifetime major depressive disorder (MTAG)"	"major depressive disorder"	-	GCST90449008	12:16163404	37985818	"Dahl A"
rs12889665-?	8E-9	-	NR	-	"0.026460724 unit decrease"	[0.017-0.035]	YLPM1	"Lifetime major depressive disorder (MTAG)"	"major depressive disorder"	-	GCST90449008	14:74768127	37985818	"Dahl A"
rs61997596-?	3E-8	-	NR	-	"0.02558601 unit increase"	[0.017-0.035]	TDRD9	"Lifetime major depressive disorder (MTAG)"	"major depressive disorder"	-	GCST90449008	14:104044869	37985818	"Dahl A"
rs6565535-?	7E-9	-	NR	-	"0.026671056 unit decrease"	[0.018-0.036]	AATK,BAIAP2	"Lifetime major depressive disorder (MTAG)"	"major depressive disorder"	-	GCST90449008	17:81116648	37985818	"Dahl A"
rs57820851-?	6E-11	-	NR	-	"0.030245688 unit increase"	[0.021-0.039]	TCF4,LINC01415	"Lifetime major depressive disorder (MTAG)"	"major depressive disorder"	-	GCST90449008	18:55746335	37985818	"Dahl A"
rs12967855-?	2E-10	-	NR	-	"0.029474404 unit increase"	[0.02-0.039]	CELF4	"Lifetime major depressive disorder (MTAG)"	"major depressive disorder"	-	GCST90449008	18:37558282	37985818	"Dahl A"
rs4632195-?	1E-9	-	NR	-	"0.029056588 unit decrease"	[0.02-0.038]	DCC	"Lifetime major depressive disorder (MTAG)"	"major depressive disorder"	-	GCST90449008	18:53220378	37985818	"Dahl A"
rs12624433-?	1E-8	-	NR	-	"0.02616462 unit increase"	[0.017-0.035]	SLC12A5	"Lifetime major depressive disorder (MTAG)"	"major depressive disorder"	-	GCST90449008	20:46052214	37985818	"Dahl A"
rs7528791-?	2E-10	-	NR	-	"0.032074895 unit decrease"	[0.022-0.042]	KRT8P21,LINC02796	"Lifetime major depressive disorder (MTAG)"	"major depressive disorder"	-	GCST90449009	1:72982138	37985818	"Dahl A"
rs7537413-?	3E-10	-	NR	-	"0.03181441 unit increase"	[0.022-0.042]	GRIK3,FTLP18	"Lifetime major depressive disorder (MTAG)"	"major depressive disorder"	-	GCST90449009	1:36766677	37985818	"Dahl A"
rs1359463-?	2E-8	-	NR	-	"0.028450767 unit increase"	[0.019-0.038]	SGIP1	"Lifetime major depressive disorder (MTAG)"	"major depressive disorder"	-	GCST90449009	1:66703882	37985818	"Dahl A"
rs17562388-?	2E-8	-	NR	-	"0.028517794 unit decrease"	[0.019-0.038]	TYW3,LHX8	"Lifetime major depressive disorder (MTAG)"	"major depressive disorder"	-	GCST90449009	1:74957853	37985818	"Dahl A"
rs6431691-?	5E-11	-	NR	-	"0.033630226 unit decrease"	[0.024-0.044]	NBAS	"Lifetime major depressive disorder (MTAG)"	"major depressive disorder"	-	GCST90449009	2:15326177	37985818	"Dahl A"
rs30266-?	3E-11	-	NR	-	"0.033544526 unit increase"	[0.024-0.043]	RNU6-334P,NIHCOLE	"Lifetime major depressive disorder (MTAG)"	"major depressive disorder"	-	GCST90449009	5:104636656	37985818	"Dahl A"
rs34721637-?	4E-8	-	NR	-	"0.027748011 unit decrease"	[0.018-0.038]	KIF2A,RN7SKP157	"Lifetime major depressive disorder (MTAG)"	"major depressive disorder"	-	GCST90449009	5:62223850	37985818	"Dahl A"
rs3117333-?	1E-15	-	NR	-	"0.040674537 unit decrease"	[0.031-0.051]	LINC03003	"Lifetime major depressive disorder (MTAG)"	"major depressive disorder"	-	GCST90449009	6:29251712	37985818	"Dahl A"
rs13197176-?	9E-15	-	NR	-	"0.03942616 unit decrease"	[0.029-0.049]	ZKSCAN8P1,ZKSCAN8	"Lifetime major depressive disorder (MTAG)"	"major depressive disorder"	-	GCST90449009	6:28161454	37985818	"Dahl A"
rs3132610-?	5E-13	-	NR	-	"0.036688536 unit decrease"	[0.027-0.047]	ABCF1	"Lifetime major depressive disorder (MTAG)"	"major depressive disorder"	-	GCST90449009	6:30576624	37985818	"Dahl A"
rs66975207-?	2E-11	-	NR	-	"0.03414969 unit decrease"	[0.024-0.044]	LINC00240,LARRPM	"Lifetime major depressive disorder (MTAG)"	"major depressive disorder"	-	GCST90449009	6:26974367	37985818	"Dahl A"
rs3807866-?	6E-18	-	NR	-	"0.043560937 unit increase"	[0.034-0.053]	THSD7A,TMEM106B	"Lifetime major depressive disorder (MTAG)"	"major depressive disorder"	-	GCST90449009	7:12210752	37985818	"Dahl A"
rs10242758-?	4E-9	-	NR	-	"0.029737376 unit decrease"	[0.02-0.04]	CTTNBP2,LSM8	"Lifetime major depressive disorder (MTAG)"	"major depressive disorder"	-	GCST90449009	7:117882902	37985818	"Dahl A"
rs2222765-?	3E-8	-	NR	-	"0.028294502 unit increase"	[0.018-0.038]	BUB3P1,EIF3IP1	"Lifetime major depressive disorder (MTAG)"	"major depressive disorder"	-	GCST90449009	7:109465994	37985818	"Dahl A"
rs3863241-?	9E-9	-	NR	-	"0.02904792 unit decrease"	[0.019-0.039]	TERF1,KCNB2	"Lifetime major depressive disorder (MTAG)"	"major depressive disorder"	-	GCST90449009	8:72978100	37985818	"Dahl A"
chr9:140251458-?	1E-9	-	NR	-	"0.030443862 unit increase"	[0.021-0.04]	-	"Lifetime major depressive disorder (MTAG)"	"major depressive disorder"	-	GCST90449009	-	37985818	"Dahl A"
rs10959815-?	6E-9	-	NR	-	"0.029506512 unit decrease"	[0.02-0.039]	AKAP8P1,JKAMPP1	"Lifetime major depressive disorder (MTAG)"	"major depressive disorder"	-	GCST90449009	9:11445802	37985818	"Dahl A"
rs6559402-?	2E-8	-	NR	-	"0.028588876 unit decrease"	[0.019-0.039]	PSAT1,MTND2P8	"Lifetime major depressive disorder (MTAG)"	"major depressive disorder"	-	GCST90449009	9:78716423	37985818	"Dahl A"
rs10733396-?	4E-8	-	NR	-	"0.02782054 unit decrease"	[0.018-0.038]	RN7SKP120,TUSC1	"Lifetime major depressive disorder (MTAG)"	"major depressive disorder"	-	GCST90449009	9:25218771	37985818	"Dahl A"
rs12624433-?	2E-8	-	NR	-	"0.028187193 unit increase"	[0.018-0.038]	SLC12A5	"Lifetime major depressive disorder (MTAG)"	"major depressive disorder"	-	GCST90449007	20:46052214	37985818	"Dahl A"
rs4233093-?	4E-10	-	NR	-	"0.028732456 unit decrease"	[0.02-0.038]	LINC02796,KRT8P21	"Lifetime major depressive disorder (MTAG)"	"major depressive disorder"	-	GCST90449008	1:72980562	37985818	"Dahl A"
rs215813-?	7E-10	-	NR	-	"0.028362265 unit increase"	[0.019-0.037]	RNU6-636P,MIR4255	"Lifetime major depressive disorder (MTAG)"	"major depressive disorder"	-	GCST90449008	1:37202292	37985818	"Dahl A"
rs114870912-?	3E-8	-	NR	-	"0.025784237 unit decrease"	[0.017-0.035]	SLC44A5	"Lifetime major depressive disorder (MTAG)"	"major depressive disorder"	-	GCST90449008	1:75466115	37985818	"Dahl A"
rs6431691-?	7E-12	-	NR	-	"0.031983577 unit decrease"	[0.023-0.041]	NBAS	"Lifetime major depressive disorder (MTAG)"	"major depressive disorder"	-	GCST90449008	2:15326177	37985818	"Dahl A"
rs30266-?	1E-12	-	NR	-	"0.03287045 unit increase"	[0.024-0.042]	RNU6-334P,NIHCOLE	"Lifetime major depressive disorder (MTAG)"	"major depressive disorder"	-	GCST90449008	5:104636656	37985818	"Dahl A"
rs34721637-?	2E-8	-	NR	-	"0.025926352 unit decrease"	[0.017-0.035]	KIF2A,RN7SKP157	"Lifetime major depressive disorder (MTAG)"	"major depressive disorder"	-	GCST90449008	5:62223850	37985818	"Dahl A"
rs3117333-?	5E-14	-	NR	-	"0.034856483 unit decrease"	[0.026-0.044]	LINC03003	"Lifetime major depressive disorder (MTAG)"	"major depressive disorder"	-	GCST90449008	6:29251712	37985818	"Dahl A"
rs200977-?	2E-13	-	NR	-	"0.034062877 unit decrease"	[0.025-0.043]	H3C12,H4C13	"Lifetime major depressive disorder (MTAG)"	"major depressive disorder"	-	GCST90449008	6:27886523	37985818	"Dahl A"
rs3132610-?	2E-11	-	NR	-	"0.031008609 unit decrease"	[0.022-0.04]	ABCF1	"Lifetime major depressive disorder (MTAG)"	"major depressive disorder"	-	GCST90449008	6:30576624	37985818	"Dahl A"
rs45527431-?	3E-10	-	NR	-	"0.029155152 unit decrease"	[0.02-0.038]	ABT1	"Lifetime major depressive disorder (MTAG)"	"major depressive disorder"	-	GCST90449008	6:26599281	37985818	"Dahl A"
rs240764-?	5E-9	-	NR	-	"0.027213356 unit increase"	[0.018-0.036]	ASCC3,SIM1	"Lifetime major depressive disorder (MTAG)"	"major depressive disorder"	-	GCST90449008	6:100505272	37985818	"Dahl A"
rs3807866-?	2E-16	-	NR	-	"0.037693772 unit increase"	[0.029-0.047]	THSD7A,TMEM106B	"Lifetime major depressive disorder (MTAG)"	"major depressive disorder"	-	GCST90449008	7:12210752	37985818	"Dahl A"
rs34729439-?	8E-10	-	NR	-	"0.028253425 unit increase"	[0.019-0.037]	LSM8,CTTNBP2	"Lifetime major depressive disorder (MTAG)"	"major depressive disorder"	-	GCST90449008	7:117947833	37985818	"Dahl A"
rs3863241-?	1E-8	-	NR	-	"0.026153043 unit decrease"	[0.017-0.035]	TERF1,KCNB2	"Lifetime major depressive disorder (MTAG)"	"major depressive disorder"	-	GCST90449008	8:72978100	37985818	"Dahl A"
chr9:140251458-?	2E-9	-	NR	-	"0.027664572 unit increase"	[0.019-0.037]	-	"Lifetime major depressive disorder (MTAG)"	"major depressive disorder"	-	GCST90449008	-	37985818	"Dahl A"
rs12057031-?	2E-9	-	NR	-	"0.027642537 unit decrease"	[0.019-0.037]	RN7SKP120,TUSC1	"Lifetime major depressive disorder (MTAG)"	"major depressive disorder"	-	GCST90449008	9:25235065	37985818	"Dahl A"
rs10959797-?	6E-9	-	NR	-	"0.026879206 unit decrease"	[0.018-0.036]	AKAP8P1,JKAMPP1	"Lifetime major depressive disorder (MTAG)"	"major depressive disorder"	-	GCST90449008	9:11431990	37985818	"Dahl A"
rs11599236-?	9E-11	-	NR	-	"0.030329058 unit decrease"	[0.021-0.039]	SORCS3	"Lifetime major depressive disorder (MTAG)"	"major depressive disorder"	-	GCST90449008	10:104694914	37985818	"Dahl A"
rs263575-?	4E-9	-	NR	-	"0.030777233 unit decrease"	[0.02-0.041]	BNC2,RN7SL720P	"Lifetime major depressive disorder (MTAG)"	"major depressive disorder"	-	GCST90449004	9:17033842	37985818	"Dahl A"
rs12057031-?	5E-9	-	NR	-	"0.030995175 unit decrease"	[0.021-0.041]	RN7SKP120,TUSC1	"Lifetime major depressive disorder (MTAG)"	"major depressive disorder"	-	GCST90449004	9:25235065	37985818	"Dahl A"
rs2151719-?	1E-8	-	NR	-	"0.03006541 unit decrease"	[0.02-0.04]	JKAMPP1,AKAP8P1	"Lifetime major depressive disorder (MTAG)"	"major depressive disorder"	-	GCST90449004	9:11136403	37985818	"Dahl A"
rs537635-?	8E-10	-	NR	-	"0.032252338 unit increase"	[0.022-0.043]	GRM5	"Lifetime major depressive disorder (MTAG)"	"major depressive disorder"	-	GCST90449004	11:88972067	37985818	"Dahl A"
rs4534613-?	6E-9	-	NR	-	"0.030630244 unit decrease"	[0.02-0.041]	TMPRSS5,DRD2	"Lifetime major depressive disorder (MTAG)"	"major depressive disorder"	-	GCST90449004	11:113515321	37985818	"Dahl A"
rs61997596-?	5E-9	-	NR	-	"0.03072216 unit increase"	[0.02-0.041]	TDRD9	"Lifetime major depressive disorder (MTAG)"	"major depressive disorder"	-	GCST90449004	14:104044869	37985818	"Dahl A"
rs8097498-?	1E-9	-	NR	-	"0.031917345 unit increase"	[0.022-0.042]	LINC01416,LINC01415	"Lifetime major depressive disorder (MTAG)"	"major depressive disorder"	-	GCST90449004	18:55782436	37985818	"Dahl A"
rs1311911-?	3E-11	-	NR	-	"0.048241045 unit decrease"	[0.034-0.062]	NOP56P1,RPSAP2	"Lifetime major depressive disorder (MTAG)"	"major depressive disorder"	-	GCST90449005	6:28737297	37985818	"Dahl A"
rs9258375-?	3E-11	-	NR	-	"0.048847124 unit decrease"	[0.034-0.063]	HLA-F-AS1	"Lifetime major depressive disorder (MTAG)"	"major depressive disorder"	-	GCST90449005	6:29785031	37985818	"Dahl A"
rs3129984-?	2E-9	-	NR	-	"0.043562815 unit decrease"	[0.029-0.058]	HCG20,LINC00243	"Lifetime major depressive disorder (MTAG)"	"major depressive disorder"	-	GCST90449005	6:30793795	37985818	"Dahl A"
rs17750424-?	1E-8	-	NR	-	"0.040976875 unit decrease"	[0.027-0.055]	LINC01012,GPR89P	"Lifetime major depressive disorder (MTAG)"	"major depressive disorder"	-	GCST90449005	6:27733343	37985818	"Dahl A"
rs10950391-?	8E-10	-	NR	-	"0.04371302 unit increase"	[0.03-0.058]	TMEM106B	"Lifetime major depressive disorder (MTAG)"	"major depressive disorder"	-	GCST90449005	7:12222203	37985818	"Dahl A"
rs1886913-?	4E-9	-	NR	-	"0.031482853 unit increase"	[0.021-0.042]	GRIK3,FTLP18	"Lifetime major depressive disorder (MTAG)"	"major depressive disorder"	-	GCST90449006	1:36765055	37985818	"Dahl A"
rs12615801-?	1E-8	-	NR	-	"0.030777602 unit decrease"	[0.02-0.041]	NBAS	"Lifetime major depressive disorder (MTAG)"	"major depressive disorder"	-	GCST90449006	2:15321934	37985818	"Dahl A"
rs9468504-?	2E-8	-	NR	-	"0.029958922 unit increase"	[0.02-0.04]	LINC03003	"Lifetime major depressive disorder (MTAG)"	"major depressive disorder"	-	GCST90449006	6:29273778	37985818	"Dahl A"
rs5011438-?	4E-9	-	NR	-	"0.031620294 unit increase"	[0.021-0.042]	TMEM106B	"Lifetime major depressive disorder (MTAG)"	"major depressive disorder"	-	GCST90449006	7:12229172	37985818	"Dahl A"
rs6952555-?	1E-8	-	NR	-	"0.030489689 unit increase"	[0.02-0.041]	CTTNBP2,LSM8	"Lifetime major depressive disorder (MTAG)"	"major depressive disorder"	-	GCST90449006	7:117895224	37985818	"Dahl A"
rs2396753-?	4E-8	-	NR	-	"0.02969633 unit decrease"	[0.019-0.04]	FOXP2	"Lifetime major depressive disorder (MTAG)"	"major depressive disorder"	-	GCST90449006	7:114508276	37985818	"Dahl A"
rs6991878-?	3E-9	-	NR	-	"0.032309093 unit decrease"	[0.022-0.043]	KCNB2,TERF1	"Lifetime major depressive disorder (MTAG)"	"major depressive disorder"	-	GCST90449006	8:72995571	37985818	"Dahl A"
rs35228837-?	1E-8	-	NR	-	"0.031195685 unit increase"	[0.02-0.042]	MSRA-DT	"Lifetime major depressive disorder (MTAG)"	"major depressive disorder"	-	GCST90449006	8:10018398	37985818	"Dahl A"
rs4841485-?	4E-8	-	NR	-	"0.029361965 unit decrease"	[0.019-0.04]	XKR6	"Lifetime major depressive disorder (MTAG)"	"major depressive disorder"	-	GCST90449006	8:11052426	37985818	"Dahl A"
rs4744240-?	1E-9	-	NR	-	"0.032428857 unit decrease"	[0.022-0.043]	FAM120A	"Lifetime major depressive disorder (MTAG)"	"major depressive disorder"	-	GCST90449006	9:93455912	37985818	"Dahl A"
rs11214629-?	1E-9	-	NR	-	"0.0325909 unit increase"	[0.022-0.043]	DRD2,TMPRSS5	"Lifetime major depressive disorder (MTAG)"	"major depressive disorder"	-	GCST90449006	11:113503962	37985818	"Dahl A"
rs10896633-?	3E-8	-	NR	-	"0.02963782 unit increase"	[0.019-0.04]	CLP1	"Lifetime major depressive disorder (MTAG)"	"major depressive disorder"	-	GCST90449006	11:57656568	37985818	"Dahl A"
rs7954112-?	2E-8	-	NR	-	"0.030268585 unit increase"	[0.02-0.041]	SLC15A5,DERA	"Lifetime major depressive disorder (MTAG)"	"major depressive disorder"	-	GCST90449006	12:16163404	37985818	"Dahl A"
rs34883191-?	4E-8	-	NR	-	"0.029539121 unit increase"	[0.019-0.04]	MDGA2,RPL10L	"Lifetime major depressive disorder (MTAG)"	"major depressive disorder"	-	GCST90449006	14:46792330	37985818	"Dahl A"
rs2696626-?	1E-10	-	NR	-	"0.034987774 unit increase"	[0.024-0.046]	ARL17B,MAPK8IP1P1	"Lifetime major depressive disorder (MTAG)"	"major depressive disorder"	-	GCST90449006	17:46249704	37985818	"Dahl A"
rs4632195-?	6E-9	-	NR	-	"0.03243851 unit decrease"	[0.022-0.043]	DCC	"Lifetime major depressive disorder (MTAG)"	"major depressive disorder"	-	GCST90449006	18:53220378	37985818	"Dahl A"
rs1452787-?	6E-9	-	NR	-	"0.031108584 unit increase"	[0.021-0.042]	TCF4	"Lifetime major depressive disorder (MTAG)"	"major depressive disorder"	-	GCST90449006	18:55539976	37985818	"Dahl A"
rs215813-?	4E-9	-	NR	-	"0.029455928 unit increase"	[0.02-0.039]	RNU6-636P,MIR4255	"Lifetime major depressive disorder (MTAG)"	"major depressive disorder"	-	GCST90449007	1:37202292	37985818	"Dahl A"
rs10789340-?	4E-9	-	NR	-	"0.029655907 unit decrease"	[0.02-0.04]	LINC02796	"Lifetime major depressive disorder (MTAG)"	"major depressive disorder"	-	GCST90449007	1:72474590	37985818	"Dahl A"
rs10206116-?	8E-10	-	NR	-	"0.031016087 unit decrease"	[0.021-0.041]	NBAS	"Lifetime major depressive disorder (MTAG)"	"major depressive disorder"	-	GCST90449007	2:15310522	37985818	"Dahl A"
rs66511648-?	3E-8	-	NR	-	"0.02811297 unit increase"	[0.018-0.038]	LINC03051,LSAMP	"Lifetime major depressive disorder (MTAG)"	"major depressive disorder"	-	GCST90449007	3:117796672	37985818	"Dahl A"
rs30266-?	6E-12	-	NR	-	"0.034539852 unit increase"	[0.025-0.044]	RNU6-334P,NIHCOLE	"Lifetime major depressive disorder (MTAG)"	"major depressive disorder"	-	GCST90449007	5:104636656	37985818	"Dahl A"
rs34721637-?	5E-8	-	NR	-	"0.027400019 unit decrease"	[0.018-0.037]	KIF2A,RN7SKP157	"Lifetime major depressive disorder (MTAG)"	"major depressive disorder"	-	GCST90449007	5:62223850	37985818	"Dahl A"
rs35162296-?	2E-8	-	NR	-	"0.028420888 unit decrease"	[0.019-0.038]	H3C9P,H4C8	"Lifetime major depressive disorder (MTAG)"	"major depressive disorder"	-	GCST90449007	6:26318034	37985818	"Dahl A"
rs236346-?	2E-8	-	NR	-	"0.028625658 unit decrease"	[0.019-0.039]	PPIL1	"Lifetime major depressive disorder (MTAG)"	"major depressive disorder"	-	GCST90449007	6:36864327	37985818	"Dahl A"
rs1800628-?	3E-8	-	NR	-	"0.028087487 unit decrease"	[0.018-0.038]	LTB,TNF	"Lifetime major depressive disorder (MTAG)"	"major depressive disorder"	-	GCST90449007	6:31579073	37985818	"Dahl A"
rs1235162-?	3E-16	-	NR	-	"0.04142986 unit decrease"	[0.031-0.051]	GABBR1	"Lifetime major depressive disorder (MTAG)"	"major depressive disorder"	-	GCST90449007	6:29569447	37985818	"Dahl A"
rs36092177-?	2E-14	-	NR	-	"0.038776744 unit decrease"	[0.029-0.049]	ZSCAN12	"Lifetime major depressive disorder (MTAG)"	"major depressive disorder"	-	GCST90449007	6:28390030	37985818	"Dahl A"
rs3132610-?	2E-14	-	NR	-	"0.03861497 unit decrease"	[0.029-0.049]	ABCF1	"Lifetime major depressive disorder (MTAG)"	"major depressive disorder"	-	GCST90449007	6:30576624	37985818	"Dahl A"
rs28360634-?	5E-12	-	NR	-	"0.03489262 unit decrease"	[0.025-0.045]	ZNF204P,ZNF391	"Lifetime major depressive disorder (MTAG)"	"major depressive disorder"	-	GCST90449007	6:27365112	37985818	"Dahl A"
rs3807866-?	3E-15	-	NR	-	"0.03953353 unit increase"	[0.03-0.049]	THSD7A,TMEM106B	"Lifetime major depressive disorder (MTAG)"	"major depressive disorder"	-	GCST90449007	7:12210752	37985818	"Dahl A"
rs7866090-?	4E-10	-	NR	-	"0.031642087 unit decrease"	[0.022-0.042]	JKAMPP1,AKAP8P1	"Lifetime major depressive disorder (MTAG)"	"major depressive disorder"	-	GCST90449007	9:11140883	37985818	"Dahl A"
rs12057031-?	2E-9	-	NR	-	"0.030536503 unit decrease"	[0.021-0.04]	RN7SKP120,TUSC1	"Lifetime major depressive disorder (MTAG)"	"major depressive disorder"	-	GCST90449007	9:25235065	37985818	"Dahl A"
rs263575-?	4E-8	-	NR	-	"0.02762483 unit decrease"	[0.018-0.037]	BNC2,RN7SL720P	"Lifetime major depressive disorder (MTAG)"	"major depressive disorder"	-	GCST90449007	9:17033842	37985818	"Dahl A"
rs11214629-?	9E-10	-	NR	-	"0.030709356 unit increase"	[0.021-0.041]	DRD2,TMPRSS5	"Lifetime major depressive disorder (MTAG)"	"major depressive disorder"	-	GCST90449007	11:113503962	37985818	"Dahl A"
rs537635-?	9E-10	-	NR	-	"0.030712338 unit increase"	[0.021-0.041]	GRM5	"Lifetime major depressive disorder (MTAG)"	"major depressive disorder"	-	GCST90449007	11:88972067	37985818	"Dahl A"
rs61997596-?	2E-8	-	NR	-	"0.028038792 unit increase"	[0.018-0.038]	TDRD9	"Lifetime major depressive disorder (MTAG)"	"major depressive disorder"	-	GCST90449007	14:104044869	37985818	"Dahl A"
rs8097498-?	8E-10	-	NR	-	"0.030802088 unit increase"	[0.021-0.041]	LINC01416,LINC01415	"Lifetime major depressive disorder (MTAG)"	"major depressive disorder"	-	GCST90449007	18:55782436	37985818	"Dahl A"
rs7502539-?	8E-9	-	NR	-	"0.0150661 unit decrease"	[0.01-0.0202]	THRA	"Lifetime major depressive disorder (SoftImpute and observed)"	"major depressive disorder"	-	GCST90449000	17:40062752	37985818	"Dahl A"
rs1504746-?	5E-11	-	NR	-	"0.016881 unit increase"	[0.012-0.022]	DCC	"Lifetime major depressive disorder (SoftImpute and observed)"	"major depressive disorder"	-	GCST90449000	18:53331649	37985818	"Dahl A"
rs57820851-?	5E-11	-	NR	-	"0.0168998 unit increase"	[0.012-0.022]	TCF4,LINC01415	"Lifetime major depressive disorder (SoftImpute and observed)"	"major depressive disorder"	-	GCST90449000	18:55746335	37985818	"Dahl A"
rs10753123-?	3E-8	-	NR	-	"0.0149383 unit decrease"	[0.0097-0.0202]	COP1-DT	"Lifetime major depressive disorder (AutoComplete Impute)"	"major depressive disorder"	-	GCST90449001	1:176334068	37985818	"Dahl A"
rs12615801-?	2E-8	-	NR	-	"0.0152038 unit decrease"	[0.0099-0.0205]	NBAS	"Lifetime major depressive disorder (AutoComplete Impute)"	"major depressive disorder"	-	GCST90449001	2:15321934	37985818	"Dahl A"
rs2288746-?	2E-8	-	NR	-	"0.0153622 unit increase"	[0.01-0.0207]	KIF1A	"Lifetime major depressive disorder (AutoComplete Impute)"	"major depressive disorder"	-	GCST90449001	2:240787229	37985818	"Dahl A"
rs62334821-?	4E-8	-	NR	-	"0.0180793 unit increase"	[0.012-0.025]	GPM6A	"Lifetime major depressive disorder (AutoComplete Impute)"	"major depressive disorder"	-	GCST90449001	4:175943887	37985818	"Dahl A"
rs2876520-?	2E-8	-	NR	-	"0.0150988 unit increase"	[0.0099-0.0203]	ADGRG6,HIVEP2	"Lifetime major depressive disorder (AutoComplete Impute)"	"major depressive disorder"	-	GCST90449001	6:142675481	37985818	"Dahl A"
rs9390489-?	2E-8	-	NR	-	"0.0167107 unit increase"	[0.011-0.023]	SAMD5	"Lifetime major depressive disorder (AutoComplete Impute)"	"major depressive disorder"	-	GCST90449001	6:147665999	37985818	"Dahl A"
rs7772160-?	3E-8	-	NR	-	"0.0145773 unit decrease"	[0.0094-0.0197]	MCFD2P1,ZNF184	"Lifetime major depressive disorder (AutoComplete Impute)"	"major depressive disorder"	-	GCST90449001	6:27444607	37985818	"Dahl A"
rs28732114-?	3E-8	-	NR	-	"0.0203239 unit increase"	[0.013-0.028]	LINC02571	"Lifetime major depressive disorder (AutoComplete Impute)"	"major depressive disorder"	-	GCST90449001	6:31295715	37985818	"Dahl A"
rs13234969-?	1E-15	-	NR	-	"0.0226106 unit increase"	[0.017-0.028]	TMEM106B	"Lifetime major depressive disorder (AutoComplete Impute)"	"major depressive disorder"	-	GCST90449001	7:12237812	37985818	"Dahl A"
rs12270599-?	2E-9	-	NR	-	"0.0158136 unit increase"	[0.011-0.021]	GRM5	"Lifetime major depressive disorder (AutoComplete Impute)"	"major depressive disorder"	-	GCST90449001	11:88993297	37985818	"Dahl A"
rs143864773-?	5E-8	-	NR	-	"0.0254887 unit decrease"	[0.016-0.035]	CCDC73	"Lifetime major depressive disorder (AutoComplete Impute)"	"major depressive disorder"	-	GCST90449001	11:32744320	37985818	"Dahl A"
rs10772898-?	2E-8	-	NR	-	"0.0147517 unit increase"	[0.0096-0.0199]	SLC15A5,DERA	"Lifetime major depressive disorder (AutoComplete Impute)"	"major depressive disorder"	-	GCST90449001	12:16176119	37985818	"Dahl A"
rs10143492-?	3E-9	-	NR	-	"0.0156253 unit decrease"	[0.01-0.021]	YLPM1,FCF1	"Lifetime major depressive disorder (AutoComplete Impute)"	"major depressive disorder"	-	GCST90449001	14:74745411	37985818	"Dahl A"
rs8021255-?	3E-9	-	NR	-	"0.0178046 unit increase"	[0.012-0.024]	NPAS3	"Lifetime major depressive disorder (AutoComplete Impute)"	"major depressive disorder"	-	GCST90449001	14:33526365	37985818	"Dahl A"
rs35982947-?	4E-10	-	NR	-	"0.0171883 unit decrease"	[0.012-0.023]	MED24	"Lifetime major depressive disorder (AutoComplete Impute)"	"major depressive disorder"	-	GCST90449001	17:40058022	37985818	"Dahl A"
rs7244667-?	5E-10	-	NR	-	"0.0191464 unit increase"	[0.013-0.025]	CELF4	"Lifetime major depressive disorder (AutoComplete Impute)"	"major depressive disorder"	-	GCST90449001	18:37546745	37985818	"Dahl A"
rs17527878-?	1E-9	-	NR	-	"0.0167639 unit increase"	[0.011-0.022]	TCF4,LINC01415	"Lifetime major depressive disorder (AutoComplete Impute)"	"major depressive disorder"	-	GCST90449001	18:55737755	37985818	"Dahl A"
rs12624433-?	3E-8	-	NR	-	"0.0167949 unit increase"	[0.011-0.023]	SLC12A5	"Lifetime major depressive disorder (AutoComplete Impute)"	"major depressive disorder"	-	GCST90449001	20:46052214	37985818	"Dahl A"
rs4434089-?	1E-8	-	NR	-	"0.0163434 unit decrease"	[0.011-0.022]	ATP5PFP2,RSPH14	"Lifetime major depressive disorder (AutoComplete Impute)"	"major depressive disorder"	-	GCST90449001	22:23041683	37985818	"Dahl A"
rs7548487-A	1E-8	-	0.9016	-	"0.013488925 unit decrease"	[0.0088-0.0181]	ASTN1	Depression	"major depressive disorder"	-	GCST90058037	1:177055962	34586374	"Giannakopoulou O"
rs547488-C	3E-8	-	0.5389	-	"0.007833196 unit increase"	[0.0051-0.0106]	RNU6-408P,ARIH2P1	Depression	"major depressive disorder"	-	GCST90058037	18:28901498	34586374	"Giannakopoulou O"
rs12160976-A	2E-8	-	0.2512	-	"0.009211683 unit decrease"	[0.006-0.0124]	LINC00899	Depression	"major depressive disorder"	-	GCST90058037	22:46042366	34586374	"Giannakopoulou O"
rs301802-A	1E-8	-	0.6515	-	"0.0084763 unit decrease"	[0.0056-0.0114]	RERE	Depression	"major depressive disorder"	-	GCST90058037	1:8437247	34586374	"Giannakopoulou O"
rs589249-A	5E-9	-	0.6236	-	"0.0085334 unit decrease"	[0.0057-0.0114]	FTLP18,GRIK3	Depression	"major depressive disorder"	-	GCST90058037	1:36696751	34586374	"Giannakopoulou O"
rs10788920-T	1E-11	-	0.1578	-	"0.0131658 unit decrease"	[0.0094-0.017]	AGBL4	Depression	"major depressive disorder"	-	GCST90058037	1:49866053	34586374	"Giannakopoulou O"
rs9360164-T	3E-8	-	0.5948	-	"0.0079422 unit decrease"	[0.0051-0.0108]	ADH5P4,NUFIP1P1	Depression	"major depressive disorder"	-	GCST90058037	6:65874140	34586374	"Giannakopoulou O"
rs77247429-T	3E-10	-	0.7054	-	"0.0097555 unit decrease"	[0.0067-0.0128]	RN7SL366P,C6orf118	Depression	"major depressive disorder"	-	GCST90058037	6:164690116	34586374	"Giannakopoulou O"
rs76854159-A	2E-9	-	0.521	-	"0.0084427 unit decrease"	[0.0057-0.0112]	TMEM106B	Depression	"major depressive disorder"	-	GCST90058037	7:12225433	34586374	"Giannakopoulou O"
rs9655918-A	8E-9	-	0.2887	-	"0.0089877 unit decrease"	[0.0059-0.012]	PCLO	Depression	"major depressive disorder"	-	GCST90058037	7:82786999	34586374	"Giannakopoulou O"
rs2402267-A	2E-8	-	0.3239	-	"0.0085177 unit decrease"	[0.0056-0.0115]	CTTNBP2	Depression	"major depressive disorder"	-	GCST90058037	7:117857757	34586374	"Giannakopoulou O"
rs1931388-A	5E-9	-	0.7068	-	"0.00909573 unit increase"	[0.0061-0.0121]	AKAP8P1,JKAMPP1	Depression	"major depressive disorder"	-	GCST90058037	9:11203149	34586374	"Giannakopoulou O"
rs1487500-A	2E-8	-	0.4235	-	"0.0079825 unit decrease"	[0.0052-0.0108]	RN7SL720P,BNC2	Depression	"major depressive disorder"	-	GCST90058037	9:17012879	34586374	"Giannakopoulou O"
rs3793577-A	7E-9	-	0.4752	-	"0.0081868 unit decrease"	[0.0054-0.011]	ELAVL2	Depression	"major depressive disorder"	-	GCST90058037	9:23737629	34586374	"Giannakopoulou O"
rs4626698-T	2E-8	-	0.1014	-	"0.0130597 unit decrease"	[0.0085-0.0176]	RN7SKP120,TUSC1	Depression	"major depressive disorder"	-	GCST90058037	9:25219173	34586374	"Giannakopoulou O"
rs2029646-A	3E-9	-	0.8228	-	"0.0109624 unit decrease"	[0.0073-0.0146]	ZCCHC7	Depression	"major depressive disorder"	-	GCST90058037	9:37223865	34586374	"Giannakopoulou O"
rs4629949-T	4E-9	-	0.2865	-	"0.0092191 unit decrease"	[0.0062-0.0123]	ASTN2	Depression	"major depressive disorder"	-	GCST90058037	9:116969592	34586374	"Giannakopoulou O"
rs1021363-A	5E-9	-	0.293	-	"0.00908358 unit increase"	[0.006-0.0121]	SORCS3	Depression	"major depressive disorder"	-	GCST90058037	10:104851081	34586374	"Giannakopoulou O"
rs9665832-A	9E-10	-	0.3068	-	"0.00939371 unit increase"	[0.0064-0.0124]	TYR,GRM5	Depression	"major depressive disorder"	-	GCST90058037	11:89101090	34586374	"Giannakopoulou O"
rs4936272-T	8E-11	-	0.3958	-	"0.0093901 unit decrease"	[0.0066-0.0122]	DRD2	Depression	"major depressive disorder"	-	GCST90058037	11:113448185	34586374	"Giannakopoulou O"
rs182722-A	3E-9	-	0.3664	-	"0.00871981 unit increase"	[0.0058-0.0116]	SLC6A15,RPL6P25	Depression	"major depressive disorder"	-	GCST90058037	12:83607840	34586374	"Giannakopoulou O"
rs7339288-T	2E-10	-	0.1561	-	"0.0124417 unit decrease"	[0.0086-0.0163]	B3GLCT	Depression	"major depressive disorder"	-	GCST90058037	13:31328398	34586374	"Giannakopoulou O"
rs1950829-A	8E-11	-	0.6216	-	"0.00946824 unit increase"	[0.0066-0.0123]	LRFN5	Depression	"major depressive disorder"	-	GCST90058037	14:41628734	34586374	"Giannakopoulou O"
rs11621186-T	4E-8	-	0.4795	-	"0.00778775 unit increase"	[0.005-0.0106]	AREL1	Depression	"major depressive disorder"	-	GCST90058037	14:74653925	34586374	"Giannakopoulou O"
rs911554-T	8E-12	-	0.4151	-	"0.0098024 unit decrease"	[0.007-0.0126]	TRMT61A	Depression	"major depressive disorder"	-	GCST90058037	14:103533034	34586374	"Giannakopoulou O"
rs12910916-T	2E-8	-	0.165	-	"0.0107443 unit increase"	[0.007-0.0145]	SEMA6D	Depression	"major depressive disorder"	-	GCST90058037	15:47383458	34586374	"Giannakopoulou O"
rs12445122-A	5E-8	-	0.1362	-	"0.01125016 unit increase"	[0.0072-0.0153]	ERCC4,TMF1P1	Depression	"major depressive disorder"	-	GCST90058037	16:13684613	34586374	"Giannakopoulou O"
rs6497560-A	1E-9	-	0.6601	-	"0.00909493 unit increase"	[0.0062-0.012]	OTOA	Depression	"major depressive disorder"	-	GCST90058037	16:21669247	34586374	"Giannakopoulou O"
rs11665070-A	2E-9	-	0.6747	-	"0.0090796 unit decrease"	[0.0061-0.012]	CELF4,MIR4318	Depression	"major depressive disorder"	-	GCST90058037	18:37572600	34586374	"Giannakopoulou O"
rs17410557-T	9E-10	-	0.7091	-	"0.0095414 unit decrease"	[0.0065-0.0126]	DCC	Depression	"major depressive disorder"	-	GCST90058037	18:53250021	34586374	"Giannakopoulou O"
rs12967143-C	1E-10	-	0.6402	-	"0.0095178 unit decrease"	[0.0066-0.0124]	TCF4	Depression	"major depressive disorder"	-	GCST90058037	18:55431781	34586374	"Giannakopoulou O"
rs2068803-T	6E-7	-	0.8585	-	"0.033093654 unit increase"	[0.02-0.046]	LINC02152,RBFOX1	"Clinical depression"	"major depressive disorder"	-	GCST90058035	16:7892062	34586374	"Giannakopoulou O"
rs28999406-A	4E-6	-	0.0113	-	"0.10077418 unit increase"	[0.058-0.144]	NOS2	"Clinical depression"	"major depressive disorder"	-	GCST90058035	17:27772735	34586374	"Giannakopoulou O"
rs12449442-A	8E-6	-	0.593	-	"0.020999877 unit decrease"	[0.012-0.03]	BPTF	"Clinical depression"	"major depressive disorder"	-	GCST90058035	17:67951524	34586374	"Giannakopoulou O"
rs11307385-?	7E-7	-	0.677	-	"0.02447324 unit increase"	[0.015-0.034]	GAPLINC,DLGAP1	"Clinical depression"	"major depressive disorder"	-	GCST90058035	18:3495860	34586374	"Giannakopoulou O"
rs561635080-?	4E-6	-	0.741	-	"0.024466384 unit decrease"	[0.014-0.035]	LINC01275	"Clinical depression"	"major depressive disorder"	-	GCST90058035	20:50164465	34586374	"Giannakopoulou O"
rs7640419-A	2E-6	-	0.1046	-	"0.039118998 unit increase"	[0.023-0.055]	FHIT	"Depressive symptoms"	"major depressive disorder"	-	GCST90058036	3:60918578	34586374	"Giannakopoulou O"
rs4428533-T	1E-5	-	0.345	-	"0.023372406 unit increase"	[0.013-0.034]	LNCPOIR,RNU6-475P	"Depressive symptoms"	"major depressive disorder"	-	GCST90058036	6:114740389	34586374	"Giannakopoulou O"
rs10240457-A	7E-6	-	0.652	-	"0.02376779 unit increase"	[0.013-0.034]	AGMO	"Depressive symptoms"	"major depressive disorder"	-	GCST90058036	7:15391524	34586374	"Giannakopoulou O"
rs10240058-T	5E-6	-	0.6772	-	"0.024440175 unit increase"	[0.014-0.035]	TWIST1	"Depressive symptoms"	"major depressive disorder"	-	GCST90058036	7:19093064	34586374	"Giannakopoulou O"
rs148539632-T	4E-6	-	0.2167	-	"0.028210945 unit increase"	[0.016-0.04]	BMPER	"Depressive symptoms"	"major depressive disorder"	-	GCST90058036	7:33984412	34586374	"Giannakopoulou O"
rs1928556-T	6E-7	-	0.2972	-	"0.027371047 unit increase"	[0.017-0.038]	CNTN1	"Depressive symptoms"	"major depressive disorder"	-	GCST90058036	12:40779964	34586374	"Giannakopoulou O"
rs3897926-T	9E-6	-	0.7816	-	"0.026958363 unit increase"	[0.015-0.039]	URAD	"Depressive symptoms"	"major depressive disorder"	-	GCST90058036	13:27988468	34586374	"Giannakopoulou O"
rs2270524-T	7E-6	-	0.2668	-	"0.025489647 unit increase"	[0.014-0.037]	ERN1	"Depressive symptoms"	"major depressive disorder"	-	GCST90058036	17:64097600	34586374	"Giannakopoulou O"
rs7551758-T	3E-9	-	0.3545	-	"0.0087814 unit decrease"	[0.0059-0.0117]	NRDC	Depression	"major depressive disorder"	-	GCST90058037	1:51808406	34586374	"Giannakopoulou O"
rs10789340-A	5E-18	-	0.2767	-	"0.0136684 unit decrease"	[0.011-0.017]	LINC02796	Depression	"major depressive disorder"	-	GCST90058037	1:72474590	34586374	"Giannakopoulou O"
rs12037227-A	1E-8	-	0.535	-	"0.0080935 unit decrease"	[0.0053-0.0109]	LINC02796,KRT8P21	Depression	"major depressive disorder"	-	GCST90058037	1:73059753	34586374	"Giannakopoulou O"
rs12134279-T	3E-8	-	0.2237	-	"0.0094141 unit decrease"	[0.0061-0.0127]	C1orf53,DENND1B	Depression	"major depressive disorder"	-	GCST90058037	1:197812068	34586374	"Giannakopoulou O"
rs12619197-A	5E-8	-	0.5743	-	"0.00779999 unit increase"	[0.005-0.0106]	LINC01830	Depression	"major depressive disorder"	-	GCST90058037	2:22343676	34586374	"Giannakopoulou O"
rs112176860-A	4E-8	-	0.0599	-	"0.0163862 unit decrease"	[0.011-0.022]	VRK2	Depression	"major depressive disorder"	-	GCST90058037	2:57916173	34586374	"Giannakopoulou O"
rs17723244-A	3E-8	-	0.7651	-	"0.009204 unit decrease"	[0.0059-0.0125]	LSAMP,LINC03051	Depression	"major depressive disorder"	-	GCST90058037	3:117991249	34586374	"Giannakopoulou O"
rs247910-A	3E-9	-	0.5683	-	"0.0084994 unit decrease"	[0.0057-0.0113]	TMEM161B-DT	Depression	"major depressive disorder"	-	GCST90058037	5:88334952	34586374	"Giannakopoulou O"
rs10061069-C	5E-8	-	0.2191	-	"0.0093136 unit decrease"	[0.006-0.0127]	ARB2A,POU5F2	Depression	"major depressive disorder"	-	GCST90058037	5:93735924	34586374	"Giannakopoulou O"
rs325500-A	2E-10	-	0.388	-	"0.0092031 unit increase"	[0.0064-0.012]	NIHCOLE,RNU6-334P	Depression	"major depressive disorder"	-	GCST90058037	5:104670966	34586374	"Giannakopoulou O"
rs7725715-A	1E-9	-	0.6175	-	"0.00888467 unit increase"	[0.006-0.0117]	LINC03000	Depression	"major depressive disorder"	-	GCST90058037	5:165060549	34586374	"Giannakopoulou O"
rs200484-A	1E-16	-	0.8618	-	"0.01696112 unit increase"	[0.013-0.021]	H2BC13	Depression	"major depressive disorder"	-	GCST90058037	6:27807896	34586374	"Giannakopoulou O"
rs113882548-A	7E-8	-	0.7233	-	"0.019335138 unit decrease"	[0.012-0.026]	ECE1,EIF4G3	Depression	"major depressive disorder"	-	GCST90058032	1:21180264	34586374	"Giannakopoulou O"
rs191109421-T	7E-6	-	0.0013	-	"0.19971447 unit increase"	[0.11-0.29]	NIPAL3	Depression	"major depressive disorder"	-	GCST90058032	1:24476215	34586374	"Giannakopoulou O"
rs10889022-T	3E-7	-	0.5881	-	"0.016711783 unit increase"	[0.01-0.023]	LINC02811,TRIT1	Depression	"major depressive disorder"	-	GCST90058032	1:39820333	34586374	"Giannakopoulou O"
rs142312910-?	7E-8	-	0.982	-	"0.064362794 unit increase"	[0.041-0.088]	LINC02796	Depression	"major depressive disorder"	-	GCST90058032	1:72491289	34586374	"Giannakopoulou O"
rs4656484-C	4E-8	-	0.6345	-	"0.018218145 unit decrease"	[0.012-0.025]	FAM78B,FMO7P	Depression	"major depressive disorder"	-	GCST90058032	1:166176229	34586374	"Giannakopoulou O"
rs79463509-T	7E-6	-	0.9812	-	"0.052877333 unit increase"	[0.03-0.076]	LINC01657,TNR	Depression	"major depressive disorder"	-	GCST90058032	1:175827202	34586374	"Giannakopoulou O"
rs118097243-T	1E-5	-	0.9784	-	"0.048762217 unit decrease"	[0.027-0.07]	MTA3,OXER1	Depression	"major depressive disorder"	-	GCST90058032	2:42757402	34586374	"Giannakopoulou O"
rs117092537-A	2E-6	-	0.9625	-	"0.04019778 unit increase"	[0.024-0.057]	ACOXL	Depression	"major depressive disorder"	-	GCST90058032	2:110983515	34586374	"Giannakopoulou O"
rs1601358-A	4E-6	-	0.5355	-	"0.01487218 unit increase"	[0.0086-0.0212]	FABP5P10,LINC02612	Depression	"major depressive disorder"	-	GCST90058032	2:151133951	34586374	"Giannakopoulou O"
rs73192710-A	6E-6	-	0.2152	-	"0.017615791 unit decrease"	[0.01-0.0253]	ALCAM	Depression	"major depressive disorder"	-	GCST90058032	3:105509711	34586374	"Giannakopoulou O"
rs1516726-A	2E-7	-	0.6041	-	"0.016982753 unit decrease"	[0.011-0.023]	ETV5,DGKG	Depression	"major depressive disorder"	-	GCST90058032	3:186106485	34586374	"Giannakopoulou O"
rs75969500-A	6E-6	-	0.9748	-	"0.046199884 unit increase"	[0.026-0.066]	HSD17B11	Depression	"major depressive disorder"	-	GCST90058032	4:87344070	34586374	"Giannakopoulou O"
rs144271358-T	3E-6	-	0.0097	-	"0.07677518 unit increase"	[0.045-0.109]	LINC02362,LINC02363	Depression	"major depressive disorder"	-	GCST90058032	4:184359864	34586374	"Giannakopoulou O"
rs115767724-A	4E-6	-	0.0056	-	"0.09860211 unit decrease"	[0.056-0.141]	MCC	Depression	"major depressive disorder"	-	GCST90058032	5:113205247	34586374	"Giannakopoulou O"
rs9320323-T	9E-6	-	0.6131	-	"0.014627113 unit increase"	[0.0082-0.0211]	METTL24	Depression	"major depressive disorder"	-	GCST90058032	6:110267343	34586374	"Giannakopoulou O"
rs71028431-?	2E-7	-	0.573	-	"0.016859297 unit increase"	[0.011-0.023]	RNU6-475P,LNCPOIR	Depression	"major depressive disorder"	-	GCST90058032	6:114709895	34586374	"Giannakopoulou O"
rs10240457-A	4E-7	-	0.6455	-	"0.017006803 unit increase"	[0.01-0.024]	AGMO	Depression	"major depressive disorder"	-	GCST90058032	7:15391524	34586374	"Giannakopoulou O"
rs78213282-C	4E-6	-	0.9834	-	"0.057727277 unit decrease"	[0.033-0.082]	CREB5,TRIL	Depression	"major depressive disorder"	-	GCST90058032	7:28892876	34586374	"Giannakopoulou O"
rs2117088-A	1E-6	-	0.7521	-	"0.017927788 unit increase"	[0.011-0.025]	ABCA13	Depression	"major depressive disorder"	-	GCST90058032	7:48302809	34586374	"Giannakopoulou O"
rs138763223-A	8E-6	-	0.997	-	"0.13070093 unit decrease"	[0.073-0.188]	STEAP2	Depression	"major depressive disorder"	-	GCST90058032	7:90227139	34586374	"Giannakopoulou O"
rs151148981-T	3E-6	-	0.0339	-	"0.041313786 unit increase"	[0.024-0.059]	DLD	Depression	"major depressive disorder"	-	GCST90058032	7:107922318	34586374	"Giannakopoulou O"
rs35794121-?	7E-6	-	0.685	-	"0.015544215 unit decrease"	[0.0088-0.0223]	CNTN1	Depression	"major depressive disorder"	-	GCST90058032	12:40780920	34586374	"Giannakopoulou O"
rs12853320-A	1E-6	-	0.0012	-	"0.22498952 unit increase"	[0.13-0.32]	KRT18P27,LINC01049	Depression	"major depressive disorder"	-	GCST90058032	13:90368861	34586374	"Giannakopoulou O"
rs11077888-A	5E-6	-	0.8026	-	"0.025696624 unit decrease"	[0.015-0.037]	Metazoa_SRP,SNHG20	Depression	"major depressive disorder"	-	GCST90058034	17:77034500	34586374	"Giannakopoulou O"
rs75035418-A	6E-6	-	0.9159	-	"0.036650788 unit increase"	[0.021-0.053]	CSMD3	Depression	"major depressive disorder"	-	GCST90058034	8:112300960	34586374	"Giannakopoulou O"
rs2123906-T	6E-6	-	0.7432	-	"0.023263268 unit increase"	[0.013-0.033]	SNORA70,CSMD1	Depression	"major depressive disorder"	-	GCST90058034	8:5053989	34586374	"Giannakopoulou O"
rs1553992-T	6E-6	-	0.1661	-	"0.027265033 unit increase"	[0.015-0.039]	APPL1	Depression	"major depressive disorder"	-	GCST90058034	3:57246707	34586374	"Giannakopoulou O"
rs2785898-T	7E-6	-	0.3964	-	"0.020629719 unit decrease"	[0.012-0.03]	MANEA,KRT18P50	Depression	"major depressive disorder"	-	GCST90058034	6:95871948	34586374	"Giannakopoulou O"
rs4551212-T	9E-6	-	0.3313	-	"0.021252843 unit increase"	[0.012-0.031]	SLC22A16,CDK19	Depression	"major depressive disorder"	-	GCST90058034	6:110488766	34586374	"Giannakopoulou O"
rs12432084-T	9E-6	-	0.1973	-	"0.025125105 unit decrease"	[0.014-0.036]	LINC02328	Depression	"major depressive disorder"	-	GCST90058034	14:85988988	34586374	"Giannakopoulou O"
rs150027551-C	2E-6	-	0.9584	-	"0.05513944 unit decrease"	[0.032-0.078]	ASH1L	"Clinical depression"	"major depressive disorder"	-	GCST90058035	1:155451485	34586374	"Giannakopoulou O"
rs12405465-A	7E-6	-	0.5206	-	"0.02077121 unit decrease"	[0.012-0.03]	U3,NMNAT1P2	"Clinical depression"	"major depressive disorder"	-	GCST90058035	1:164105769	34586374	"Giannakopoulou O"
rs4657530-T	4E-7	-	0.5336	-	"0.023426628 unit decrease"	[0.014-0.033]	FAM78B,FMO7P	"Clinical depression"	"major depressive disorder"	-	GCST90058035	1:166188469	34586374	"Giannakopoulou O"
rs1421-T	5E-6	-	0.8203	-	"0.027508738 unit increase"	[0.016-0.039]	EPCAM	"Clinical depression"	"major depressive disorder"	-	GCST90058035	2:47386731	34586374	"Giannakopoulou O"
rs12613785-T	5E-6	-	0.0204	-	"0.07481028 unit increase"	[0.043-0.107]	MIR217HG	"Clinical depression"	"major depressive disorder"	-	GCST90058035	2:55992736	34586374	"Giannakopoulou O"
rs117340844-T	9E-6	-	0.1177	-	"0.031784922 unit decrease"	[0.018-0.046]	PRR23E2P,Y_RNA	"Clinical depression"	"major depressive disorder"	-	GCST90058035	3:127210817	34586374	"Giannakopoulou O"
rs79995231-A	1E-6	-	0.0192	-	"0.081039056 unit increase"	[0.048-0.114]	RNU6-34P,RNU6-1059P	"Clinical depression"	"major depressive disorder"	-	GCST90058035	4:95982280	34586374	"Giannakopoulou O"
rs142158835-T	9E-6	-	0.0105	-	"0.100941546 unit increase"	[0.057-0.145]	LINC02233,LINC02477	"Clinical depression"	"major depressive disorder"	-	GCST90058035	4:160489891	34586374	"Giannakopoulou O"
rs141022227-A	5E-6	-	0.0295	-	"0.06265193 unit increase"	[0.036-0.089]	ARSB	"Clinical depression"	"major depressive disorder"	-	GCST90058035	5:78962393	34586374	"Giannakopoulou O"
rs75554948-A	7E-6	-	0.9786	-	"0.071609855 unit decrease"	[0.04-0.103]	RN7SKP60,LINC01938	"Clinical depression"	"major depressive disorder"	-	GCST90058035	5:165537335	34586374	"Giannakopoulou O"
rs10261974-T	6E-6	-	0.8423	-	"0.028598512 unit increase"	[0.016-0.041]	LINC-PINT	"Clinical depression"	"major depressive disorder"	-	GCST90058035	7:130988866	34586374	"Giannakopoulou O"
rs34151223-T	2E-6	-	0.3168	-	"0.023536386 unit decrease"	[0.014-0.033]	ARHGEF10,KBTBD11-OT1	"Clinical depression"	"major depressive disorder"	-	GCST90058035	8:1861407	34586374	"Giannakopoulou O"
rs75084726-T	7E-6	-	0.0482	-	"0.048597988 unit increase"	[0.027-0.07]	CSMD1	"Clinical depression"	"major depressive disorder"	-	GCST90058035	8:3330092	34586374	"Giannakopoulou O"
rs11776496-A	3E-6	-	0.6607	-	"0.022750866 unit increase"	[0.013-0.032]	ZHX2	"Clinical depression"	"major depressive disorder"	-	GCST90058035	8:122809703	34586374	"Giannakopoulou O"
rs12416174-T	7E-8	-	0.4501	-	"0.025055923 unit increase"	[0.016-0.034]	DNAJC12	"Clinical depression"	"major depressive disorder"	-	GCST90058035	10:67835429	34586374	"Giannakopoulou O"
rs7127040-C	9E-6	-	0.495	-	"0.02055589 unit decrease"	[0.011-0.03]	MRGPRX11P,MRGPRX10P	"Clinical depression"	"major depressive disorder"	-	GCST90058035	11:18960335	34586374	"Giannakopoulou O"
rs6572268-A	2E-6	-	0.4625	-	"0.021979995 unit increase"	[0.013-0.031]	TRAV25,TRAV24	"Clinical depression"	"major depressive disorder"	-	GCST90058035	14:22109194	34586374	"Giannakopoulou O"
rs1356291-T	3E-6	-	0.3937	-	"0.021849092 unit increase"	[0.013-0.031]	ETV5,DGKG	Depression	"major depressive disorder"	-	GCST90058033	3:186106855	34586374	"Giannakopoulou O"
rs75257091-C	3E-6	-	0.8708	-	"0.031648006 unit increase"	[0.018-0.045]	LINC02152,RBFOX1	Depression	"major depressive disorder"	-	GCST90058033	16:7896037	34586374	"Giannakopoulou O"
rs6836317-A	6E-6	-	0.958	-	"0.051657073 unit decrease"	[0.029-0.074]	LINC02500,LINC00290	Depression	"major depressive disorder"	-	GCST90058033	4:181216035	34586374	"Giannakopoulou O"
rs10918385-T	7E-6	-	0.4875	-	"0.02061135 unit increase"	[0.012-0.03]	FAM78B,FMO7P	Depression	"major depressive disorder"	-	GCST90058033	1:166192118	34586374	"Giannakopoulou O"
rs4784666-T	7E-6	-	0.5681	-	"0.020780277 unit increase"	[0.012-0.03]	AMFR	Depression	"major depressive disorder"	-	GCST90058033	16:56413452	34586374	"Giannakopoulou O"
rs10889073-A	7E-6	-	0.4066	-	"0.020946192 unit increase"	[0.012-0.03]	MYCL,Y_RNA	Depression	"major depressive disorder"	-	GCST90058033	1:39911059	34586374	"Giannakopoulou O"
rs141640536-T	7E-6	-	0.0369	-	"0.054444205 unit increase"	[0.031-0.078]	LINC02724,SLC22A11	Depression	"major depressive disorder"	-	GCST90058033	11:64477445	34586374	"Giannakopoulou O"
rs7013963-A	8E-6	-	0.7986	-	"0.025432624 unit decrease"	[0.014-0.037]	AARD,RAD21-AS1	Depression	"major depressive disorder"	-	GCST90058033	8:116905021	34586374	"Giannakopoulou O"
rs369111377-A	9E-6	-	0.8622	-	"0.029504659 unit increase"	[0.017-0.042]	LINC01721,POM121L3P	Depression	"major depressive disorder"	-	GCST90058033	20:24003189	34586374	"Giannakopoulou O"
rs117495044-T	9E-6	-	0.0336	-	"0.05641258 unit decrease"	[0.032-0.081]	ACOXL	Depression	"major depressive disorder"	-	GCST90058033	2:111002013	34586374	"Giannakopoulou O"
rs75562961-A	9E-6	-	0.9269	-	"0.03889454 unit decrease"	[0.022-0.056]	CDH13	Depression	"major depressive disorder"	-	GCST90058033	16:83432308	34586374	"Giannakopoulou O"
rs76366943-A	1E-5	-	0.7179	-	"0.022441454 unit decrease"	[0.012-0.032]	DELEC1,TNC	Depression	"major depressive disorder"	-	GCST90058033	9:115077518	34586374	"Giannakopoulou O"
rs17672308-A	1E-7	-	0.5516	-	"0.024029933 unit increase"	[0.015-0.033]	ELP2	Depression	"major depressive disorder"	-	GCST90058034	18:36132745	34586374	"Giannakopoulou O"
rs35396333-T	2E-7	-	0.9202	-	"0.04327182 unit decrease"	[0.027-0.06]	KCNN2,YTHDC2	Depression	"major depressive disorder"	-	GCST90058034	5:113738439	34586374	"Giannakopoulou O"
rs199861792-?	2E-7	-	0.327	-	"0.024841305 unit decrease"	[0.015-0.034]	LINC00907	Depression	"major depressive disorder"	-	GCST90058034	18:42190629	34586374	"Giannakopoulou O"
rs57717444-C	3E-7	-	0.1796	-	"0.029862493 unit increase"	[0.018-0.041]	GRIK4	Depression	"major depressive disorder"	-	GCST90058034	11:120553742	34586374	"Giannakopoulou O"
rs12951205-A	5E-7	-	0.424	-	"0.022803847 unit increase"	[0.014-0.032]	TBC1D16	Depression	"major depressive disorder"	-	GCST90058034	17:80016703	34586374	"Giannakopoulou O"
rs2737705-T	1E-6	-	0.4526	-	"0.022017356 unit decrease"	[0.013-0.031]	KCNJ9	Depression	"major depressive disorder"	-	GCST90058034	1:160088174	34586374	"Giannakopoulou O"
rs75426877-?	1E-6	-	0.454	-	"0.021981157 unit increase"	[0.013-0.031]	CFAP418-AS1	Depression	"major depressive disorder"	-	GCST90058034	8:95486493	34586374	"Giannakopoulou O"
rs117063687-A	2E-6	-	0.0207	-	"0.07599253 unit decrease"	[0.045-0.107]	MRPL22,KIF4B	Depression	"major depressive disorder"	-	GCST90058034	5:154983146	34586374	"Giannakopoulou O"
rs117018006-A	2E-6	-	0.0232	-	"0.0715595 unit decrease"	[0.042-0.101]	ZNF385D	Depression	"major depressive disorder"	-	GCST90058034	3:21884063	34586374	"Giannakopoulou O"
rs5864596-?	2E-6	-	0.863	-	"0.030824061 unit decrease"	[0.018-0.044]	NDUFB5P1,RNA5SP173	Depression	"major depressive disorder"	-	GCST90058034	4:179679070	34586374	"Giannakopoulou O"
rs113705739-?	2E-6	-	0.061	-	"0.044287227 unit increase"	[0.026-0.063]	-	Depression	"major depressive disorder"	-	GCST90058034	-	34586374	"Giannakopoulou O"
rs74916244-A	5E-6	-	0.0426	-	"0.051080603 unit increase"	[0.029-0.073]	PCSK6	Depression	"major depressive disorder"	-	GCST90058034	15:101428559	34586374	"Giannakopoulou O"
rs78927880-C	5E-6	-	0.0712	-	"0.04007124 unit increase"	[0.023-0.057]	PTPRD	Depression	"major depressive disorder"	-	GCST90058034	9:9324851	34586374	"Giannakopoulou O"
rs10240457-A	6E-9	-	0.6451	-	"0.02771348 unit increase"	[0.018-0.037]	AGMO	Depression	"major depressive disorder"	-	GCST90058033	7:15391524	34586374	"Giannakopoulou O"
rs113882548-A	8E-8	-	0.7227	-	"0.027437612 unit decrease"	[0.017-0.037]	ECE1,EIF4G3	Depression	"major depressive disorder"	-	GCST90058033	1:21180264	34586374	"Giannakopoulou O"
rs35794121-?	2E-6	-	0.696	-	"0.023472967 unit decrease"	[0.014-0.033]	CNTN1	Depression	"major depressive disorder"	-	GCST90058033	12:40780920	34586374	"Giannakopoulou O"
rs12579626-C	3E-6	-	0.7237	-	"0.023928268 unit decrease"	[0.014-0.034]	TMEM132D	Depression	"major depressive disorder"	-	GCST90058033	12:129222275	34586374	"Giannakopoulou O"
rs2309394-A	2E-6	-	0.4482	-	"0.015188866 unit increase"	[0.0089-0.0215]	FXN	Depression	"major depressive disorder"	-	GCST90058032	9:69056200	34586374	"Giannakopoulou O"
rs76366943-A	5E-6	-	0.7291	-	"0.016444473 unit decrease"	[0.0094-0.0235]	DELEC1,TNC	Depression	"major depressive disorder"	-	GCST90058032	9:115077518	34586374	"Giannakopoulou O"
rs117143944-T	9E-6	-	0.9994	-	"0.2913159 unit decrease"	[0.16-0.42]	OR51E2	Depression	"major depressive disorder"	-	GCST90058032	11:4683411	34586374	"Giannakopoulou O"
rs80263541-T	9E-6	-	0.97	-	"0.041808583 unit decrease"	[0.023-0.06]	DCDC1	Depression	"major depressive disorder"	-	GCST90058032	11:31352082	34586374	"Giannakopoulou O"
rs74196388-A	1E-5	-	0.013	-	"0.06258039 unit increase"	[0.035-0.09]	HNRNPKP3,LINC02740	Depression	"major depressive disorder"	-	GCST90058032	11:42681240	34586374	"Giannakopoulou O"
rs76037597-A	8E-6	-	0.1487	-	"0.0201175 unit increase"	[0.011-0.029]	GRIK4	Depression	"major depressive disorder"	-	GCST90058032	11:120550591	34586374	"Giannakopoulou O"
rs17645297-T	1E-6	-	0.9914	-	"0.085068196 unit decrease"	[0.051-0.119]	ST8SIA1	Depression	"major depressive disorder"	-	GCST90058032	12:22198246	34586374	"Giannakopoulou O"
rs149896028-A	1E-6	-	0.0123	-	"0.07027606 unit decrease"	[0.042-0.099]	CLVS1	Depression	"major depressive disorder"	-	GCST90058032	8:61422155	34586374	"Giannakopoulou O"
rs151239039-?	9E-6	-	0.638	-	"0.014780625 unit increase"	[0.0082-0.0213]	SMARCA2,RNA5SP279	Depression	"major depressive disorder"	-	GCST90058032	9:1968615	34586374	"Giannakopoulou O"
rs7467602-T	5E-7	-	0.9163	-	"0.0291969 unit decrease"	[0.018-0.041]	PTPRD	Depression	"major depressive disorder"	-	GCST90058032	9:9324747	34586374	"Giannakopoulou O"
rs1057507-A	4E-6	-	0.9168	-	"0.02674616 unit increase"	[0.015-0.038]	GRHPR	Depression	"major depressive disorder"	-	GCST90058032	9:37436928	34586374	"Giannakopoulou O"
rs2239629-T	2E-6	-	0.5488	-	"0.015224702 unit decrease"	[0.0089-0.0215]	SLC7A8	Depression	"major depressive disorder"	-	GCST90058032	14:23128919	34586374	"Giannakopoulou O"
rs7151773-A	9E-6	-	0.4472	-	"0.014347446 unit decrease"	[0.008-0.0207]	GPHN	Depression	"major depressive disorder"	-	GCST90058032	14:66557282	34586374	"Giannakopoulou O"
rs200673740-T	3E-6	-	0.6061	-	"0.015229568 unit increase"	[0.0088-0.0217]	MIR3180-4,PLA2G10GP	Depression	"major depressive disorder"	-	GCST90058032	16:15249113	34586374	"Giannakopoulou O"
rs34892598-?	3E-6	-	0.294	-	"0.016565606 unit decrease"	[0.0097-0.0235]	EIF5A	Depression	"major depressive disorder"	-	GCST90058032	17:7310455	34586374	"Giannakopoulou O"
rs201528666-?	8E-6	-	0.86	-	"0.020689644 unit increase"	[0.012-0.03]	TMEM220-AS1,RN7SL601P	Depression	"major depressive disorder"	-	GCST90058032	17:11110228	34586374	"Giannakopoulou O"
rs10694066-?	3E-6	-	0.704	-	"0.016452514 unit decrease"	[0.0096-0.0233]	ERN1	Depression	"major depressive disorder"	-	GCST90058032	17:64082851	34586374	"Giannakopoulou O"
rs7215702-A	7E-6	-	0.5054	-	"0.014399502 unit increase"	[0.0081-0.0207]	SEPTIN9,LINC01987	Depression	"major depressive disorder"	-	GCST90058032	17:77619425	34586374	"Giannakopoulou O"
rs632671-A	6E-7	-	0.7245	-	"0.017926116 unit increase"	[0.011-0.025]	RPS4XP19,MTCL1	Depression	"major depressive disorder"	-	GCST90058032	18:8877324	34586374	"Giannakopoulou O"
rs8088736-C	3E-6	-	0.3648	-	"0.015478575 unit decrease"	[0.009-0.022]	LINC00907,PIK3C3	Depression	"major depressive disorder"	-	GCST90058032	18:42131323	34586374	"Giannakopoulou O"
rs2232267-A	7E-6	-	0.8505	-	"0.020261833 unit decrease"	[0.011-0.029]	LAMP5	Depression	"major depressive disorder"	-	GCST90058032	20:9516410	34586374	"Giannakopoulou O"
rs5841020-?	1E-6	-	0.968	-	"0.043858115 unit increase"	[0.026-0.062]	LINC01721,POM121L3P	Depression	"major depressive disorder"	-	GCST90058032	20:24026404	34586374	"Giannakopoulou O"
rs201818516-?	4E-6	-	0.214	-	"0.018121226 unit decrease"	[0.01-0.026]	KCNB1,PTGIS	Depression	"major depressive disorder"	-	GCST90058032	20:49488255	34586374	"Giannakopoulou O"
rs6854651-A	8E-6	-	0.9788	-	"0.06989577 unit decrease"	[0.039-0.101]	CCSER1	Depression	"major depressive disorder"	-	GCST90058034	4:90314933	34586374	"Giannakopoulou O"
rs6589379-?	8E-11	-	NR	-	"0.0164054 unit decrease"	[0.011-0.021]	TMPRSS5,DRD2	"Lifetime major depressive disorder (AutoComplete Impute and observed)"	"major depressive disorder"	-	GCST90449002	11:113503845	37985818	"Dahl A"
rs11803263-?	8E-10	-	NR	-	"0.0150081 unit decrease"	[0.01-0.02]	LINC02796,KRT8P21	"Lifetime major depressive disorder (AutoComplete Impute and observed)"	"major depressive disorder"	-	GCST90449002	1:72983476	37985818	"Dahl A"
rs7548487-?	6E-9	-	NR	-	"0.0221303 unit increase"	[0.015-0.03]	ASTN1	"Lifetime major depressive disorder (AutoComplete Impute and observed)"	"major depressive disorder"	-	GCST90449002	1:177055962	37985818	"Dahl A"
rs12615801-?	5E-11	-	NR	-	"0.0164721 unit decrease"	[0.012-0.021]	NBAS	"Lifetime major depressive disorder (AutoComplete Impute and observed)"	"major depressive disorder"	-	GCST90449002	2:15321934	37985818	"Dahl A"
rs2288746-?	2E-8	-	NR	-	"0.0143131 unit increase"	[0.0093-0.0193]	KIF1A	"Lifetime major depressive disorder (AutoComplete Impute and observed)"	"major depressive disorder"	-	GCST90449002	2:240787229	37985818	"Dahl A"
rs3872822-?	1E-9	-	NR	-	"0.0147871 unit decrease"	[0.01-0.02]	RN7SKP157,KIF2A	"Lifetime major depressive disorder (AutoComplete Impute and observed)"	"major depressive disorder"	-	GCST90449002	5:62222567	37985818	"Dahl A"
rs30266-?	1E-9	-	NR	-	"0.0157385 unit increase"	[0.011-0.021]	RNU6-334P,NIHCOLE	"Lifetime major depressive disorder (AutoComplete Impute and observed)"	"major depressive disorder"	-	GCST90449002	5:104636656	37985818	"Dahl A"
rs7725715-?	1E-8	-	NR	-	"0.0139084 unit decrease"	[0.0091-0.0187]	LINC03000	"Lifetime major depressive disorder (AutoComplete Impute and observed)"	"major depressive disorder"	-	GCST90449002	5:165060549	37985818	"Dahl A"
rs7772160-?	3E-12	-	NR	-	"0.0169712 unit decrease"	[0.012-0.022]	MCFD2P1,ZNF184	"Lifetime major depressive disorder (AutoComplete Impute and observed)"	"major depressive disorder"	-	GCST90449002	6:27444607	37985818	"Dahl A"
rs9258375-?	4E-12	-	NR	-	"0.0263231 unit decrease"	[0.019-0.034]	HLA-F-AS1	"Lifetime major depressive disorder (AutoComplete Impute and observed)"	"major depressive disorder"	-	GCST90449002	6:29785031	37985818	"Dahl A"
rs1264373-?	3E-11	-	NR	-	"0.0225769 unit decrease"	[0.016-0.029]	LINC00243	"Lifetime major depressive disorder (AutoComplete Impute and observed)"	"major depressive disorder"	-	GCST90449002	6:30801496	37985818	"Dahl A"
rs1233624-?	8E-11	-	NR	-	"0.0243953 unit decrease"	[0.017-0.032]	NOP56P1,RPSAP2	"Lifetime major depressive disorder (AutoComplete Impute and observed)"	"major depressive disorder"	-	GCST90449002	6:28782488	37985818	"Dahl A"
rs240764-?	4E-10	-	NR	-	"0.0155242 unit increase"	[0.011-0.02]	ASCC3,SIM1	"Lifetime major depressive disorder (AutoComplete Impute and observed)"	"major depressive disorder"	-	GCST90449002	6:100505272	37985818	"Dahl A"
rs2876520-?	4E-9	-	NR	-	"0.0146491 unit increase"	[0.0098-0.0195]	ADGRG6,HIVEP2	"Lifetime major depressive disorder (AutoComplete Impute and observed)"	"major depressive disorder"	-	GCST90449002	6:142675481	37985818	"Dahl A"
rs6920540-?	1E-8	-	NR	-	"0.0278426 unit increase"	[0.018-0.037]	TNXB	"Lifetime major depressive disorder (AutoComplete Impute and observed)"	"major depressive disorder"	-	GCST90449002	6:32041710	37985818	"Dahl A"
rs3807866-?	2E-15	-	NR	-	"0.019707 unit increase"	[0.015-0.025]	THSD7A,TMEM106B	"Lifetime major depressive disorder (AutoComplete Impute and observed)"	"major depressive disorder"	-	GCST90449002	7:12210752	37985818	"Dahl A"
rs6466627-?	6E-11	-	NR	-	"0.0168245 unit increase"	[0.012-0.022]	CTTNBP2	"Lifetime major depressive disorder (AutoComplete Impute and observed)"	"major depressive disorder"	-	GCST90449002	7:117846880	37985818	"Dahl A"
rs11975565-?	4E-8	-	NR	-	"0.015532 unit increase"	[0.01-0.0211]	BUB3P1,EIF3IP1	"Lifetime major depressive disorder (AutoComplete Impute and observed)"	"major depressive disorder"	-	GCST90449002	7:109441690	37985818	"Dahl A"
rs10818400-?	2E-9	-	NR	-	"0.0149516 unit decrease"	[0.01-0.02]	BRINP1,LINC01613	"Lifetime major depressive disorder (AutoComplete Impute and observed)"	"major depressive disorder"	-	GCST90449002	9:119902190	37985818	"Dahl A"
rs7865888-?	2E-9	-	NR	-	"0.0185852 unit decrease"	[0.013-0.025]	AKAP8P1,JKAMPP1	"Lifetime major depressive disorder (AutoComplete Impute and observed)"	"major depressive disorder"	-	GCST90449002	9:11140428	37985818	"Dahl A"
rs28377268-?	6E-9	-	NR	-	"0.0229298 unit increase"	[0.015-0.031]	PTCH1	"Lifetime major depressive disorder (AutoComplete Impute and observed)"	"major depressive disorder"	-	GCST90449002	9:95462774	37985818	"Dahl A"
rs10733396-?	5E-8	-	NR	-	"0.0178946 unit decrease"	[0.011-0.024]	RN7SKP120,TUSC1	"Lifetime major depressive disorder (AutoComplete Impute and observed)"	"major depressive disorder"	-	GCST90449002	9:25218771	37985818	"Dahl A"
rs10772898-?	4E-9	-	NR	-	"0.0143455 unit increase"	[0.0096-0.0191]	SLC15A5,DERA	"Lifetime major depressive disorder (AutoComplete Impute and observed)"	"major depressive disorder"	-	GCST90449002	12:16176119	37985818	"Dahl A"
rs9317586-?	3E-9	-	NR	-	"0.0145733 unit increase"	[0.0098-0.0194]	PCDH9	"Lifetime major depressive disorder (AutoComplete Impute and observed)"	"major depressive disorder"	-	GCST90449002	13:66392295	37985818	"Dahl A"
rs7144654-?	1E-10	-	NR	-	"0.0156956 unit decrease"	[0.011-0.02]	YLPM1	"Lifetime major depressive disorder (AutoComplete Impute and observed)"	"major depressive disorder"	-	GCST90449002	14:74831934	37985818	"Dahl A"
rs61997596-?	9E-9	-	NR	-	"0.0178757 unit increase"	[0.012-0.024]	TDRD9	"Lifetime major depressive disorder (AutoComplete Impute and observed)"	"major depressive disorder"	-	GCST90449002	14:104044869	37985818	"Dahl A"
rs34540281-?	8E-10	-	NR	-	"0.0156591 unit decrease"	[0.011-0.021]	MED24	"Lifetime major depressive disorder (AutoComplete Impute and observed)"	"major depressive disorder"	-	GCST90449002	17:40056110	37985818	"Dahl A"
rs11665242-?	8E-10	-	NR	-	"0.0157922 unit increase"	[0.011-0.021]	DCC	"Lifetime major depressive disorder (AutoComplete Impute and observed)"	"major depressive disorder"	-	GCST90449002	18:53380757	37985818	"Dahl A"
rs17527878-?	4E-9	-	NR	-	"0.015052 unit increase"	[0.01-0.02]	TCF4,LINC01415	"Lifetime major depressive disorder (AutoComplete Impute and observed)"	"major depressive disorder"	-	GCST90449002	18:55737755	37985818	"Dahl A"
rs12607755-?	6E-9	-	NR	-	"0.0166132 unit increase"	[0.011-0.022]	CELF4	"Lifetime major depressive disorder (AutoComplete Impute and observed)"	"major depressive disorder"	-	GCST90449002	18:37554296	37985818	"Dahl A"
rs9074-?	2E-9	-	NR	-	"0.0168025 unit increase"	[0.011-0.022]	SLC12A5	"Lifetime major depressive disorder (AutoComplete Impute and observed)"	"major depressive disorder"	-	GCST90449002	20:46060026	37985818	"Dahl A"
rs2815753-?	1E-10	-	NR	-	"0.03396988 unit decrease"	[0.024-0.044]	LINC02796	"Lifetime major depressive disorder (MTAG)"	"major depressive disorder"	-	GCST90449004	1:72346641	37985818	"Dahl A"
rs215813-?	2E-8	-	NR	-	"0.029564641 unit increase"	[0.019-0.04]	RNU6-636P,MIR4255	"Lifetime major depressive disorder (MTAG)"	"major depressive disorder"	-	GCST90449004	1:37202292	37985818	"Dahl A"
rs73047041-?	2E-8	-	NR	-	"0.029417047 unit increase"	[0.019-0.04]	ASTN1	"Lifetime major depressive disorder (MTAG)"	"major depressive disorder"	-	GCST90449004	1:177063891	37985818	"Dahl A"
rs11123030-?	3E-8	-	NR	-	"0.029233472 unit increase"	[0.019-0.04]	CNTNAP5	"Lifetime major depressive disorder (MTAG)"	"major depressive disorder"	-	GCST90449004	2:124218586	37985818	"Dahl A"
rs40465-?	5E-12	-	NR	-	"0.03638678 unit increase"	[0.026-0.047]	NIHCOLE,RNU6-334P	"Lifetime major depressive disorder (MTAG)"	"major depressive disorder"	-	GCST90449004	5:104646025	37985818	"Dahl A"
rs9258375-?	2E-14	-	NR	-	"0.04093758 unit decrease"	[0.03-0.051]	HLA-F-AS1	"Lifetime major depressive disorder (MTAG)"	"major depressive disorder"	-	GCST90449004	6:29785031	37985818	"Dahl A"
rs1311917-?	2E-13	-	NR	-	"0.038806334 unit decrease"	[0.028-0.049]	NOP56P1,RPSAP2	"Lifetime major depressive disorder (MTAG)"	"major depressive disorder"	-	GCST90449004	6:28783264	37985818	"Dahl A"
rs3129984-?	6E-12	-	NR	-	"0.03630037 unit decrease"	[0.026-0.047]	HCG20,LINC00243	"Lifetime major depressive disorder (MTAG)"	"major depressive disorder"	-	GCST90449004	6:30793795	37985818	"Dahl A"
rs7772160-?	7E-12	-	NR	-	"0.03600764 unit decrease"	[0.026-0.046]	MCFD2P1,ZNF184	"Lifetime major depressive disorder (MTAG)"	"major depressive disorder"	-	GCST90449004	6:27444607	37985818	"Dahl A"
rs75782365-?	2E-9	-	NR	-	"0.03161407 unit decrease"	[0.021-0.042]	BTN3A1	"Lifetime major depressive disorder (MTAG)"	"major depressive disorder"	-	GCST90449004	6:26408323	37985818	"Dahl A"
rs240764-?	3E-8	-	NR	-	"0.029439531 unit increase"	[0.019-0.04]	ASCC3,SIM1	"Lifetime major depressive disorder (MTAG)"	"major depressive disorder"	-	GCST90449004	6:100505272	37985818	"Dahl A"
rs3807866-?	9E-13	-	NR	-	"0.037489075 unit increase"	[0.027-0.048]	THSD7A,TMEM106B	"Lifetime major depressive disorder (MTAG)"	"major depressive disorder"	-	GCST90449004	7:12210752	37985818	"Dahl A"
rs143864773-?	1E-10	-	NR	-	"0.0278513 unit decrease"	[0.019-0.036]	CCDC73	"Lifetime major depressive disorder (AutoComplete Impute and observed)"	"major depressive disorder"	-	GCST90449002	11:32744320	37985818	"Dahl A"
rs10765273-?	1E-9	-	NR	-	"0.0161931 unit decrease"	[0.011-0.021]	CHORDC1	"Lifetime major depressive disorder (AutoComplete Impute and observed)"	"major depressive disorder"	-	GCST90449002	11:90204858	37985818	"Dahl A"
rs434211-?	3E-9	-	NR	-	"0.0153426 unit increase"	[0.01-0.02]	TMEM132B	"Lifetime major depressive disorder (AutoComplete Impute and observed)"	"major depressive disorder"	-	GCST90449002	12:125320642	37985818	"Dahl A"
rs11599236-?	2E-9	-	NR	-	"0.0151854 unit decrease"	[0.01-0.02]	SORCS3	"Lifetime major depressive disorder (AutoComplete Impute and observed)"	"major depressive disorder"	-	GCST90449002	10:104694914	37985818	"Dahl A"
rs2038665-?	4E-8	-	NR	-	"0.0138156 unit increase"	[0.0089-0.0187]	CELF2	"Lifetime major depressive disorder (AutoComplete Impute and observed)"	"major depressive disorder"	-	GCST90449002	10:10823542	37985818	"Dahl A"
rs12270599-?	8E-12	-	NR	-	"0.0167557 unit increase"	[0.012-0.022]	GRM5	"Lifetime major depressive disorder (AutoComplete Impute and observed)"	"major depressive disorder"	-	GCST90449002	11:88993297	37985818	"Dahl A"
rs215852-?	5E-11	-	NR	-	"0.0173271 unit increase"	[0.012-0.022]	RNU6-636P,RNA5SP43	"Lifetime major depressive disorder (AutoComplete Impute and observed)"	"major depressive disorder"	-	GCST90449002	1:37212997	37985818	"Dahl A"
rs1765516-A	5E-7	-	0.5425	-	"0.0059 unit decrease"	[0.0035-0.0083]	LINC00970	"Depression (broad)"	"major depressive disorder"	-	GCST005902	1:168736051	29662059	"Howard DM"
rs7548151-A	4E-9	-	0.0836	-	"0.0125 unit increase"	[0.0084-0.0166]	ASTN1	"Depression (broad)"	"major depressive disorder"	-	GCST005902	1:177057847	29662059	"Howard DM"
rs568799986-T	2E-7	-	0.0869	-	"0.0109 unit increase"	[0.0068-0.015]	LINC01741,LINC01645	"Depression (broad)"	"major depressive disorder"	-	GCST005902	1:177469985	29662059	"Howard DM"
rs2759663-G	1E-7	-	0.2186	-	"0.0075 unit decrease"	[0.0048-0.0102]	CRB1	"Depression (broad)"	"major depressive disorder"	-	GCST005902	1:197415296	29662059	"Howard DM"
rs12118513-A	1E-7	-	0.2148	-	"0.0076 unit decrease"	[0.0049-0.0103]	DENND1B	"Depression (broad)"	"major depressive disorder"	-	GCST005902	1:197547956	29662059	"Howard DM"
rs17641524-T	2E-7	-	0.2086	-	"0.0075 unit decrease"	[0.0048-0.0102]	DENND1B	"Depression (broad)"	"major depressive disorder"	-	GCST005902	1:197735587	29662059	"Howard DM"
rs10175979-T	8E-7	-	0.6506	-	"0.0061 unit increase"	[0.0037-0.0085]	ACTG1P22,EIF2S2P7	"Depression (broad)"	"major depressive disorder"	-	GCST005902	2:57586038	29662059	"Howard DM"
rs2945451-T	1E-7	-	0.2388	-	"0.0073 unit decrease"	[0.0046-0.01]	LINC01965,CAPZBP1	"Depression (broad)"	"major depressive disorder"	-	GCST005902	2:103852954	29662059	"Howard DM"
rs111945524-T	9E-8	-	0.0453	-	"0.0151 unit decrease"	[0.0096-0.0206]	LINC02946,FHL2	"Depression (broad)"	"major depressive disorder"	-	GCST005902	2:105482561	29662059	"Howard DM"
rs11123030-C	3E-7	-	0.5098	-	"0.006 unit decrease"	[0.0036-0.0084]	CNTNAP5	"Depression (broad)"	"major depressive disorder"	-	GCST005902	2:124218586	29662059	"Howard DM"
rs4455170-T	5E-7	-	0.2843	-	"0.0066 unit increase"	[0.0041-0.0091]	RBMS1,RN7SL423P	"Depression (broad)"	"major depressive disorder"	-	GCST005902	2:160633619	29662059	"Howard DM"
rs72948529-C	2E-7	-	0.2161	-	"0.0075 unit increase"	[0.0048-0.0102]	MTND2P23,ERBB4	"Depression (broad)"	"major depressive disorder"	-	GCST005902	2:211777265	29662059	"Howard DM"
rs7635184-A	2E-7	-	0.6015	-	"0.0063 unit decrease"	[0.0039-0.0087]	ERC2	"Depression (broad)"	"major depressive disorder"	-	GCST005902	3:56192013	29662059	"Howard DM"
rs66511648-C	1E-7	-	0.2855	-	"0.007 unit increase"	[0.0045-0.0095]	LINC03051,LSAMP	"Depression (broad)"	"major depressive disorder"	-	GCST005902	3:117796672	29662059	"Howard DM"
rs6818069-G	4E-7	-	0.2526	-	"0.0069 unit increase"	[0.0042-0.0096]	LINC02465,LINC02479	"Depression (broad)"	"major depressive disorder"	-	GCST005902	4:130232015	29662059	"Howard DM"
rs4475190-C	5E-7	-	0.2681	-	"0.0068 unit decrease"	[0.0043-0.0093]	LINC00499,NOCT	"Depression (broad)"	"major depressive disorder"	-	GCST005902	4:138715045	29662059	"Howard DM"
rs2028526-C	5E-7	-	0.349	-	"0.0062 unit increase"	[0.0038-0.0086]	RNU6-334P,NIHCOLE	"Depression (broad)"	"major depressive disorder"	-	GCST005902	5:104430453	29662059	"Howard DM"
rs40465-G	4E-10	-	0.3319	-	"0.0078 unit increase"	[0.0053-0.0103]	NIHCOLE,RNU6-334P	"Depression (broad)"	"major depressive disorder"	-	GCST005902	5:104646025	29662059	"Howard DM"
rs323509-C	3E-9	-	0.6771	-	"0.0074 unit decrease"	[0.0049-0.0099]	RNU6-334P,NIHCOLE	"Depression (broad)"	"major depressive disorder"	-	GCST005902	5:104746478	29662059	"Howard DM"
rs10035449-C	2E-7	-	0.5358	-	"0.0061 unit increase"	[0.0037-0.0085]	LINC03000	"Depression (broad)"	"major depressive disorder"	-	GCST005902	5:165059061	29662059	"Howard DM"
rs564483817-C	3E-7	-	0.3761	-	"0.0062 unit decrease"	[0.0038-0.0086]	LINC01938	"Depression (broad)"	"major depressive disorder"	-	GCST005902	5:165239475	29662059	"Howard DM"
rs62383381-C	9E-7	-	0.1644	-	"0.0078 unit increase"	[0.0047-0.0109]	TENM2	"Depression (broad)"	"major depressive disorder"	-	GCST005902	5:168029174	29662059	"Howard DM"
rs12189861-A	7E-7	-	0.1053	-	"0.0095 unit increase"	[0.0058-0.0132]	DCDC2	"Depression (broad)"	"major depressive disorder"	-	GCST005902	6:24274224	29662059	"Howard DM"
rs68006638-A	6E-7	-	0.0938	-	"0.0102 unit decrease"	[0.0063-0.0141]	H2AC1,SCGN	"Depression (broad)"	"major depressive disorder"	-	GCST005902	6:25710343	29662059	"Howard DM"
rs75782365-G	6E-9	-	0.1045	-	"0.0112 unit decrease"	[0.0075-0.0149]	BTN3A1	"Depression (broad)"	"major depressive disorder"	-	GCST005902	6:26408323	29662059	"Howard DM"
rs45527431-G	2E-9	-	0.1052	-	"0.0115 unit decrease"	[0.0078-0.0152]	ABT1	"Depression (broad)"	"major depressive disorder"	-	GCST005902	6:26599281	29662059	"Howard DM"
rs35144506-G	5E-9	-	0.1183	-	"0.0114 unit decrease"	[0.0077-0.0151]	ZNF322,GUSBP2	"Depression (broad)"	"major depressive disorder"	-	GCST005902	6:26762393	29662059	"Howard DM"
rs66975207-C	7E-9	-	0.1059	-	"0.0111 unit decrease"	[0.0074-0.0148]	LINC00240,LARRPM	"Depression (broad)"	"major depressive disorder"	-	GCST005902	6:26974367	29662059	"Howard DM"
rs55834529-G	3E-9	-	0.1059	-	"0.0114 unit decrease"	[0.0077-0.0151]	RNU2-62P,VN1R11P	"Depression (broad)"	"major depressive disorder"	-	GCST005902	6:27104763	29662059	"Howard DM"
rs7749305-C	4E-11	-	0.1209	-	"0.0119 unit decrease"	[0.0084-0.0154]	ZNF184,HNRNPA1P1	"Depression (broad)"	"major depressive disorder"	-	GCST005902	6:27478787	29662059	"Howard DM"
rs35715914-T	8E-11	-	0.1076	-	"0.0125 unit decrease"	[0.0088-0.0162]	RNU6-471P,RPL8P1	"Depression (broad)"	"major depressive disorder"	-	GCST005902	6:27624224	29662059	"Howard DM"
rs483143-C	8E-12	-	0.1277	-	"0.0121 unit decrease"	[0.0086-0.0156]	H4C13,H3C12	"Depression (broad)"	"major depressive disorder"	-	GCST005902	6:27878966	29662059	"Howard DM"
rs13197574-C	1E-11	-	0.1103	-	"0.0128 unit decrease"	[0.0091-0.0165]	ZSCAN12P1,ZSCAN16-AS1	"Depression (broad)"	"major depressive disorder"	-	GCST005902	6:28092461	29662059	"Howard DM"
rs35017208-T	1E-12	-	0.1109	-	"0.0133 unit decrease"	[0.0096-0.017]	ZSCAN12,ZKSCAN3	"Depression (broad)"	"major depressive disorder"	-	GCST005902	6:28377505	29662059	"Howard DM"
rs13191038-C	4E-12	-	0.1101	-	"0.0131 unit decrease"	[0.0094-0.0168]	GPX6	"Depression (broad)"	"major depressive disorder"	-	GCST005902	6:28515140	29662059	"Howard DM"
rs13194504-A	1E-11	-	0.1122	-	"0.0127 unit decrease"	[0.009-0.0164]	LINC00533	"Depression (broad)"	"major depressive disorder"	-	GCST005902	6:28662914	29662059	"Howard DM"
rs9257248-T	4E-11	-	0.114	-	"0.0123 unit decrease"	[0.0086-0.016]	LINC01623,NOP56P1	"Depression (broad)"	"major depressive disorder"	-	GCST005902	6:28835514	29662059	"Howard DM"
rs3129791-A	2E-11	-	0.1148	-	"0.0125 unit decrease"	[0.0088-0.0162]	HCG15	"Depression (broad)"	"major depressive disorder"	-	GCST005902	6:28986516	29662059	"Howard DM"
rs4947263-T	3E-12	-	0.1178	-	"0.0127 unit decrease"	[0.0092-0.0162]	LINC03003	"Depression (broad)"	"major depressive disorder"	-	GCST005902	6:29165865	29662059	"Howard DM"
rs9257681-G	2E-12	-	0.1151	-	"0.0131 unit decrease"	[0.0094-0.0168]	LINC03003	"Depression (broad)"	"major depressive disorder"	-	GCST005902	6:29287205	29662059	"Howard DM"
rs2523443-A	1E-12	-	0.1188	-	"0.013 unit decrease"	[0.0095-0.0165]	OR11A1	"Depression (broad)"	"major depressive disorder"	-	GCST005902	6:29447687	29662059	"Howard DM"
rs1233393-G	8E-13	-	0.1223	-	"0.0129 unit decrease"	[0.0094-0.0164]	GABBR1	"Depression (broad)"	"major depressive disorder"	-	GCST005902	6:29581876	29662059	"Howard DM"
rs9258375-G	1E-12	-	0.122	-	"0.0131 unit decrease"	[0.0094-0.0168]	HLA-F-AS1	"Depression (broad)"	"major depressive disorder"	-	GCST005902	6:29785031	29662059	"Howard DM"
rs3132685-A	2E-13	-	0.1302	-	"0.0131 unit decrease"	[0.0096-0.0166]	HCG9,POLR1HASP	"Depression (broad)"	"major depressive disorder"	-	GCST005902	6:29978172	29662059	"Howard DM"
rs2517601-C	5E-13	-	0.1326	-	"0.0126 unit decrease"	[0.0093-0.0159]	TRIM31-AS1,TRIM31	"Depression (broad)"	"major depressive disorder"	-	GCST005902	6:30106295	29662059	"Howard DM"
rs3130116-C	6E-13	-	0.1391	-	"0.0124 unit decrease"	[0.0091-0.0157]	MICC,UBQLN1P1	"Depression (broad)"	"major depressive disorder"	-	GCST005902	6:30397671	29662059	"Howard DM"
rs28894081-A	1E-7	-	0.0655	-	"0.0126 unit increase"	[0.0079-0.0173]	LINC02569,HLA-E	"Depression (broad)"	"major depressive disorder"	-	GCST005902	6:30514699	29662059	"Howard DM"
rs2284174-C	1E-12	-	0.2189	-	"0.0102 unit decrease"	[0.0075-0.0129]	HCG20	"Depression (broad)"	"major depressive disorder"	-	GCST005902	6:30745803	29662059	"Howard DM"
rs3131781-G	9E-9	-	0.1445	-	"0.0097 unit decrease"	[0.0064-0.013]	NAPGP2,MUC21	"Depression (broad)"	"major depressive disorder"	-	GCST005902	6:30969955	29662059	"Howard DM"
rs28732092-T	5E-7	-	0.0787	-	"0.011 unit increase"	[0.0067-0.0153]	RNU6-1133P,C6orf15	"Depression (broad)"	"major depressive disorder"	-	GCST005902	6:31084855	29662059	"Howard DM"
rs149415148-G	4E-7	-	0.0123	-	"0.0317 unit increase"	[0.02-0.044]	RPS27P20,LINC01395	"Major depressive disorder (probable)"	"major depressive disorder"	-	GCST005904	11:129576071	29662059	"Howard DM"
rs218987-T	1E-7	-	0.3052	-	"0.0074 unit increase"	[0.0047-0.0101]	FTLP18,GRIK3	"Major depressive disorder (probable)"	"major depressive disorder"	-	GCST005904	1:36701732	29662059	"Howard DM"
rs10929355-G	6E-9	-	0.4558	-	"0.0075 unit decrease"	[0.005-0.01]	NBAS	"Major depressive disorder (probable)"	"major depressive disorder"	-	GCST005904	2:15258840	29662059	"Howard DM"
rs3806572-A	8E-7	-	0.292	-	"0.007 unit decrease"	[0.0043-0.0097]	RTN4	"Major depressive disorder (probable)"	"major depressive disorder"	-	GCST005904	2:55011541	29662059	"Howard DM"
rs117911063-T	4E-7	-	0.031	-	"0.019 unit increase"	[0.012-0.026]	CDC42BPB	"Major depressive disorder (probable)"	"major depressive disorder"	-	GCST005904	14:103037856	29662059	"Howard DM"
rs77685443-T	7E-7	-	0.0363	-	"0.018 unit increase"	[0.011-0.025]	RNU6-788P,RNU6-922P	"Major depressive disorder (probable)"	"major depressive disorder"	-	GCST005904	3:23634522	29662059	"Howard DM"
rs1304150-T	9E-7	-	0.8684	-	"0.0094 unit increase"	[0.0057-0.0131]	RNU6-461P,RNU1-43P	"Major depressive disorder (probable)"	"major depressive disorder"	-	GCST005904	3:103112741	29662059	"Howard DM"
rs5011432-C	2E-8	-	0.4118	-	"0.0073 unit increase"	[0.0048-0.0098]	TMEM106B	"Major depressive disorder (probable)"	"major depressive disorder"	-	GCST005904	7:12229042	29662059	"Howard DM"
rs62544433-G	4E-7	-	0.1144	-	"0.0103 unit increase"	[0.0064-0.0142]	SPINK4,B4GALT1-AS1	"Major depressive disorder (probable)"	"major depressive disorder"	-	GCST005904	9:33215364	29662059	"Howard DM"
rs7512599-A	5E-7	-	0.7079	-	"0.0032 unit increase"	[0.002-0.0044]	CAMTA1	"Major depressive disorder (ICD-10 coded)"	"major depressive disorder"	-	GCST005903	1:7255971	29662059	"Howard DM"
rs62195769-A	6E-8	-	0.1074	-	"0.0052 unit increase"	[0.0032-0.0072]	MIR548AE1,CACYBPP2	"Major depressive disorder (ICD-10 coded)"	"major depressive disorder"	-	GCST005903	2:183618431	29662059	"Howard DM"
rs56072378-G	9E-7	-	0.2197	-	"0.0035 unit decrease"	[0.0021-0.0049]	MAD1L1	"Major depressive disorder (ICD-10 coded)"	"major depressive disorder"	-	GCST005903	7:2064729	29662059	"Howard DM"
rs12667733-G	6E-8	-	0.4964	-	"0.0032 unit decrease"	[0.002-0.0044]	POLR1F,FERD3L	"Major depressive disorder (ICD-10 coded)"	"major depressive disorder"	-	GCST005903	7:19365025	29662059	"Howard DM"
rs10767735-C	7E-7	-	0.3949	-	"0.006 unit decrease"	[0.0036-0.0084]	METTL15,LINC02758	"Depression (broad)"	"major depressive disorder"	-	GCST005902	11:28621014	29662059	"Howard DM"
rs1791684-G	3E-7	-	0.5255	-	"0.0061 unit increase"	[0.0037-0.0085]	CCS	"Depression (broad)"	"major depressive disorder"	-	GCST005902	11:66601740	29662059	"Howard DM"
rs6483414-C	3E-8	-	0.6437	-	"0.0069 unit increase"	[0.0045-0.0093]	GRM5	"Depression (broad)"	"major depressive disorder"	-	GCST005902	11:88744046	29662059	"Howard DM"
rs10501696-G	7E-11	-	0.4987	-	"0.0079 unit decrease"	[0.0055-0.0103]	GRM5	"Depression (broad)"	"major depressive disorder"	-	GCST005902	11:89014994	29662059	"Howard DM"
rs621313-G	3E-10	-	0.4908	-	"0.0074 unit increase"	[0.005-0.0098]	TYR	"Depression (broad)"	"major depressive disorder"	-	GCST005902	11:89180495	29662059	"Howard DM"
rs598769-T	9E-7	-	0.47	-	"0.0058 unit increase"	[0.0034-0.0082]	TYR	"Depression (broad)"	"major depressive disorder"	-	GCST005902	11:89286569	29662059	"Howard DM"
rs578174-G	3E-7	-	0.1043	-	"0.0099 unit decrease"	[0.0062-0.0136]	DISC1FP1,CHORDC1	"Depression (broad)"	"major depressive disorder"	-	GCST005902	11:90226469	29662059	"Howard DM"
rs4936275-T	1E-7	-	0.6217	-	"0.0065 unit increase"	[0.0041-0.0089]	DRD2,TMPRSS5	"Depression (broad)"	"major depressive disorder"	-	GCST005902	11:113494362	29662059	"Howard DM"
rs60545357-C	7E-7	-	0.1739	-	"0.0077 unit increase"	[0.0046-0.0108]	ATP5MG	"Depression (broad)"	"major depressive disorder"	-	GCST005902	11:118410703	29662059	"Howard DM"
rs521048-G	5E-7	-	0.7309	-	"0.0067 unit increase"	[0.0042-0.0092]	SUDS3	"Depression (broad)"	"major depressive disorder"	-	GCST005902	12:118393153	29662059	"Howard DM"
rs9530139-T	3E-9	-	0.1955	-	"0.0089 unit decrease"	[0.006-0.0118]	B3GLCT	"Depression (broad)"	"major depressive disorder"	-	GCST005902	13:31273187	29662059	"Howard DM"
rs1755255-C	8E-7	-	0.7119	-	"0.0064 unit increase"	[0.0039-0.0089]	LINC01080,SPRY2	"Depression (broad)"	"major depressive disorder"	-	GCST005902	13:80301287	29662059	"Howard DM"
rs1900599-A	6E-7	-	0.2782	-	"0.0065 unit increase"	[0.004-0.009]	LRFN5	"Depression (broad)"	"major depressive disorder"	-	GCST005902	14:41671998	29662059	"Howard DM"
rs10148293-G	1E-7	-	0.5385	-	"0.0062 unit increase"	[0.0038-0.0086]	YLPM1	"Depression (broad)"	"major depressive disorder"	-	GCST005902	14:74830128	29662059	"Howard DM"
rs4906349-G	5E-7	-	0.3108	-	"0.0064 unit decrease"	[0.0039-0.0089]	KLC1	"Depression (broad)"	"major depressive disorder"	-	GCST005902	14:103624778	29662059	"Howard DM"
rs28541419-G	3E-8	-	0.231	-	"0.0078 unit decrease"	[0.0051-0.0105]	MRPL46,NTRK3-AS1	"Depression (broad)"	"major depressive disorder"	-	GCST005902	15:88402647	29662059	"Howard DM"
rs830716-C	5E-7	-	0.7135	-	"0.0066 unit increase"	[0.0041-0.0091]	SNX29	"Depression (broad)"	"major depressive disorder"	-	GCST005902	16:12229652	29662059	"Howard DM"
rs12932870-T	7E-8	-	0.1868	-	"0.0082 unit increase"	[0.0053-0.0111]	TMF1P1,ERCC4	"Depression (broad)"	"major depressive disorder"	-	GCST005902	16:13696499	29662059	"Howard DM"
rs1478461-T	1E-7	-	0.6618	-	"0.0066 unit increase"	[0.0042-0.009]	METTL9	"Depression (broad)"	"major depressive disorder"	-	GCST005902	16:21599483	29662059	"Howard DM"
rs34187563-T	3E-7	-	0.4051	-	"0.0064 unit decrease"	[0.004-0.0088]	ASIC2	"Depression (broad)"	"major depressive disorder"	-	GCST005902	17:33399144	29662059	"Howard DM"
rs12943181-C	6E-8	-	0.2798	-	"0.0071 unit decrease"	[0.0046-0.0096]	WIPI1	"Depression (broad)"	"major depressive disorder"	-	GCST005902	17:68428200	29662059	"Howard DM"
rs11877758-G	1E-7	-	0.3114	-	"0.0067 unit increase"	[0.0042-0.0092]	CELF4	"Depression (broad)"	"major depressive disorder"	-	GCST005902	18:37558147	29662059	"Howard DM"
rs57679688-T	3E-7	-	0.2633	-	"0.0069 unit increase"	[0.0044-0.0094]	RNU6-706P,MIR924HG	"Depression (broad)"	"major depressive disorder"	-	GCST005902	18:39041098	29662059	"Howard DM"
rs17410557-C	8E-7	-	0.3907	-	"0.0059 unit increase"	[0.0035-0.0083]	DCC	"Depression (broad)"	"major depressive disorder"	-	GCST005902	18:53250021	29662059	"Howard DM"
rs4801146-C	1E-7	-	0.4922	-	"0.0063 unit increase"	[0.0039-0.0087]	RNA5SP459,TCF4	"Depression (broad)"	"major depressive disorder"	-	GCST005902	18:55173694	29662059	"Howard DM"
rs12967143-C	6E-8	-	0.7016	-	"0.007 unit decrease"	[0.0045-0.0095]	TCF4	"Depression (broad)"	"major depressive disorder"	-	GCST005902	18:55431781	29662059	"Howard DM"
rs1452787-G	2E-7	-	0.2744	-	"0.0068 unit increase"	[0.0043-0.0093]	TCF4	"Depression (broad)"	"major depressive disorder"	-	GCST005902	18:55539976	29662059	"Howard DM"
rs4653218-C	1E-7	-	0.579	-	"0.0063 unit decrease"	[0.0039-0.0087]	FTLP18,GRIK3	"Depression (broad)"	"major depressive disorder"	-	GCST005902	1:36731718	29662059	"Howard DM"
rs10127497-T	1E-8	-	0.1382	-	"0.0097 unit increase"	[0.0064-0.013]	SGIP1	"Depression (broad)"	"major depressive disorder"	-	GCST005902	1:66584461	29662059	"Howard DM"
rs6679379-T	3E-8	-	0.2875	-	"0.0072 unit increase"	[0.0047-0.0097]	SGIP1	"Depression (broad)"	"major depressive disorder"	-	GCST005902	1:66733473	29662059	"Howard DM"
rs6699744-T	2E-13	-	0.612	-	"0.0089 unit increase"	[0.0065-0.0113]	LINC02796	"Depression (broad)"	"major depressive disorder"	-	GCST005902	1:72359461	29662059	"Howard DM"
rs10789340-G	2E-12	-	0.6236	-	"0.0086 unit increase"	[0.0062-0.011]	LINC02796	"Depression (broad)"	"major depressive disorder"	-	GCST005902	1:72474590	29662059	"Howard DM"
rs12129942-T	2E-7	-	0.5146	-	"0.0061 unit increase"	[0.0037-0.0085]	LINC02796	"Depression (broad)"	"major depressive disorder"	-	GCST005902	1:72843399	29662059	"Howard DM"
rs11210111-A	5E-8	-	0.4617	-	"0.0064 unit decrease"	[0.004-0.0088]	KRT8P21,LINC02796	"Depression (broad)"	"major depressive disorder"	-	GCST005902	1:73050889	29662059	"Howard DM"
rs6424532-A	4E-8	-	0.4856	-	"0.0065 unit increase"	[0.0041-0.0089]	RN7SKP19,LINC01360	"Depression (broad)"	"major depressive disorder"	-	GCST005902	1:73198339	29662059	"Howard DM"
rs10890045-C	7E-7	-	0.7042	-	"0.0064 unit decrease"	[0.0039-0.0089]	LINC02238,LINC01360	"Depression (broad)"	"major depressive disorder"	-	GCST005902	1:73531941	29662059	"Howard DM"
rs4971040-C	2E-7	-	0.8411	-	"0.0084 unit increase"	[0.0053-0.0115]	SELENBP1,PSMB4	"Depression (broad)"	"major depressive disorder"	-	GCST005902	1:151394018	29662059	"Howard DM"
rs1133152-A	1E-7	-	0.132	1.0460252	-	[NR]	TMEM161B	"Major depressive disorder"	"major depressive disorder"	-	GCST005907	5:88189247	29728651	"Li X"
rs6065333-C	9E-8	-	0.15	1.0438414	-	[NR]	ADI1P1,ZHX3	"Major depressive disorder"	"major depressive disorder"	-	GCST005907	20:41329322	29728651	"Li X"
rs9623320-A	4E-8	-	0.304	1.0362694	-	[NR]	EP300,ACTBP15	"Major depressive disorder"	"major depressive disorder"	-	GCST005907	22:41082478	29728651	"Li X"
rs1867368-C	5E-8	-	0.317	1.0330578	-	[NR]	RN7SL618P,ZNF646P1	"Major depressive disorder"	"major depressive disorder"	-	GCST005907	13:53329376	29728651	"Li X"
rs1210358-A	9E-8	-	0.615	1.0319917	-	[NR]	RSRC1	"Major depressive disorder"	"major depressive disorder"	-	GCST005907	3:158310697	29728651	"Li X"
rs1413573-A	2E-8	-	0.492	1.0319917	-	[NR]	PCDH9	"Major depressive disorder"	"major depressive disorder"	-	GCST005907	13:66377697	29728651	"Li X"
rs4339373-T	2E-7	-	0.51	1.03	-	[NR]	LINC03000	"Major depressive disorder"	"major depressive disorder"	-	GCST005907	5:165056066	29728651	"Li X"
rs2717046-T	1E-8	-	0.367	1.034	-	[NR]	VRK2,ACTG1P22	"Major depressive disorder"	"major depressive disorder"	-	GCST005907	2:57814801	29728651	"Li X"
rs6687024-T	4E-8	-	0.623	1.034	-	[NR]	LINC02796	"Major depressive disorder"	"major depressive disorder"	-	GCST005907	1:72359177	29728651	"Li X"
rs1457257-G	1E-8	-	0.366	1.035	-	[NR]	TMCO5A,Metazoa_SRP	"Major depressive disorder"	"major depressive disorder"	-	GCST005907	15:37455148	29728651	"Li X"
rs3785234-T	2E-8	-	0.624	1.035	-	[NR]	RBFOX1	"Major depressive disorder"	"major depressive disorder"	-	GCST005907	16:7617390	29728651	"Li X"
rs4289855-T	2E-7	-	0.228	1.036	-	[NR]	CHD7	"Major depressive disorder"	"major depressive disorder"	-	GCST005907	8:60799811	29728651	"Li X"
rs2956278-G	2E-7	-	0.234	1.037	-	[NR]	SLC6A15,RPL6P25	"Major depressive disorder"	"major depressive disorder"	-	GCST005907	12:84304455	29728651	"Li X"
rs2596505-T	1E-8	-	0.1681	-	"0.009 unit decrease"	[0.0059-0.0121]	LINC02571,HLA-B	"Depression (broad)"	"major depressive disorder"	-	GCST005902	6:31351008	29662059	"Howard DM"
rs2736155-C	6E-7	-	0.478	-	"0.0059 unit increase"	[0.0035-0.0083]	PRRC2A	"Depression (broad)"	"major depressive disorder"	-	GCST005902	6:31637422	29662059	"Howard DM"
rs537160-G	3E-7	-	0.6394	-	"0.0063 unit increase"	[0.0039-0.0087]	CFB	"Depression (broad)"	"major depressive disorder"	-	GCST005902	6:31948623	29662059	"Howard DM"
rs56366527-A	2E-7	-	0.3855	-	"0.0062 unit decrease"	[0.0038-0.0086]	LINC01016	"Depression (broad)"	"major depressive disorder"	-	GCST005902	6:33838164	29662059	"Howard DM"
rs76736233-C	3E-7	-	0.1338	-	"0.009 unit increase"	[0.0055-0.0125]	NUFIP1P1,ADH5P4	"Depression (broad)"	"major depressive disorder"	-	GCST005902	6:65936845	29662059	"Howard DM"
rs112348907-G	2E-8	-	0.2959	-	"0.0073 unit increase"	[0.0048-0.0098]	KCNQ5	"Depression (broad)"	"major depressive disorder"	-	GCST005902	6:72878230	29662059	"Howard DM"
rs10447426-A	3E-7	-	0.0428	-	"0.0153 unit decrease"	[0.0094-0.0212]	DDO	"Depression (broad)"	"major depressive disorder"	-	GCST005902	6:110400547	29662059	"Howard DM"
rs2876520-G	2E-7	-	0.4665	-	"0.0062 unit increase"	[0.0038-0.0086]	ADGRG6,HIVEP2	"Depression (broad)"	"major depressive disorder"	-	GCST005902	6:142675481	29662059	"Howard DM"
rs3807865-A	7E-12	-	0.4117	-	"0.0082 unit increase"	[0.0058-0.0106]	THSD7A,TMEM106B	"Depression (broad)"	"major depressive disorder"	-	GCST005902	7:12210776	29662059	"Howard DM"
rs6466512-A	8E-7	-	0.4172	-	"0.0059 unit decrease"	[0.0035-0.0083]	LINC01392	"Depression (broad)"	"major depressive disorder"	-	GCST005902	7:115202520	29662059	"Howard DM"
rs2402273-C	2E-9	-	0.4094	-	"0.0072 unit increase"	[0.0048-0.0096]	LSM8,CTTNBP2	"Depression (broad)"	"major depressive disorder"	-	GCST005902	7:117960370	29662059	"Howard DM"
rs144369419-T	5E-7	-	0.0114	-	"0.0301 unit decrease"	[0.018-0.042]	ACTR3B,LINC01287	"Depression (broad)"	"major depressive disorder"	-	GCST005902	7:153124547	29662059	"Howard DM"
rs10809385-A	6E-8	-	0.4042	-	"0.0065 unit decrease"	[0.0041-0.0089]	AKAP8P1,JKAMPP1	"Depression (broad)"	"major depressive disorder"	-	GCST005902	9:11208995	29662059	"Howard DM"
rs56116032-G	8E-8	-	0.2215	-	"0.0076 unit decrease"	[0.0049-0.0103]	AKAP8P1,JKAMPP1	"Depression (broad)"	"major depressive disorder"	-	GCST005902	9:11453149	29662059	"Howard DM"
rs10959926-C	6E-8	-	0.2175	-	"0.0078 unit decrease"	[0.0051-0.0105]	JKAMPP1,AKAP8P1	"Depression (broad)"	"major depressive disorder"	-	GCST005902	9:11553382	29662059	"Howard DM"
rs10960103-G	5E-8	-	0.2273	-	"0.0076 unit decrease"	[0.0049-0.0103]	AKAP8P1,JKAMPP1	"Depression (broad)"	"major depressive disorder"	-	GCST005902	9:11699270	29662059	"Howard DM"
rs263575-A	2E-8	-	0.4601	-	"0.0066 unit decrease"	[0.0042-0.009]	BNC2,RN7SL720P	"Depression (broad)"	"major depressive disorder"	-	GCST005902	9:17033842	29662059	"Howard DM"
rs73474148-C	7E-8	-	0.1095	-	"0.0102 unit decrease"	[0.0065-0.0139]	TUSC1,RN7SKP120	"Depression (broad)"	"major depressive disorder"	-	GCST005902	9:25236861	29662059	"Howard DM"
rs7030813-T	4E-7	-	0.3739	-	"0.0062 unit increase"	[0.0038-0.0086]	PAX5	"Depression (broad)"	"major depressive disorder"	-	GCST005902	9:36999372	29662059	"Howard DM"
rs6131010-G	7E-8	-	0.7402	-	"0.0073 unit decrease"	[0.0048-0.0098]	NCOA5,RPL13P2	"Depression (broad)"	"major depressive disorder"	-	GCST005902	20:46095666	29662059	"Howard DM"
rs143502921-C	1E-7	-	0.1807	-	"0.009 unit increase"	[0.0057-0.0123]	LINC01718,CDH4	"Depression (broad)"	"major depressive disorder"	-	GCST005902	20:61252175	29662059	"Howard DM"
rs10762080-G	6E-7	-	0.5858	-	"0.006 unit decrease"	[0.0036-0.0084]	CTNNA3	"Depression (broad)"	"major depressive disorder"	-	GCST005902	10:66637687	29662059	"Howard DM"
rs11599236-C	8E-8	-	0.4091	-	"0.0065 unit decrease"	[0.0041-0.0089]	SORCS3	"Depression (broad)"	"major depressive disorder"	-	GCST005902	10:104694914	29662059	"Howard DM"
rs1021363-G	1E-8	-	0.6422	-	"0.007 unit decrease"	[0.0046-0.0094]	SORCS3	"Depression (broad)"	"major depressive disorder"	-	GCST005902	10:104851081	29662059	"Howard DM"
rs10514299-T	1E-15	-	0.240584	-	"0.0449 unit increase"	[0.031-0.059]	TMEM161B-DT	"Major depressive disorder"	"major depressive disorder"	-	GCST006041	5:88367793	27479909	"Hyde CL"
rs1518395-G	4E-12	-	0.61298	-	"0.032 unit increase"	[0.02-0.044]	VRK2	"Major depressive disorder"	"major depressive disorder"	-	GCST006041	2:57980939	27479909	"Hyde CL"
rs2179744-G	6E-11	-	0.718312	-	"0.0354 unit decrease"	[0.022-0.049]	L3MBTL2-AS1,L3MBTL2	"Major depressive disorder"	"major depressive disorder"	-	GCST006041	22:41225710	27479909	"Hyde CL"
rs11209948-T	8E-11	-	0.638888	-	"0.0357 unit increase"	[0.024-0.047]	LINC02796	"Major depressive disorder"	"major depressive disorder"	-	GCST006041	1:72346221	27479909	"Hyde CL"
rs454214-T	1E-9	-	0.568054	-	"0.0337 unit decrease"	[0.022-0.045]	MEF2C-AS2	"Major depressive disorder"	"major depressive disorder"	-	GCST006041	5:88707586	27479909	"Hyde CL"
rs301806-T	2E-9	-	0.551911	-	"0.0271 unit decrease"	[0.015-0.039]	RERE	"Major depressive disorder"	"major depressive disorder"	-	GCST006041	1:8422018	27479909	"Hyde CL"
rs1475120-G	4E-9	-	0.452458	-	"0.0292 unit decrease"	[0.017-0.041]	LIN28B	"Major depressive disorder"	"major depressive disorder"	-	GCST006041	6:104942078	27479909	"Hyde CL"
rs10786831-G	8E-9	-	0.600689	-	"0.0297 unit decrease"	[0.018-0.041]	SORCS3	"Major depressive disorder"	"major depressive disorder"	-	GCST006041	10:104854813	27479909	"Hyde CL"
rs12552-G	8E-9	-	0.554993	-	"0.0433 unit decrease"	[0.032-0.055]	OLFM4	"Major depressive disorder"	"major depressive disorder"	-	GCST006041	13:53051646	27479909	"Hyde CL"
rs6476606-G	1E-8	-	0.637191	-	"0.0277 unit decrease"	[0.016-0.039]	PAX5	"Major depressive disorder"	"major depressive disorder"	-	GCST006041	9:37005564	27479909	"Hyde CL"
rs8025231-C	1E-8	-	0.427531	-	"0.0355 unit increase"	[0.024-0.047]	TMCO5A,Metazoa_SRP	"Major depressive disorder"	"major depressive disorder"	-	GCST006041	15:37356201	27479909	"Hyde CL"
rs12065553-G	1E-8	-	0.279676	-	"0.0309 unit increase"	[0.017-0.045]	HMGB1P18,HNRNPA1P64	"Major depressive disorder"	"major depressive disorder"	-	GCST006041	1:80327433	27479909	"Hyde CL"
rs1656369-T	1E-8	-	0.670312	-	"0.0346 unit increase"	[0.023-0.046]	MLF1-DT	"Major depressive disorder"	"major depressive disorder"	-	GCST006041	3:158562296	27479909	"Hyde CL"
rs4543289-T	1E-8	-	0.480069	-	"0.0322 unit decrease"	[0.02-0.044]	LINC03000	"Major depressive disorder"	"major depressive disorder"	-	GCST006041	5:165057942	27479909	"Hyde CL"
rs2125716-G	3E-8	-	0.765477	-	"0.0345 unit decrease"	[0.021-0.048]	SLC6A15,RPL6P25	"Major depressive disorder"	"major depressive disorder"	-	GCST006041	12:84547650	27479909	"Hyde CL"
rs2422321-G	3E-8	-	0.441006	-	"0.0308 unit increase"	[0.019-0.043]	LINC02796	"Major depressive disorder"	"major depressive disorder"	-	GCST006041	1:72827710	27479909	"Hyde CL"
rs7044150-T	4E-8	-	0.384543	-	"0.0299 unit decrease"	[0.018-0.042]	CARM1P1	"Major depressive disorder"	"major depressive disorder"	-	GCST006041	9:2982931	27479909	"Hyde CL"
rs9838374-T	6E-8	-	0.182843	-	"0.0373 unit increase"	[0.022-0.053]	OPA1	"Major depressive disorder"	"major depressive disorder"	-	GCST006041	3:193598916	27479909	"Hyde CL"
rs17792983-T	6E-8	-	0.305209	-	"0.03 unit decrease"	[0.016-0.044]	SIM1,PRDX2P4	"Major depressive disorder"	"major depressive disorder"	-	GCST006041	6:100363657	27479909	"Hyde CL"
rs620339-T	8E-8	-	0.592561	-	"0.0299 unit decrease"	[0.018-0.042]	DCDC1	"Major depressive disorder"	"major depressive disorder"	-	GCST006041	11:30830509	27479909	"Hyde CL"
rs736840-G	8E-8	-	0.094915	-	"0.0491 unit increase"	[0.03-0.069]	LINC01645	"Major depressive disorder"	"major depressive disorder"	-	GCST006041	1:177393877	27479909	"Hyde CL"
rs3806843-T	9E-8	-	0.448516	-	"0.0291 unit decrease"	[0.017-0.041]	"PCDHA4,PCDHA3,PCDHA1,PCDHA2,PCDHA5,PCDHA6"	"Major depressive disorder"	"major depressive disorder"	-	GCST006041	5:140832953	27479909	"Hyde CL"
rs9298467-T	2E-7	-	0.808561	-	"0.0383 unit decrease"	[0.023-0.054]	PCMTD1	"Major depressive disorder"	"major depressive disorder"	-	GCST006041	8:51894122	27479909	"Hyde CL"
rs3897746-G	2E-7	-	0.483057	-	"0.0292 unit increase"	[0.017-0.041]	SPPL3	"Major depressive disorder"	"major depressive disorder"	-	GCST006041	12:120886924	27479909	"Hyde CL"
rs10521261-T	3E-7	-	0.801142	-	"0.0339 unit increase"	[0.018-0.05]	CASC22	"Major depressive disorder"	"major depressive disorder"	-	GCST006041	16:52266343	27479909	"Hyde CL"
rs2228246-G	3E-7	-	0.162703	-	"0.042 unit increase"	[0.026-0.058]	PLCG1	"Major depressive disorder"	"major depressive disorder"	-	GCST006041	20:41163423	27479909	"Hyde CL"
rs1806152-T	4E-7	-	0.172277	-	"0.0415 unit increase"	[0.026-0.057]	PAUPAR	"Major depressive disorder"	"major depressive disorder"	-	GCST006041	11:31829493	27479909	"Hyde CL"
rs16841842-C	5E-7	-	0.783416	-	"0.0322 unit increase"	[0.018-0.046]	DENND1B	"Major depressive disorder"	"major depressive disorder"	-	GCST006041	1:197642552	27479909	"Hyde CL"
rs272440-G	6E-7	-	0.998687	-	"0.4807 unit decrease"	[0.27-0.69]	MGAT4B	"Major depressive disorder"	"major depressive disorder"	-	GCST006041	5:179801623	27479909	"Hyde CL"
rs3785236-C	9E-7	-	0.754871	-	"0.0365 unit increase"	[0.023-0.05]	RBFOX1	"Major depressive disorder"	"major depressive disorder"	-	GCST006041	16:7617197	27479909	"Hyde CL"
rs9540720-G	9E-7	-	0.499908	-	"0.0305 unit increase"	[0.019-0.042]	PCDH9	"Major depressive disorder"	"major depressive disorder"	-	GCST006041	13:66348573	27479909	"Hyde CL"
rs2524222-T	1E-6	-	0.219809	-	"0.0335 unit increase"	[0.02-0.047]	GNL1	"Major depressive disorder"	"major depressive disorder"	-	GCST006041	6:30543393	27479909	"Hyde CL"
rs1935881-T	1E-6	-	0.643387	-	"0.0283 unit decrease"	[0.017-0.04]	LINC01701,BRINP3	"Major depressive disorder"	"major depressive disorder"	-	GCST006041	1:190097256	27479909	"Hyde CL"
rs5754682-T	1E-6	-	0.873545	-	"0.0421 unit decrease"	[0.024-0.06]	LARGE1	"Major depressive disorder"	"major depressive disorder"	-	GCST006041	22:33806297	27479909	"Hyde CL"
rs10505997-T	2E-6	-	0.881516	-	"0.0448 unit increase"	[0.027-0.062]	ITPR2	"Major depressive disorder"	"major depressive disorder"	-	GCST006041	12:26376309	27479909	"Hyde CL"
rs699319-C	2E-6	-	0.318762	-	"0.0318 unit increase"	[0.02-0.044]	SF3B1	"Major depressive disorder"	"major depressive disorder"	-	GCST006041	2:197417052	27479909	"Hyde CL"
rs2163544-C	2E-6	-	0.420291	-	"0.031 unit decrease"	[0.019-0.043]	MIR924HG	"Major depressive disorder"	"major depressive disorder"	-	GCST006041	18:39305111	27479909	"Hyde CL"
rs12115299-G	2E-6	-	0.0693957	-	"0.0522 unit increase"	[0.029-0.076]	DENND1A	"Major depressive disorder"	"major depressive disorder"	-	GCST006041	9:123923619	27479909	"Hyde CL"
rs33435-G	2E-6	-	0.4133	-	"0.0271 unit decrease"	[0.015-0.039]	ZNF536	"Major depressive disorder"	"major depressive disorder"	-	GCST006041	19:30452548	27479909	"Hyde CL"
rs2042772-T	3E-6	-	0.254914	-	"0.0334 unit decrease"	[0.02-0.047]	LY75,LY75-CD302	"Major depressive disorder"	"major depressive disorder"	-	GCST006041	2:159805547	27479909	"Hyde CL"
rs4356032-C	3E-6	-	0.374977	-	"0.0291 unit decrease"	[0.017-0.041]	LINC02787,RNU6-695P	"Major depressive disorder"	"major depressive disorder"	-	GCST006041	1:90330554	27479909	"Hyde CL"
rs4660091-T	3E-6	-	0.662341	-	"0.0285 unit decrease"	[0.017-0.04]	RGS7,FH	"Major depressive disorder"	"major depressive disorder"	-	GCST006041	1:241465130	27479909	"Hyde CL"
rs2012485-T	3E-6	-	0.033314	-	"0.0769 unit increase"	[0.046-0.108]	EBF2,CDCA2	"Major depressive disorder"	"major depressive disorder"	-	GCST006041	8:25517394	27479909	"Hyde CL"
rs8066520-G	4E-6	-	0.849656	-	"0.038 unit decrease"	[0.022-0.054]	PIPOX	"Major depressive disorder"	"major depressive disorder"	-	GCST006041	17:29049573	27479909	"Hyde CL"
rs10806805-G	6E-6	-	0.539686	-	"0.0266 unit increase"	[0.015-0.038]	RN7SL366P,C6orf118	"Major depressive disorder"	"major depressive disorder"	-	GCST006041	6:164732581	27479909	"Hyde CL"
rs10457592-G	6E-6	-	0.760869	-	"0.0372 unit decrease"	[0.023-0.051]	MIR548AI,FBXL4	"Major depressive disorder"	"major depressive disorder"	-	GCST006041	6:99104094	27479909	"Hyde CL"
rs5771109-T	7E-6	-	0.599435	-	"0.0269 unit decrease"	[0.015-0.039]	TUBGCP6	"Major depressive disorder"	"major depressive disorder"	-	GCST006041	22:50240142	27479909	"Hyde CL"
rs12129573-?	5E-9	-	NR	1.04896	-	[1.03-1.07]	LINC01360,RN7SKP19	"Major depressive disorder"	"major depressive disorder"	-	GCST90085695	1:73302683	34634379	"Mei L"
rs1372500-?	4E-10	-	NR	0.94971	-	[0.93-0.97]	NIHCOLE	"Major depressive disorder"	"major depressive disorder"	-	GCST90085695	5:104423041	34634379	"Mei L"
rs12658032-?	1E-10	-	NR	1.05496	-	[1.04-1.07]	RNU6-334P,NIHCOLE	"Major depressive disorder"	"major depressive disorder"	-	GCST90085695	5:104568525	34634379	"Mei L"
rs21126-?	4E-10	-	NR	0.95094	-	[0.94-0.97]	NIHCOLE,RNU6-334P	"Major depressive disorder"	"major depressive disorder"	-	GCST90085695	5:104678081	34634379	"Mei L"
rs58825580-?	1E-8	-	NR	1.07058	-	[1.05-1.09]	BTN3A2	"Major depressive disorder"	"major depressive disorder"	-	GCST90085695	6:26365451	34634379	"Mei L"
rs34388707-?	8E-9	-	NR	1.0629	-	[1.04-1.08]	VN1R11P,LARRPM	"Major depressive disorder"	"major depressive disorder"	-	GCST90085695	6:27082617	34634379	"Mei L"
rs6934329-?	1E-9	-	NR	1.06492	-	[1.04-1.09]	MIR3143,RPL10P2	"Major depressive disorder"	"major depressive disorder"	-	GCST90085695	6:27190254	34634379	"Mei L"
rs35984974-?	5E-9	-	NR	0.92654	-	[0.9-0.95]	MCFD2P1,ZNF184	"Major depressive disorder"	"major depressive disorder"	-	GCST90085695	6:27442643	34634379	"Mei L"
rs200949-?	9E-9	-	NR	1.07186	-	[1.05-1.1]	H1-5,H3C11	"Major depressive disorder"	"major depressive disorder"	-	GCST90085695	6:27867657	34634379	"Mei L"
rs156743-?	3E-9	-	NR	1.07294	-	[1.05-1.1]	ZSCAN16-AS1,OR2W4P	"Major depressive disorder"	"major depressive disorder"	-	GCST90085695	6:27999311	34634379	"Mei L"
rs6905391-?	3E-11	-	NR	0.92867	-	[0.91-0.95]	PGBD1	"Major depressive disorder"	"major depressive disorder"	-	GCST90085695	6:28294909	34634379	"Mei L"
rs2232423-?	8E-9	-	NR	1.07961	-	[1.05-1.11]	ZSCAN12	"Major depressive disorder"	"major depressive disorder"	-	GCST90085695	6:28398374	34634379	"Mei L"
rs114702617-?	3E-10	-	NR	0.92654	-	[0.9-0.95]	LINC00533,RPSAP2	"Major depressive disorder"	"major depressive disorder"	-	GCST90085695	6:28714665	34634379	"Mei L"
rs116379963-?	9E-10	-	NR	0.92219	-	[0.9-0.95]	ZNF90P2,HCG14	"Major depressive disorder"	"major depressive disorder"	-	GCST90085695	6:28894720	34634379	"Mei L"
rs116723099-?	1E-9	-	NR	0.92349	-	[0.9-0.95]	LINC03003	"Major depressive disorder"	"major depressive disorder"	-	GCST90085695	6:29272601	34634379	"Mei L"
rs137966363-?	1E-9	-	NR	1.08058	-	[1.06-1.11]	OR5V1	"Major depressive disorder"	"major depressive disorder"	-	GCST90085695	6:29408025	34634379	"Mei L"
rs138291794-?	6E-9	-	NR	0.93016	-	[0.91-0.95]	LINC01015,LINC02829	"Major depressive disorder"	"major depressive disorder"	-	GCST90085695	6:29512447	34634379	"Mei L"
rs115355499-?	6E-9	-	NR	0.92719	-	[0.9-0.95]	HLA-F-AS1,ZFP57	"Major depressive disorder"	"major depressive disorder"	-	GCST90085695	6:29691478	34634379	"Mei L"
rs116480994-?	7E-9	-	NR	1.07573	-	[1.05-1.1]	POLR1HASP,POLR1H	"Major depressive disorder"	"major depressive disorder"	-	GCST90085695	6:30064745	34634379	"Mei L"
rs115756918-?	1E-8	-	NR	0.93118	-	[0.91-0.96]	TRIM26	"Major depressive disorder"	"major depressive disorder"	-	GCST90085695	6:30205761	34634379	"Mei L"
rs116091730-?	8E-10	-	NR	0.92709	-	[0.9-0.95]	ATAT1	"Major depressive disorder"	"major depressive disorder"	-	GCST90085695	6:30635742	34634379	"Mei L"
rs115844366-?	2E-9	-	NR	0.93062	-	[0.91-0.95]	FLOT1	"Major depressive disorder"	"major depressive disorder"	-	GCST90085695	6:30741580	34634379	"Mei L"
rs114418270-?	9E-9	-	NR	1.05781	-	[1.04-1.08]	HCG21,SFTA2,MUCL3	"Major depressive disorder"	"major depressive disorder"	-	GCST90085695	6:30946775	34634379	"Mei L"
rs9806026-?	1E-8	-	NR	0.9498	-	[0.93-0.97]	LINC02315,LRFN5-DT	"Major depressive disorder"	"major depressive disorder"	-	GCST90085695	14:41511395	34634379	"Mei L"
rs1950829-?	8E-9	-	NR	1.04645	-	[1.03-1.06]	LRFN5	"Major depressive disorder"	"major depressive disorder"	-	GCST90085695	14:41628734	34634379	"Mei L"
rs142865693-?	4E-6	"(Dominant model)"	NR	-	-	-	OR5AK3P,OR5AK2	Depression	"major depressive disorder"	-	GCST012445	11:56977155	34118634	"Chu X"
rs28385404-?	3E-6	"(Dominant model)"	NR	-	-	-	LINC01582,LINC02251	Depression	"major depressive disorder"	-	GCST012445	15:98034365	34118634	"Chu X"
rs2498828-T	6E-6	(male)	0.8798	-	"0.1822 unit decrease"	[0.1-0.26]	FBLN5,TRIP11	"Major depressive disorder"	"major depressive disorder"	-	GCST012304	14:91954931	34099189	"Blokland GAM"
rs7814405-A	8E-6	(male)	0.2547	-	"0.1042 unit decrease"	[0.058-0.15]	RPL23AP54,RN7SL318P	"Major depressive disorder"	"major depressive disorder"	-	GCST012304	8:5238786	34099189	"Blokland GAM"
rs598068-A	2E-6	(male)	0.245	-	"0.1122 unit increase"	[0.066-0.159]	RPL7P44,ACOD1	"Major depressive disorder"	"major depressive disorder"	-	GCST012304	13:76963172	34099189	"Blokland GAM"
rs10831801-A	9E-6	(male)	0.1969	-	"0.1834 unit increase"	[0.1-0.26]	MICAL2	"Major depressive disorder"	"major depressive disorder"	-	GCST012304	11:12353089	34099189	"Blokland GAM"
rs117352232-A	6E-7	(male)	0.9857	-	"0.4191 unit decrease"	[0.25-0.58]	CCDC26	"Major depressive disorder"	"major depressive disorder"	-	GCST012304	8:128887048	34099189	"Blokland GAM"
rs2178539-A	1E-9	(male)	0.0442	-	"0.3827 unit increase"	[0.26-0.51]	DMD	"Major depressive disorder"	"major depressive disorder"	-	GCST012304	X:31188927	34099189	"Blokland GAM"
chr2:169366410-?	8E-7	(male)	0.9695	-	"0.4159 unit decrease"	[0.25-0.58]	-	"Recurrent major depressive disorder"	"major depressive disorder"	-	GCST012302	-	34099189	"Blokland GAM"
rs10923531-T	6E-6	(male)	0.2631	-	"0.1983 unit decrease"	[0.11-0.28]	RNA5SP56,PSMC1P12	"Recurrent major depressive disorder"	"major depressive disorder"	-	GCST012302	1:118280942	34099189	"Blokland GAM"
rs16926263-T	4E-6	(male)	0.9782	-	"0.4361 unit decrease"	[0.25-0.62]	LINC00836	"Recurrent major depressive disorder"	"major depressive disorder"	-	GCST012302	10:25693234	34099189	"Blokland GAM"
rs12647456-A	5E-6	(male)	0.9399	-	"0.2817 unit decrease"	[0.16-0.4]	RN7SL28P,RPL6P16	"Recurrent major depressive disorder"	"major depressive disorder"	-	GCST012302	4:184277373	34099189	"Blokland GAM"
rs78664615-T	6E-6	(male)	0.8667	-	"0.1818 unit decrease"	[0.1-0.26]	WARS2	"Recurrent major depressive disorder"	"major depressive disorder"	-	GCST012302	1:119102543	34099189	"Blokland GAM"
rs114171617-A	4E-6	(male)	0.9838	-	"0.4946 unit decrease"	[0.29-0.7]	RNU6-439P,RPL7P13	"Recurrent major depressive disorder"	"major depressive disorder"	-	GCST012302	2:49748293	34099189	"Blokland GAM"
rs7895886-A	8E-6	(male)	0.0216	-	"0.4237 unit increase"	[0.24-0.61]	LINC00836	"Recurrent major depressive disorder"	"major depressive disorder"	-	GCST012302	10:25694445	34099189	"Blokland GAM"
rs7531118-?	1E-8	-	NR	-	-	-	LINC02796	"Major depressive disorder (MTAG)"	"major depressive disorder"	-	GCST90020093	1:72371556	34159505	"Wang H"
rs57440165-?	6E-16	-	NR	-	-	-	GUSBP2,ZNF322	"Major depressive disorder (MTAG)"	"major depressive disorder"	-	GCST90020093	6:26875738	34159505	"Wang H"
rs68188794-?	2E-18	-	NR	-	-	-	ZSCAN16,ZSCAN16-AS1	"Major depressive disorder (MTAG)"	"major depressive disorder"	-	GCST90020093	6:28112999	34159505	"Wang H"
rs2509805-?	5E-9	-	NR	-	-	-	OR5AZ1P,OR5BA1P	"Major depressive disorder (MTAG)"	"major depressive disorder"	-	GCST90020093	11:57883324	34159505	"Wang H"
rs8039305-?	2E-8	-	NR	-	-	-	FURIN	"Major depressive disorder (MTAG)"	"major depressive disorder"	-	GCST90020093	15:90879313	34159505	"Wang H"
rs10890032-?	2E-12	-	NR	-	-	-	LINC01360	"Major depressive disorder (MTAG)"	"major depressive disorder"	-	GCST90020093	1:73323641	34159505	"Wang H"
rs12658019-?	5E-12	-	NR	-	-	-	RNU6-334P,NIHCOLE	"Major depressive disorder (MTAG)"	"major depressive disorder"	-	GCST90020093	5:104568407	34159505	"Wang H"
rs13200921-?	2E-9	-	NR	-	-	-	SLC17A1	"Major depressive disorder (MTAG)"	"major depressive disorder"	-	GCST90020093	6:25790150	34159505	"Wang H"
rs11191479-?	8E-11	-	NR	-	-	-	CNNM2	"Major depressive disorder (MTAG)"	"major depressive disorder"	-	GCST90020093	10:102963863	34159505	"Wang H"
rs6508210-?	2E-8	-	NR	-	-	-	DCC	"Major depressive disorder (MTAG)"	"major depressive disorder"	-	GCST90020093	18:53220821	34159505	"Wang H"
rs12958048-?	1E-9	-	NR	-	-	-	TCF4	"Major depressive disorder (MTAG)"	"major depressive disorder"	-	GCST90020093	18:55434367	34159505	"Wang H"
rs2162231-C	3E-6	-	NR	1.306	-	[NR]	SLC10A2,METTL21EP	Depression	"major depressive disorder"	-	GCST009978	13:102966952	31926482	"Shen H"
rs11515172-T	4E-8	-	0.784243	1.0869565	-	[1.06-1.12]	JKAMPP1,AKAP8P1	"Major depressive disorder"	"major depressive disorder"	-	GCST009979	9:11256041	31969693	"Coleman JRI"
rs144213213-C	2E-7	-	0.9809848	1.0857763	-	[1.05-1.12]	LINC02305,MTND4P33	"Major depressive disorder"	"major depressive disorder"	-	GCST009979	14:84015812	31969693	"Coleman JRI"
rs3131115-C	1E-7	-	0.671942	1.0845987	-	[1.05-1.12]	LINC02569,HLA-E	"Major depressive disorder"	"major depressive disorder"	-	GCST009979	6:30501014	31969693	"Coleman JRI"
rs138879850-T	2E-7	-	0.99147537	1.0822511	-	[1.05-1.11]	TMEM229A,SSU72L6	"Major depressive disorder"	"major depressive disorder"	-	GCST009979	7:124043151	31969693	"Coleman JRI"
rs3788338-G	3E-7	-	0.746028	1.081081	-	[1.05-1.11]	RSPH14	"Major depressive disorder"	"major depressive disorder"	-	GCST009979	22:23069879	31969693	"Coleman JRI"
rs10070411-A	7E-7	-	0.778321	1.0787487	-	[1.05-1.11]	FER	"Major depressive disorder"	"major depressive disorder"	-	GCST009979	5:109111647	31969693	"Coleman JRI"
rs1343607-A	1E-6	-	0.374666	1.0764263	-	[1.05-1.11]	OLFM4,LINC01065	"Major depressive disorder"	"major depressive disorder"	-	GCST009979	13:53071313	31969693	"Coleman JRI"
rs143864773-T	1E-6	-	0.9307518	1.0764263	-	[1.05-1.11]	CCDC73	"Major depressive disorder"	"major depressive disorder"	-	GCST009979	11:32744320	31969693	"Coleman JRI"
rs1811320-A	1E-6	-	0.581533	1.0764263	-	[1.05-1.11]	RBFOX1	"Major depressive disorder"	"major depressive disorder"	-	GCST009979	16:6074205	31969693	"Coleman JRI"
rs140992857-A	8E-6	-	0.0306898	1.068	-	[1.04-1.1]	Y_RNA,LINC02549	"Major depressive disorder"	"major depressive disorder"	-	GCST009979	6:67951517	31969693	"Coleman JRI"
rs139146062-T	9E-6	-	0.0241839	1.068	-	[1.04-1.1]	DNAH7,STK17B	"Major depressive disorder"	"major depressive disorder"	-	GCST009979	2:196094898	31969693	"Coleman JRI"
rs144356690-A	5E-6	-	0.00834446	1.069	-	[1.04-1.1]	TRIB2,LINC00276	"Major depressive disorder"	"major depressive disorder"	-	GCST009979	2:13707862	31969693	"Coleman JRI"
rs60225398-T	2E-6	-	0.761321	1.0752687	-	[1.04-1.11]	EGLN3	"Major depressive disorder"	"major depressive disorder"	-	GCST009979	14:34024218	31969693	"Coleman JRI"
rs113416614-T	8E-6	-	0.0678518	1.069	-	[1.04-1.1]	MCMBP	"Major depressive disorder"	"major depressive disorder"	-	GCST009979	10:119869536	31969693	"Coleman JRI"
rs6995581-G	3E-6	-	0.209451	1.0741138	-	[1.04-1.11]	FAM135B,ZYXP1	"Major depressive disorder"	"major depressive disorder"	-	GCST009979	8:137616924	31969693	"Coleman JRI"
rs4565433-G	2E-6	-	0.159273	1.0729614	-	[1.04-1.1]	ZFPM2	"Major depressive disorder"	"major depressive disorder"	-	GCST009979	8:105485315	31969693	"Coleman JRI"
rs1575671-G	7E-6	-	0.138985	1.07	-	[1.04-1.1]	FTH1P5,TIAL1P1	"Major depressive disorder"	"major depressive disorder"	-	GCST009979	6:51007388	31969693	"Coleman JRI"
rs2977608-A	8E-6	-	0.259029	1.0729614	-	[1.04-1.1]	LINC01128	"Major depressive disorder"	"major depressive disorder"	-	GCST009979	1:832873	31969693	"Coleman JRI"
rs7222143-A	7E-6	-	0.444808	1.07	-	[1.04-1.1]	SUPT4H1,TSPOAP1-AS1	"Major depressive disorder"	"major depressive disorder"	-	GCST009979	17:58349957	31969693	"Coleman JRI"
rs10460050-T	9E-6	-	0.420586	1.07	-	[1.04-1.1]	ASXL3,NOL4	"Major depressive disorder"	"major depressive disorder"	-	GCST009979	18:33833707	31969693	"Coleman JRI"
rs1841556-T	9E-6	-	0.634608	1.07	-	[1.04-1.1]	MIR7515HG,LINC00487	"Major depressive disorder"	"major depressive disorder"	-	GCST009979	2:6674345	31969693	"Coleman JRI"
rs1496089-T	9E-6	-	0.736326	1.07	-	[1.04-1.1]	LINC01036	"Major depressive disorder"	"major depressive disorder"	-	GCST009979	1:187322087	31969693	"Coleman JRI"
rs111747875-T	3E-6	-	0.0192821	1.071	-	[1.04-1.1]	CD36,SEMA3C	"Major depressive disorder"	"major depressive disorder"	-	GCST009979	7:80708697	31969693	"Coleman JRI"
rs116071213-G	4E-6	-	0.0403872	1.071	-	[1.04-1.1]	COL11A1,OLFM3	"Major depressive disorder"	"major depressive disorder"	-	GCST009979	1:102234129	31969693	"Coleman JRI"
rs2342343-A	6E-6	-	0.305863	1.071	-	[1.04-1.1]	MON1B,LINC02125	"Major depressive disorder"	"major depressive disorder"	-	GCST009979	16:77134353	31969693	"Coleman JRI"
rs34534607-T	6E-6	-	0.201176	1.071	-	[1.04-1.1]	TSPAN33	"Major depressive disorder"	"major depressive disorder"	-	GCST009979	7:129150350	31969693	"Coleman JRI"
rs2781093-G	9E-6	-	0.723417	1.0695187	-	[1.04-1.1]	BRINP1,LINC01613	"Major depressive disorder"	"major depressive disorder"	-	GCST009979	9:119806336	31969693	"Coleman JRI"
rs117183159-T	9E-6	-	0.9493536	1.0695187	-	[1.04-1.1]	TMEM220-AS1,RN7SL601P	"Major depressive disorder"	"major depressive disorder"	-	GCST009979	17:11149061	31969693	"Coleman JRI"
rs71560357-T	8E-6	-	0.0102767	1.066	-	[1.04-1.1]	MANEA,KRT18P50	"Major depressive disorder"	"major depressive disorder"	-	GCST009979	6:95893891	31969693	"Coleman JRI"
rs112904378-A	9E-6	-	0.0353645	1.067	-	[1.04-1.1]	GRIK2	"Major depressive disorder"	"major depressive disorder"	-	GCST009979	6:101595927	31969693	"Coleman JRI"
rs79696139-A	9E-6	-	0.0514137	1.067	-	[1.04-1.1]	CATSPERD	"Major depressive disorder"	"major depressive disorder"	-	GCST009979	19:5756634	31969693	"Coleman JRI"
rs116215823-T	7E-6	-	0.0105559	1.068	-	[1.04-1.1]	KCNH8	"Major depressive disorder"	"major depressive disorder"	-	GCST009979	3:19322024	31969693	"Coleman JRI"
rs188386326-G	8E-6	-	0.0137242	1.068	-	[1.04-1.1]	TRPM3	"Major depressive disorder"	"major depressive disorder"	-	GCST009979	9:70634117	31969693	"Coleman JRI"
rs111796550-A	8E-6	-	0.0373333	1.068	-	[1.04-1.1]	Y_RNA,ZMYM4	"Major depressive disorder"	"major depressive disorder"	-	GCST009979	1:35200179	31969693	"Coleman JRI"
rs78643921-C	1E-6	-	0.896425	1.0764263	-	[1.05-1.11]	PCDH9	"Major depressive disorder"	"major depressive disorder"	-	GCST009979	13:66647244	31969693	"Coleman JRI"
rs10947863-T	2E-6	-	0.746556	1.0764263	-	[1.05-1.11]	TUBBP9,TDRG1	"Major depressive disorder"	"major depressive disorder"	-	GCST009979	6:40244840	31969693	"Coleman JRI"
rs186555608-C	1E-6	-	0.984715	1.0752687	-	[1.04-1.11]	KCNQ3	"Major depressive disorder"	"major depressive disorder"	-	GCST009979	8:132216505	31969693	"Coleman JRI"
rs11223270-A	8E-6	-	0.3137	1.069	-	[1.04-1.1]	OPCML	"Major depressive disorder"	"major depressive disorder"	-	GCST009979	11:132898896	31969693	"Coleman JRI"
rs61909191-A	3E-6	-	0.9342475	1.0752687	-	[1.04-1.11]	CCND2-AS1,HSPA8P5	"Major depressive disorder"	"major depressive disorder"	-	GCST009979	12:4241124	31969693	"Coleman JRI"
rs4903685-G	8E-6	-	0.274613	1.069	-	[1.04-1.1]	FXNP1,ADCK1	"Major depressive disorder"	"major depressive disorder"	-	GCST009979	14:78009678	31969693	"Coleman JRI"
rs8008104-G	6E-6	-	0.0948978	1.07	-	[1.04-1.1]	PRIMA1	"Major depressive disorder"	"major depressive disorder"	-	GCST009979	14:93720026	31969693	"Coleman JRI"
rs2414116-A	3E-6	-	0.461564	1.0729614	-	[1.04-1.1]	LYSMD2	"Major depressive disorder"	"major depressive disorder"	-	GCST009979	15:51725148	31969693	"Coleman JRI"
rs139340185-A	7E-6	-	0.0102598	1.07	-	[1.04-1.1]	RPL10AP3,LINC01288	"Major depressive disorder"	"major depressive disorder"	-	GCST009979	8:34718769	31969693	"Coleman JRI"
rs78825642-C	4E-6	-	0.8699	1.0718113	-	[1.04-1.1]	MTCO3P27,MTCYBP16	"Major depressive disorder"	"major depressive disorder"	-	GCST009979	4:64607622	31969693	"Coleman JRI"
rs114098943-G	4E-6	-	0.9582778	1.0718113	-	[1.04-1.1]	TRIM63,SLC30A2	"Major depressive disorder"	"major depressive disorder"	-	GCST009979	1:26049538	31969693	"Coleman JRI"
rs147643734-A	6E-6	-	0.9601256	1.0706638	-	[1.04-1.1]	EPHA7,MTCYBP36	"Major depressive disorder"	"major depressive disorder"	-	GCST009979	6:93481026	31969693	"Coleman JRI"
rs6922076-C	7E-6	-	0.545976	1.0706638	-	[1.04-1.1]	LINC01016	"Major depressive disorder"	"major depressive disorder"	-	GCST009979	6:33839788	31969693	"Coleman JRI"
rs143445914-C	8E-6	-	0.9717484	1.0706638	-	[1.04-1.1]	ZNF80,TIGIT	"Major depressive disorder"	"major depressive disorder"	-	GCST009979	3:114265592	31969693	"Coleman JRI"
rs972697-G	8E-6	-	0.205631	1.0695187	-	[1.04-1.1]	RNU6-857P,MIR302F	"Major depressive disorder"	"major depressive disorder"	-	GCST009979	18:30530053	31969693	"Coleman JRI"
rs13186198-G	9E-6	-	0.536186	1.0695187	-	[1.04-1.1]	PFDN1,CYSTM1	"Major depressive disorder"	"major depressive disorder"	-	GCST009979	5:140272472	31969693	"Coleman JRI"
rs528732638-GAA	1E-10	-	0.13	3.62	-	[2.38-5.5]	CHST9,AQP4-AS1	"Severe depressive disorders in coronary artery disease"	"major depressive disorder"	"coronary artery disease"	GCST007230	18:26940224	30563176	"Westermair AL"
rs11054833-A	3E-6	-	0.13	2.47	-	[1.6-3.8]	LOH12CR2,MANSC1	"Severe depressive disorders in coronary artery disease"	"major depressive disorder"	"coronary artery disease"	GCST007230	12:12350535	30563176	"Westermair AL"
rs11835646-T	4E-6	-	0.44	2.12	-	[1.47-3.06]	ACSS3	"Severe depressive disorders in coronary artery disease"	"major depressive disorder"	"coronary artery disease"	GCST007230	12:81158559	30563176	"Westermair AL"
rs7148335-G	5E-6	-	0.08	2.9411764	-	[1.79-5]	BRMS1L,LINC00609	"Severe depressive disorders in coronary artery disease"	"major depressive disorder"	"coronary artery disease"	GCST007230	14:35913595	30563176	"Westermair AL"
rs60466238-T	9E-6	-	0.12	2.58	-	[1.65-4.03]	LINC02860,LINC03095	"Severe depressive disorders in coronary artery disease"	"major depressive disorder"	"coronary artery disease"	GCST007230	7:26612673	30563176	"Westermair AL"
rs3135296-?	5E-7	-	NR	1.1049724	-	[1.06-1.15]	LINC01623,NOP56P1	"Major depressive disorder (lifetime)"	"major depressive disorder"	-	GCST010009	6:28828079	32231276	"Cai N"
rs6697602-G	6E-9	-	0.083	1.056	-	[1.04-1.07]	ASTN1	"Help-seeking from a GP"	"major depressive disorder"	-	GCST010011	1:177070236	32231276	"Cai N"
rs926552-G	4E-8	-	0.86	1.1074197	-	[1.07-1.14]	GABBR1	"Major depressive disorder (lifetime)"	"major depressive disorder"	-	GCST010009	6:29580312	32231276	"Cai N"
rs8097498-G	1E-8	-	0.387	1.031	-	[1.02-1.04]	LINC01416,LINC01415	"Help-seeking from a GP"	"major depressive disorder"	-	GCST010011	18:55782436	32231276	"Cai N"
rs3115631-T	3E-13	-	0.874	1.059322	-	[1.04-1.08]	POLR1HASP	"Help-seeking from a GP"	"major depressive disorder"	-	GCST010011	6:30018547	32231276	"Cai N"
rs61997596-A	4E-8	-	0.191	1.037	-	[1.02-1.05]	TDRD9	"Help-seeking from a GP"	"major depressive disorder"	-	GCST010011	14:104044869	32231276	"Cai N"
rs236346-T	1E-8	-	0.905	1.0526316	-	[1.03-1.07]	PPIL1	"Help-seeking from a GP"	"major depressive disorder"	-	GCST010011	6:36864327	32231276	"Cai N"
rs4713145-T	5E-11	-	0.756	1.0626993	-	NR	ZSCAN16-AS1,ZKSCAN8	"Help-seeking from a psychiatrist"	"major depressive disorder"	-	GCST010012	6:28139049	32231276	"Cai N"
rs2517622-G	4E-11	-	0.863	1.0799136	-	NR	PAIP1P1,TRIM26	"Help-seeking from a psychiatrist"	"major depressive disorder"	-	GCST010012	6:30187372	32231276	"Cai N"
rs3129120-T	1E-10	-	0.876	1.081081	-	NR	LINC03003,OR2N1P	"Help-seeking from a psychiatrist"	"major depressive disorder"	-	GCST010012	6:29143998	32231276	"Cai N"
rs66975207-A	1E-9	-	0.889	1.081081	-	NR	LINC00240,LARRPM	"Help-seeking from a psychiatrist"	"major depressive disorder"	-	GCST010012	6:26974367	32231276	"Cai N"
rs535777-G	1E-9	-	0.862	1.0752687	-	NR	HLA-DRB1,HLA-DQA1	"Help-seeking from a psychiatrist"	"major depressive disorder"	-	GCST010012	6:32609856	32231276	"Cai N"
rs3094146-G	5E-8	-	0.87	1.1494253	-	[1.10-1.20]	POLR1HASP	"Help-seeking from a GP (without major depressive disorder symptoms)"	"major depressive disorder"	-	GCST010014	6:30003183	32231276	"Cai N"
rs3135296-?	1E-6	-	NR	1.1350738	-	[1.08-1.19]	LINC01623,NOP56P1	"Help-seeking from a GP (without major depressive disorder symptoms)"	"major depressive disorder"	-	GCST010014	6:28828079	32231276	"Cai N"
rs2517622-?	3E-6	-	NR	1.1223345	-	[1.07-1.18]	PAIP1P1,TRIM26	"Help-seeking from a GP (without major depressive disorder symptoms)"	"major depressive disorder"	-	GCST010014	6:30187372	32231276	"Cai N"
rs4543289-?	7E-6	-	NR	1.0235415	-	[1.01-1.03]	LINC03000	"Help-seeking from a GP"	"major depressive disorder"	-	GCST010011	5:165057942	32231276	"Cai N"
rs30266-A	4E-12	-	0.328	1.039	-	[1.03-1.05]	RNU6-334P,NIHCOLE	"Help-seeking from a GP"	"major depressive disorder"	-	GCST010011	5:104636656	32231276	"Cai N"
rs537635-T	6E-10	-	0.484	1.033	-	[1.02-1.04]	GRM5	"Help-seeking from a GP"	"major depressive disorder"	-	GCST010011	11:88972067	32231276	"Cai N"
rs12205083-G	6E-10	-	0.104	1.053	-	[1.04-1.07]	DCDC2	"Help-seeking from a GP"	"major depressive disorder"	-	GCST010011	6:24275255	32231276	"Cai N"
rs11123030-T	1E-9	-	0.491	1.032	-	[1.02-1.04]	CNTNAP5	"Help-seeking from a GP"	"major depressive disorder"	-	GCST010011	2:124218586	32231276	"Cai N"
rs12967855-A	2E-9	-	0.329	1.034	-	[1.02-1.05]	CELF4	"Help-seeking from a GP"	"major depressive disorder"	-	GCST010011	18:37558282	32231276	"Cai N"
rs3129120-?	4E-7	-	NR	1.1049724	-	[1.06-1.15]	LINC03003,OR2N1P	"Major depressive disorder (lifetime)"	"major depressive disorder"	-	GCST010009	6:29143998	32231276	"Cai N"
rs11646401-G	4E-8	-	0.442	1.029	-	[1.02-1.04]	METTL9	"Help-seeking from a GP"	"major depressive disorder"	-	GCST010011	16:21598657	32231276	"Cai N"
rs3115631-?	4E-7	-	NR	1.1037527	-	[1.06-1.15]	POLR1HASP	"Major depressive disorder (lifetime)"	"major depressive disorder"	-	GCST010009	6:30018547	32231276	"Cai N"
rs66511648-C	2E-8	-	0.284	1.033	-	[1.02-1.04]	LINC03051,LSAMP	"Help-seeking from a GP"	"major depressive disorder"	-	GCST010011	3:117796672	32231276	"Cai N"
rs3135296-A	4E-12	-	0.88	1.0570824	-	[1.04-1.07]	LINC01623,NOP56P1	"Help-seeking from a GP"	"major depressive disorder"	-	GCST010011	6:28828079	32231276	"Cai N"
rs10786831-A	2E-6	-	NR	1.026	-	[1.015-1.036]	SORCS3	"Help-seeking from a GP"	"major depressive disorder"	-	GCST010011	10:104854813	32231276	"Cai N"
rs75782365-T	1E-9	-	0.89	1.0515248	-	[1.04-1.07]	BTN3A1	"Help-seeking from a GP"	"major depressive disorder"	-	GCST010011	6:26408323	32231276	"Cai N"
rs12057031-C	5E-9	-	0.892	1.0504202	-	[1.03-1.07]	RN7SKP120,TUSC1	"Help-seeking from a GP"	"major depressive disorder"	-	GCST010011	9:25235065	32231276	"Cai N"
rs578174-A	2E-8	-	0.898	1.049318	-	[1.03-1.07]	DISC1FP1,CHORDC1	"Help-seeking from a GP"	"major depressive disorder"	-	GCST010011	11:90226469	32231276	"Cai N"
rs6699744-T	7E-14	-	0.612	1.0416667	-	[1.03-1.05]	LINC02796	"Help-seeking from a GP"	"major depressive disorder"	-	GCST010011	1:72359461	32231276	"Cai N"
rs1625792-G	5E-8	-	0.853	1.0405828	-	[1.03-1.05]	LINC02571,HLA-B	"Help-seeking from a GP"	"major depressive disorder"	-	GCST010011	6:31338643	32231276	"Cai N"
rs7772160-T	3E-12	-	0.522	1.0362694	-	[1.03-1.05]	MCFD2P1,ZNF184	"Help-seeking from a GP"	"major depressive disorder"	-	GCST010011	6:27444607	32231276	"Cai N"
rs535777-?	5E-6	-	NR	1.0362694	-	[1.02-1.05]	HLA-DRB1,HLA-DQA1	"Help-seeking from a GP"	"major depressive disorder"	-	GCST010011	6:32609856	32231276	"Cai N"
rs393488-T	2E-10	-	0.531	1.0341262	-	[1.02-1.04]	BNC2,RN7SL720P	"Help-seeking from a GP"	"major depressive disorder"	-	GCST010011	9:17044973	32231276	"Cai N"
rs9345737-A	3E-9	-	0.561	1.0319917	-	[1.02-1.04]	NUFIP1P1,ADH5P4	"Help-seeking from a GP"	"major depressive disorder"	-	GCST010011	6:65967045	32231276	"Cai N"
rs4713145-?	2E-7	-	NR	1.0319917	-	[1.02-1.04]	ZSCAN16-AS1,ZKSCAN8	"Help-seeking from a GP"	"major depressive disorder"	-	GCST010011	6:28139049	32231276	"Cai N"
rs11599236-T	3E-8	-	0.592	1.0298661	-	[1.02-1.04]	SORCS3	"Help-seeking from a GP"	"major depressive disorder"	-	GCST010011	10:104694914	32231276	"Cai N"
rs12889665-G	3E-8	-	0.538	1.0288066	-	[1.02-1.04]	YLPM1	"Help-seeking from a GP"	"major depressive disorder"	-	GCST010011	14:74768127	32231276	"Cai N"
rs3807866-A	5E-13	-	0.41	1.039	-	[1.03-1.05]	THSD7A,TMEM106B	"Help-seeking from a GP"	"major depressive disorder"	-	GCST010011	7:12210752	32231276	"Cai N"
rs9364755-A	1E-9	-	0.7738	-	"0.029666446 unit decrease"	[0.02-0.039]	RN7SL366P,C6orf118	"Major depressive disorder (MTAG)"	"major depressive disorder"	-	GCST012090	6:164696296	33479212	"Yao X"
rs3807865-A	9E-12	-	0.4105	-	"0.02882208 unit increase"	[0.021-0.037]	THSD7A,TMEM106B	"Major depressive disorder (MTAG)"	"major depressive disorder"	-	GCST012090	7:12210776	33479212	"Yao X"
rs59082935-T	4E-8	-	0.1342	-	"0.03502372 unit increase"	[0.023-0.048]	KRT8P20,CFAP144P1	"Major depressive disorder (MTAG)"	"major depressive disorder"	-	GCST012090	7:38685268	33479212	"Yao X"
rs2522831-T	9E-11	-	0.5261	-	"0.026728114 unit decrease"	[0.019-0.035]	PCLO	"Major depressive disorder (MTAG)"	"major depressive disorder"	-	GCST012090	7:82818784	33479212	"Yao X"
rs10231446-T	3E-8	-	0.5506	-	"0.022884281 unit decrease"	[0.015-0.031]	BUB3P1,EIF3IP1	"Major depressive disorder (MTAG)"	"major depressive disorder"	-	GCST012090	7:109512466	33479212	"Yao X"
rs2894699-T	4E-9	-	0.4305	-	"0.024859993 unit decrease"	[0.017-0.033]	FOXP2	"Major depressive disorder (MTAG)"	"major depressive disorder"	-	GCST012090	7:114419101	33479212	"Yao X"
rs150346963-T	6E-9	-	0.4118	-	"0.024501354 unit increase"	[0.016-0.033]	LSM8,CTTNBP2	"Major depressive disorder (MTAG)"	"major depressive disorder"	-	GCST012090	7:117985545	33479212	"Yao X"
rs1931388-A	2E-10	-	0.5958	-	"0.02696083 unit increase"	[0.019-0.035]	AKAP8P1,JKAMPP1	"Major depressive disorder (MTAG)"	"major depressive disorder"	-	GCST012090	9:11203149	33479212	"Yao X"
rs166418-T	2E-9	-	0.4843	-	"0.024698127 unit decrease"	[0.017-0.033]	RN7SL720P,BNC2	"Major depressive disorder (MTAG)"	"major depressive disorder"	-	GCST012090	9:17029944	33479212	"Yao X"
rs59283172-A	8E-9	-	0.1081	-	"0.03844266 unit decrease"	[0.025-0.052]	TUSC1,RN7SKP120	"Major depressive disorder (MTAG)"	"major depressive disorder"	-	GCST012090	9:25232980	33479212	"Yao X"
rs62535714-A	6E-9	-	0.1639	-	"0.032263294 unit increase"	[0.021-0.043]	ZCCHC7	"Major depressive disorder (MTAG)"	"major depressive disorder"	-	GCST012090	9:37182658	33479212	"Yao X"
rs6479487-T	3E-8	-	0.8436	-	"0.03130111 unit decrease"	[0.02-0.042]	FAM120A	"Major depressive disorder (MTAG)"	"major depressive disorder"	-	GCST012090	9:93475091	33479212	"Yao X"
rs2418449-T	3E-9	-	0.719	-	"0.02728257 unit increase"	[0.018-0.036]	ASTN2	"Major depressive disorder (MTAG)"	"major depressive disorder"	-	GCST012090	9:116969080	33479212	"Yao X"
rs11191499-T	1E-9	-	0.9196	-	"0.046023075 unit increase"	[0.031-0.061]	CNNM2	"Major depressive disorder (MTAG)"	"major depressive disorder"	-	GCST012090	10:103004514	33479212	"Yao X"
rs1021363-A	2E-14	-	0.3566	-	"0.03288871 unit increase"	[0.024-0.041]	SORCS3	"Major depressive disorder (MTAG)"	"major depressive disorder"	-	GCST012090	10:104851081	33479212	"Yao X"
rs4636654-A	3E-10	-	0.3974	-	"0.026659915 unit decrease"	[0.018-0.035]	METTL15,LINC02758	"Major depressive disorder (MTAG)"	"major depressive disorder"	-	GCST012090	11:28621106	33479212	"Yao X"
rs9645687-T	9E-10	-	0.685999999999999	-	"0.027032098 unit decrease"	[0.018-0.036]	OR5AZ1P,OR5BA1P	"Major depressive disorder (MTAG)"	"major depressive disorder"	-	GCST012090	11:57908779	33479212	"Yao X"
rs198457-T	5E-9	-	0.1886	-	"0.031535786 unit decrease"	[0.021-0.042]	DAGLA	"Major depressive disorder (MTAG)"	"major depressive disorder"	-	GCST012090	11:61704206	33479212	"Yao X"
rs2276138-T	2E-8	-	0.4754	-	"0.023118887 unit decrease"	[0.015-0.031]	SPTBN2	"Major depressive disorder (MTAG)"	"major depressive disorder"	-	GCST012090	11:66688916	33479212	"Yao X"
rs10831546-T	2E-11	-	0.5048	-	"0.028490389 unit increase"	[0.02-0.037]	GRM5	"Major depressive disorder (MTAG)"	"major depressive disorder"	-	GCST012090	11:88999788	33479212	"Yao X"
rs2212450-T	9E-9	-	0.5723	-	"0.02432692 unit decrease"	[0.016-0.033]	LINC02763,NCAM1	"Major depressive disorder (MTAG)"	"major depressive disorder"	-	GCST012090	11:112956144	33479212	"Yao X"
rs4936275-T	5E-12	-	0.622	-	"0.02923658 unit increase"	[0.021-0.038]	DRD2,TMPRSS5	"Major depressive disorder (MTAG)"	"major depressive disorder"	-	GCST012090	11:113494362	33479212	"Yao X"
rs11612312-T	5E-9	-	0.7965	-	"0.030322546 unit decrease"	[0.02-0.04]	ACVR1B	"Major depressive disorder (MTAG)"	"major depressive disorder"	-	GCST012090	12:51955304	33479212	"Yao X"
rs9529314-A	1E-8	-	0.2028	-	"0.02909179 unit decrease"	[0.019-0.039]	B3GLCT	"Major depressive disorder (MTAG)"	"major depressive disorder"	-	GCST012090	13:31225509	33479212	"Yao X"
rs1414622-T	3E-8	-	0.9222	-	"0.042684127 unit increase"	[0.028-0.058]	HS6ST3	"Major depressive disorder (MTAG)"	"major depressive disorder"	-	GCST012090	13:96556644	33479212	"Yao X"
rs11579246-A	1E-10	-	0.9086	-	"0.046239153 unit increase"	[0.032-0.06]	ELAVL4	"Major depressive disorder (MTAG)"	"major depressive disorder"	-	GCST012090	1:50093490	33479212	"Yao X"
rs7551758-T	5E-10	-	0.4671	-	"0.02573933 unit decrease"	[0.018-0.034]	NRDC	"Major depressive disorder (MTAG)"	"major depressive disorder"	-	GCST012090	1:51808406	33479212	"Yao X"
rs2568961-T	1E-17	-	0.6042	-	"0.03615179 unit increase"	[0.028-0.044]	LINC02796	"Major depressive disorder (MTAG)"	"major depressive disorder"	-	GCST012090	1:72347064	33479212	"Yao X"
rs12136984-T	9E-15	-	0.5108	-	"0.032059785 unit decrease"	[0.024-0.04]	LINC01360,RN7SKP19	"Major depressive disorder (MTAG)"	"major depressive disorder"	-	GCST012090	1:73260315	33479212	"Yao X"
rs12040241-T	3E-9	-	0.6194	-	"0.02516353 unit increase"	[0.017-0.033]	COP1	"Major depressive disorder (MTAG)"	"major depressive disorder"	-	GCST012090	1:176030977	33479212	"Yao X"
rs10920885-T	2E-9	-	0.8132	-	"0.031536933 unit decrease"	[0.021-0.042]	HNRNPA1P46,LINC01720	"Major depressive disorder (MTAG)"	"major depressive disorder"	-	GCST012090	1:191058818	33479212	"Yao X"
rs1995812-A	1E-9	-	0.3795	-	"0.02566276 unit increase"	[0.017-0.034]	LINC01830	"Major depressive disorder (MTAG)"	"major depressive disorder"	-	GCST012090	2:22346497	33479212	"Yao X"
rs13394164-A	2E-8	-	0.593	-	"0.023693567 unit decrease"	[0.015-0.032]	LINC01830	"Major depressive disorder (MTAG)"	"major depressive disorder"	-	GCST012090	2:22737309	33479212	"Yao X"
rs112176860-A	2E-8	-	0.0492	-	"0.053398855 unit decrease"	[0.035-0.072]	VRK2	"Major depressive disorder (MTAG)"	"major depressive disorder"	-	GCST012090	2:57916173	33479212	"Yao X"
rs2111592-A	1E-8	-	0.3141	-	"0.025151651 unit increase"	[0.016-0.034]	MYOSLID	"Major depressive disorder (MTAG)"	"major depressive disorder"	-	GCST012090	2:207184857	33479212	"Yao X"
rs72948506-A	4E-8	-	0.2975	-	"0.024763808 unit increase"	[0.016-0.034]	ERBB4	"Major depressive disorder (MTAG)"	"major depressive disorder"	-	GCST012090	2:211753715	33479212	"Yao X"
rs9834021-T	3E-8	-	0.4915	-	"0.02283833 unit decrease"	[0.015-0.031]	RBMS3	"Major depressive disorder (MTAG)"	"major depressive disorder"	-	GCST012090	3:29714887	33479212	"Yao X"
rs4346585-T	4E-8	-	0.6938	-	"0.024762189 unit decrease"	[0.016-0.034]	ZKSCAN7-AS1,SOCS5P3	"Major depressive disorder (MTAG)"	"major depressive disorder"	-	GCST012090	3:44695001	33479212	"Yao X"
rs2029591-T	1E-9	-	0.1601	-	"0.03380248 unit increase"	[0.023-0.045]	BSN	"Major depressive disorder (MTAG)"	"major depressive disorder"	-	GCST012090	3:49609548	33479212	"Yao X"
rs11130820-T	8E-9	-	0.3584	-	"0.024904804 unit increase"	[0.016-0.033]	FHIT	"Major depressive disorder (MTAG)"	"major depressive disorder"	-	GCST012090	3:61158249	33479212	"Yao X"
rs66511648-T	5E-10	-	0.716	-	"0.028520253 unit decrease"	[0.02-0.038]	LINC03051,LSAMP	"Major depressive disorder (MTAG)"	"major depressive disorder"	-	GCST012090	3:117796672	33479212	"Yao X"
rs699927-T	3E-8	-	0.5829	-	"0.023508085 unit decrease"	[0.015-0.032]	RSRC1	"Major depressive disorder (MTAG)"	"major depressive disorder"	-	GCST012090	3:158214438	33479212	"Yao X"
rs71639293-A	7E-9	-	0.7979	-	"0.030131208 unit increase"	[0.02-0.04]	ARB2A	"Major depressive disorder (MTAG)"	"major depressive disorder"	-	GCST012090	5:93659307	33479212	"Yao X"
rs349588-A	1E-11	-	0.6291	-	"0.029439865 unit decrease"	[0.021-0.038]	NIHCOLE	"Major depressive disorder (MTAG)"	"major depressive disorder"	-	GCST012090	5:104336166	33479212	"Yao X"
rs30266-A	7E-19	-	0.3271	-	"0.039184805 unit increase"	[0.031-0.048]	RNU6-334P,NIHCOLE	"Major depressive disorder (MTAG)"	"major depressive disorder"	-	GCST012090	5:104636656	33479212	"Yao X"
rs11135349-A	2E-10	-	0.4674	-	"0.02621972 unit decrease"	[0.018-0.034]	LINC03000	"Major depressive disorder (MTAG)"	"major depressive disorder"	-	GCST012090	5:165096466	33479212	"Yao X"
rs2232423-A	2E-22	-	0.8944	-	"0.06450851 unit increase"	[0.052-0.078]	ZSCAN12	"Major depressive disorder (MTAG)"	"major depressive disorder"	-	GCST012090	6:28398374	33479212	"Yao X"
rs9345731-A	2E-9	-	0.3419	-	"0.026019914 unit decrease"	[0.018-0.034]	ADH5P4,NUFIP1P1	"Major depressive disorder (MTAG)"	"major depressive disorder"	-	GCST012090	6:65914356	33479212	"Yao X"
rs2214123-A	1E-9	-	0.3534	-	"0.02636051 unit increase"	[0.018-0.035]	RNU7-66P,NUFIP1P1	"Major depressive disorder (MTAG)"	"major depressive disorder"	-	GCST012090	6:66290108	33479212	"Yao X"
rs1848750-T	6E-9	-	0.516	-	"0.023959395 unit decrease"	[0.016-0.032]	HIVEP2,ADGRG6	"Major depressive disorder (MTAG)"	"major depressive disorder"	-	GCST012090	6:142666324	33479212	"Yao X"
rs1950829-A	1E-11	-	0.4827	-	"0.027922139 unit increase"	[0.02-0.036]	LRFN5	"Major depressive disorder (MTAG)"	"major depressive disorder"	-	GCST012090	14:41628734	33479212	"Yao X"
rs12589834-A	2E-8	-	0.7443	-	"0.027699487 unit increase"	[0.018-0.037]	ESR2	"Major depressive disorder (MTAG)"	"major depressive disorder"	-	GCST012090	14:64304687	33479212	"Yao X"
rs7152906-T	2E-9	-	0.4804	-	"0.024836998 unit decrease"	[0.017-0.033]	AREL1	"Major depressive disorder (MTAG)"	"major depressive disorder"	-	GCST012090	14:74658837	33479212	"Yao X"
rs7146581-T	2E-8	-	0.2246	-	"0.027423386 unit increase"	[0.018-0.037]	TRAF3	"Major depressive disorder (MTAG)"	"major depressive disorder"	-	GCST012090	14:102834735	33479212	"Yao X"
rs10141157-T	1E-11	-	0.4873	-	"0.028091298 unit decrease"	[0.02-0.036]	BAG5,RNU7-160P	"Major depressive disorder (MTAG)"	"major depressive disorder"	-	GCST012090	14:103551768	33479212	"Yao X"
rs6493274-A	8E-9	-	0.7881	-	"0.02880433 unit decrease"	[0.019-0.039]	SEMA6D	"Major depressive disorder (MTAG)"	"major depressive disorder"	-	GCST012090	15:47384292	33479212	"Yao X"
rs4776768-T	4E-8	-	0.283	-	"0.025351532 unit decrease"	[0.016-0.034]	MEGF11	"Major depressive disorder (MTAG)"	"major depressive disorder"	-	GCST012090	15:66237598	33479212	"Yao X"
rs8035777-A	3E-8	-	0.7633	-	"0.027145013 unit increase"	[0.018-0.037]	MRPL46,NTRK3-AS1	"Major depressive disorder (MTAG)"	"major depressive disorder"	-	GCST012090	15:88400576	33479212	"Yao X"
rs2097289-A	8E-10	-	0.6231	-	"0.025986817 unit decrease"	[0.018-0.034]	ERCC4,TMF1P1	"Major depressive disorder (MTAG)"	"major depressive disorder"	-	GCST012090	16:13687078	33479212	"Yao X"
rs2369818-T	3E-8	-	0.4386	-	"0.023054866 unit increase"	[0.015-0.031]	METTL9	"Major depressive disorder (MTAG)"	"major depressive disorder"	-	GCST012090	16:21602688	33479212	"Yao X"
rs11665070-A	3E-10	-	0.6684	-	"0.027819041 unit decrease"	[0.019-0.036]	CELF4,MIR4318	"Major depressive disorder (MTAG)"	"major depressive disorder"	-	GCST012090	18:37572600	33479212	"Yao X"
rs8099746-T	1E-8	-	0.8048	-	"0.029603759 unit increase"	[0.019-0.04]	KC6,NPM1P1	"Major depressive disorder (MTAG)"	"major depressive disorder"	-	GCST012090	18:41716524	33479212	"Yao X"
rs1367635-T	2E-11	-	0.4852	-	"0.027676282 unit decrease"	[0.02-0.036]	DCC	"Major depressive disorder (MTAG)"	"major depressive disorder"	-	GCST012090	18:53335039	33479212	"Yao X"
rs4131791-T	2E-11	-	0.4075	-	"0.028384494 unit decrease"	[0.02-0.037]	CCDC68,LINC01929	"Major depressive disorder (MTAG)"	"major depressive disorder"	-	GCST012090	18:55080640	33479212	"Yao X"
rs2924329-A	2E-12	-	0.2875	-	"0.032578725 unit decrease"	[0.024-0.042]	TCF4,TCF4-AS1	"Major depressive disorder (MTAG)"	"major depressive disorder"	-	GCST012090	18:55468663	33479212	"Yao X"
rs1382119-T	1E-8	-	0.3438	-	"0.024802355 unit increase"	[0.016-0.033]	LINC01415,LINC01416	"Major depressive disorder (MTAG)"	"major depressive disorder"	-	GCST012090	18:55792674	33479212	"Yao X"
rs7241572-A	3E-11	-	0.2047	-	"0.034387253 unit increase"	[0.024-0.044]	KCNG2	"Major depressive disorder (MTAG)"	"major depressive disorder"	-	GCST012090	18:79820712	33479212	"Yao X"
rs13037326-T	2E-12	-	0.2597	-	"0.03317893 unit increase"	[0.024-0.042]	NCOA5	"Major depressive disorder (MTAG)"	"major depressive disorder"	-	GCST012090	20:46063959	33479212	"Yao X"
rs62228096-A	5E-9	-	0.3545	-	"0.025808511 unit decrease"	[0.017-0.034]	MIRLET7BHG	"Major depressive disorder (MTAG)"	"major depressive disorder"	-	GCST012090	22:46061843	33479212	"Yao X"
rs2734837-T	3E-9	-	0.6084	-	"0.02509742 unit decrease"	[0.017-0.033]	DRD2	"Major depressive disorder (MTAG)"	"major depressive disorder"	-	GCST012090	11:113416107	33479212	"Yao X"
rs12878548-T	2E-10	-	0.2821	-	"0.029197985 unit decrease"	[0.020-0.038]	MARK3	"Major depressive disorder (MTAG)"	"major depressive disorder"	-	GCST012090	14:103487164	33479212	"Yao X"
rs4141983-T	1E-8	-	0.674	-	"0.0253398 unit increase"	[0.017-0.034]	ACTL8	"Major depressive disorder (MTAG)"	"major depressive disorder"	-	GCST012090	1:17795514	33479212	"Yao X"
rs12123067-A	2E-8	-	0.4218	-	"0.02339158 unit increase"	[0.015-0.031]	GRIK3,FTLP18	"Major depressive disorder (MTAG)"	"major depressive disorder"	-	GCST012090	1:36731357	33479212	"Yao X"
rs35466861-A	2E-9	-	0.9081	-	"0.043263137 unit increase"	[0.029-0.057]	AGBL4	"Major depressive disorder (MTAG)"	"major depressive disorder"	-	GCST012090	1:49337431	33479212	"Yao X"
rs2149351-T	4E-16	-	0.2227	-	"0.021516323 unit increase"	[0.016-0.027]	TPT1P9,TLR4	Depression	"major depressive disorder"	-	GCST012355	9:117739366	33859377	"Thorp JG"
rs1554269-C	2E-10	-	0.4592	-	"0.014705358 unit decrease"	[0.0095-0.0199]	LINC01830	Depression	"major depressive disorder"	-	GCST012355	2:22208250	33859377	"Thorp JG"
rs7906899-A	2E-18	-	0.2167	-	"0.023837054 unit increase"	[0.018-0.03]	SORCS3	Depression	"major depressive disorder"	-	GCST012355	10:104973747	33859377	"Thorp JG"
rs17619012-G	4E-13	-	0.2058	-	"0.019889101 unit increase"	[0.014-0.026]	WDPCP	Depression	"major depressive disorder"	-	GCST012355	2:63666455	33859377	"Thorp JG"
rs12270599-T	7E-20	-	0.492	-	"0.020543113 unit increase"	[0.015-0.026]	GRM5	Depression	"major depressive disorder"	-	GCST012355	11:88993297	33859377	"Thorp JG"
rs58936320-T	2E-14	-	0.4324	-	"0.018100373 unit increase"	[0.013-0.023]	C3orf62,IHO1	Depression	"major depressive disorder"	-	GCST012355	3:49267707	33859377	"Thorp JG"
rs7111031-C	1E-38	-	0.3588	-	"0.030268671 unit decrease"	[0.025-0.036]	DRD2,TMPRSS5	Depression	"major depressive disorder"	-	GCST012355	11:113506766	33859377	"Thorp JG"
rs3814424-C	2E-30	-	0.172	-	"0.03432998 unit decrease"	[0.028-0.041]	MIR9-2HG	Depression	"major depressive disorder"	-	GCST012355	5:88673135	33859377	"Thorp JG"
rs6606710-T	1E-6	-	0.4245	-	"0.011488617 unit decrease"	[0.0061-0.0168]	MYO1H	Depression	"major depressive disorder"	-	GCST012355	12:109411098	33859377	"Thorp JG"
rs6579956-G	1E-6	-	0.4901	-	"0.010819415 unit decrease"	[0.0058-0.0159]	LINC01470	Depression	"major depressive disorder"	-	GCST012355	5:152699103	33859377	"Thorp JG"
rs11068917-C	3E-7	-	0.2028	-	"0.014835155 unit decrease"	[0.0083-0.0213]	TAOK3	Depression	"major depressive disorder"	-	GCST012355	12:118353315	33859377	"Thorp JG"
rs9317758-T	2E-15	-	0.4304	-	"0.018032202 unit decrease"	[0.013-0.023]	SNRPFP3,ZDHHC20P4	Depression	"major depressive disorder"	-	GCST012355	13:69002235	33859377	"Thorp JG"
rs7147721-A	3E-18	-	0.4722	-	"0.019671042 unit decrease"	[0.015-0.025]	FCF1	Depression	"major depressive disorder"	-	GCST012355	14:74719307	33859377	"Thorp JG"
rs716508-C	4E-10	-	0.335	-	"0.02213966 unit increase"	[0.014-0.03]	RBFOX1	Depression	"major depressive disorder"	-	GCST012355	16:6286911	33859377	"Thorp JG"
rs240764-G	2E-15	-	0.4652	-	"0.01793107 unit decrease"	[0.013-0.023]	ASCC3,SIM1	Depression	"major depressive disorder"	-	GCST012355	6:100505272	33859377	"Thorp JG"
rs7504262-G	7E-9	-	0.341	-	"0.013731794 unit decrease"	[0.0084-0.0191]	MIR4318,CELF4	Depression	"major depressive disorder"	-	GCST012355	18:37580180	33859377	"Thorp JG"
rs11978979-A	7E-12	-	0.2197	-	"0.017946111 unit increase"	[0.012-0.024]	SDK1	Depression	"major depressive disorder"	-	GCST012355	7:3986377	33859377	"Thorp JG"
rs10164055-T	7E-20	-	0.3986	-	"0.020535868 unit decrease"	[0.015-0.026]	DCC	Depression	"major depressive disorder"	-	GCST012355	18:53393230	33859377	"Thorp JG"
rs56403421-A	3E-15	-	0.3499	-	"0.018880887 unit decrease"	[0.013-0.024]	LINC01929,CCDC68	Depression	"major depressive disorder"	-	GCST012355	18:55098052	33859377	"Thorp JG"
rs609958-T	7E-9	-	0.4553	-	"0.012986639 unit decrease"	[0.0079-0.018]	MFHAS1,CLDN23	Depression	"major depressive disorder"	-	GCST012355	8:8776038	33859377	"Thorp JG"
rs4801157-C	3E-14	-	0.1769	-	"0.021962332 unit decrease"	[0.015-0.028]	TCF4	Depression	"major depressive disorder"	-	GCST012355	18:55497462	33859377	"Thorp JG"
rs17708090-C	1E-13	-	0.1282	-	"0.02525351 unit decrease"	[0.018-0.033]	MSRA	Depression	"major depressive disorder"	-	GCST012355	8:10327081	33859377	"Thorp JG"
rs7045135-T	4E-14	-	0.3966	-	"0.017221307 unit increase"	[0.012-0.022]	AKAP8P1,JKAMPP1	Depression	"major depressive disorder"	-	GCST012355	9:11421771	33859377	"Thorp JG"
rs10821130-C	5E-13	-	0.3489	-	"0.01711739 unit increase"	[0.012-0.022]	FAM120A	Depression	"major depressive disorder"	-	GCST012355	9:93461290	33859377	"Thorp JG"
rs10920270-C	1E-13	-	0.2972	-	"0.018551813 unit increase"	[0.013-0.024]	SHISA4,IPO9	Depression	"major depressive disorder"	-	GCST012355	1:201887393	33859377	"Thorp JG"
rs11596214-G	2E-18	-	0.4404	-	"0.020037634 unit increase"	[0.015-0.025]	SORCS3	Depression	"major depressive disorder"	-	GCST012355	10:104694074	33859377	"Thorp JG"
rs2717043-C	7E-27	-	0.3857	-	"0.024796827 unit decrease"	[0.02-0.03]	VRK2	Depression	"major depressive disorder"	-	GCST012355	2:57951884	33859377	"Thorp JG"
rs297346-A	8E-14	-	0.3618	-	"0.017711889 unit increase"	[0.012-0.023]	SOX6	Depression	"major depressive disorder"	-	GCST012355	11:16334225	33859377	"Thorp JG"
rs11693031-A	3E-14	-	0.3539	-	"0.018689008 unit increase"	[0.013-0.024]	ERBB4	Depression	"major depressive disorder"	-	GCST012355	2:211813206	33859377	"Thorp JG"
rs9919557-T	7E-7	-	0.4344	-	"0.011342609 unit decrease"	[0.0062-0.0165]	NCAM1	Depression	"major depressive disorder"	-	GCST012355	11:113006686	33859377	"Thorp JG"
rs77087420-A	3E-24	-	0.0507	-	"0.05234912 unit increase"	[0.041-0.064]	BLTP1	Depression	"major depressive disorder"	-	GCST012355	4:122201701	33859377	"Thorp JG"
rs7125588-A	6E-22	-	0.4085	-	"0.02180209 unit increase"	[0.017-0.027]	TMPRSS5,DRD2	Depression	"major depressive disorder"	-	GCST012355	11:113565350	33859377	"Thorp JG"
rs191800971-G	1E-45	-	0.3191	-	"0.03394281 unit decrease"	[0.029-0.039]	NIHCOLE,RNU6-334P	Depression	"major depressive disorder"	-	GCST012355	5:104667610	33859377	"Thorp JG"
rs3741475-G	4E-11	-	0.2137	-	"0.018297596 unit decrease"	[0.012-0.025]	NOS1	Depression	"major depressive disorder"	-	GCST012355	12:117232109	33859377	"Thorp JG"
rs147439337-G	2E-9	-	0.01491	-	"0.041734487 unit decrease"	[0.026-0.057]	HNRNPA1P1,ZNF184	Depression	"major depressive disorder"	-	GCST012355	6:27495848	33859377	"Thorp JG"
rs146918648-G	2E-12	-	0.02684	-	"0.04114411 unit decrease"	[0.028-0.054]	SCAND3	Depression	"major depressive disorder"	-	GCST012355	6:28580897	33859377	"Thorp JG"
rs28986306-C	2E-9	-	0.0507	-	"0.02608803 unit decrease"	[0.016-0.036]	GABBR1	Depression	"major depressive disorder"	-	GCST012355	6:29599538	33859377	"Thorp JG"
rs12211087-T	2E-6	-	0.09841	-	"0.018283794 unit decrease"	[0.0097-0.0269]	HLA-B,LINC02571	Depression	"major depressive disorder"	-	GCST012355	6:31302169	33859377	"Thorp JG"
rs7219015-C	1E-7	-	0.2107	-	"0.015217761 unit decrease"	[0.0087-0.0217]	PAFAH1B1	Depression	"major depressive disorder"	-	GCST012355	17:2652298	33859377	"Thorp JG"
rs1334585-C	8E-14	-	0.4801	-	"0.01672344 unit decrease"	[0.012-0.022]	ADGRG6,HIVEP2	Depression	"major depressive disorder"	-	GCST012355	6:142655619	33859377	"Thorp JG"
rs2043187-A	3E-7	-	0.2773	-	"0.012277518 unit decrease"	[0.0069-0.0177]	DCC	Depression	"major depressive disorder"	-	GCST012355	18:52868035	33859377	"Thorp JG"
rs10950393-T	3E-22	-	0.4056	-	"0.021950157 unit decrease"	[0.017-0.027]	TMEM106B	Depression	"major depressive disorder"	-	GCST012355	7:12223920	33859377	"Thorp JG"
rs12705613-T	8E-14	-	0.5	-	"0.016727647 unit increase"	[0.012-0.022]	EIF3IP1,BUB3P1	Depression	"major depressive disorder"	-	GCST012355	7:109533899	33859377	"Thorp JG"
rs2924329-G	5E-13	-	0.2813	-	"0.018135639 unit increase"	[0.012-0.024]	TCF4,TCF4-AS1	Depression	"major depressive disorder"	-	GCST012355	18:55468663	33859377	"Thorp JG"
rs34328494-T	1E-9	-	0.3082	-	"0.014841492 unit increase"	[0.0094-0.0203]	MSRA	Depression	"major depressive disorder"	-	GCST012355	8:10278537	33859377	"Thorp JG"
rs2092563-G	6E-42	-	0.3032	-	"0.033832505 unit decrease"	[0.028-0.039]	EP300-AS1	Depression	"major depressive disorder"	-	GCST012355	22:41196673	33859377	"Thorp JG"
rs12155745-G	9E-9	-	0.4672	-	"0.013005675 unit decrease"	[0.0079-0.0181]	BLK	Depression	"major depressive disorder"	-	GCST012355	8:11504768	33859377	"Thorp JG"
rs114851235-A	4E-9	-	0.9568	-	"0.0463 unit decrease"	[0.031-0.062]	LINC02619	"Major depressive disorder (broad)"	"major depressive disorder"	-	GCST90328131	4:58967691	38177345	"Meng X"
rs11561993-T	8E-14	-	0.4723	-	"0.0226 unit increase"	[0.017-0.028]	EIF3IP1,BUB3P1	"Major depressive disorder (broad)"	"major depressive disorder"	-	GCST90328131	7:109462798	38177345	"Meng X"
rs11579246-A	4E-16	-	0.8674	-	"0.0411 unit increase"	[0.031-0.051]	ELAVL4	"Major depressive disorder (broad)"	"major depressive disorder"	-	GCST90328131	1:50093490	38177345	"Meng X"
rs11663393-A	1E-12	-	0.4307	-	"0.0222 unit increase"	[0.016-0.028]	DCC	"Major depressive disorder (broad)"	"major depressive disorder"	-	GCST90328131	18:53088362	38177345	"Meng X"
rs117509882-A	8E-9	-	0.9593	-	"0.0484 unit increase"	[0.032-0.065]	TTC12-DT	"Major depressive disorder (broad)"	"major depressive disorder"	-	GCST90328131	11:113295588	38177345	"Meng X"
rs11790280-T	1E-8	-	0.6204	-	"0.0178 unit decrease"	[0.012-0.024]	ZDHHC21	"Major depressive disorder (broad)"	"major depressive disorder"	-	GCST90328131	9:14651285	38177345	"Meng X"
rs11792083-A	1E-12	-	0.1978	-	"0.028 unit decrease"	[0.02-0.036]	AKAP8P1,JKAMPP1	"Major depressive disorder (broad)"	"major depressive disorder"	-	GCST90328131	9:11380203	38177345	"Meng X"
rs117956829-A	1E-8	-	0.0405	-	"0.0494 unit increase"	[0.032-0.066]	H3P34,FOLH1B	"Major depressive disorder (broad)"	"major depressive disorder"	-	GCST90328131	11:89606498	38177345	"Meng X"
rs10261857-A	2E-11	-	0.5924	-	"0.0203 unit decrease"	[0.014-0.026]	LINC01392,POLR2DP2	"Major depressive disorder (broad)"	"major depressive disorder"	-	GCST90328131	7:115319193	38177345	"Meng X"
rs12075452-A	8E-10	-	0.2671	-	"0.0211 unit increase"	[0.014-0.028]	HNRNPA1P64,HMGB1P18	"Major depressive disorder (broad)"	"major depressive disorder"	-	GCST90328131	1:80336165	38177345	"Meng X"
rs10447418-A	2E-8	-	0.7281	-	"0.0194 unit increase"	[0.013-0.026]	SAMD3	"Major depressive disorder (broad)"	"major depressive disorder"	-	GCST90328131	6:130228656	38177345	"Meng X"
rs1045430-T	8E-12	-	0.5032	-	"0.0214 unit decrease"	[0.015-0.027]	AREL1	"Major depressive disorder (broad)"	"major depressive disorder"	-	GCST90328131	14:74663532	38177345	"Meng X"
rs1047399-A	9E-9	-	0.3885	-	"0.018 unit decrease"	[0.012-0.024]	INSYN1,INSYN1-AS1	"Major depressive disorder (broad)"	"major depressive disorder"	-	GCST90328131	15:73752625	38177345	"Meng X"
rs10832585-A	3E-8	-	0.2049	-	"0.0212 unit decrease"	[0.014-0.029]	SOX6	"Major depressive disorder (broad)"	"major depressive disorder"	-	GCST90328131	11:16278311	38177345	"Meng X"
rs10853981-A	2E-8	-	0.3415	-	"0.0181 unit decrease"	[0.012-0.024]	KDM4B,UHRF1	"Major depressive disorder (broad)"	"major depressive disorder"	-	GCST90328131	19:4965053	38177345	"Meng X"
rs12374612-T	1E-10	-	0.4473	-	"0.0194 unit increase"	[0.014-0.025]	SIM1,ASCC3	"Major depressive disorder (broad)"	"major depressive disorder"	-	GCST90328131	6:100507876	38177345	"Meng X"
rs11065505-T	7E-9	-	0.1632	-	"0.0269 unit decrease"	[0.018-0.036]	IFT81	"Major depressive disorder (broad)"	"major depressive disorder"	-	GCST90328131	12:110212693	38177345	"Meng X"
rs12517438-T	1E-8	-	0.501	-	"0.0184 unit decrease"	[0.012-0.025]	RPL19P11,HPRT1P2	"Major depressive disorder (broad)"	"major depressive disorder"	-	GCST90328131	5:30841947	38177345	"Meng X"
rs11140771-A	7E-9	-	0.2185	-	"0.0216 unit decrease"	[0.014-0.029]	NTRK2	"Major depressive disorder (broad)"	"major depressive disorder"	-	GCST90328131	9:84828447	38177345	"Meng X"
rs11156429-T	5E-12	-	0.4627	-	"0.0209 unit decrease"	[0.015-0.027]	LIN28B-AS1	"Major depressive disorder (broad)"	"major depressive disorder"	-	GCST90328131	6:104916546	38177345	"Meng X"
rs112226573-?	3E-8	-	0.7903	-	"0.0219 unit increase"	[0.014-0.03]	NPM1P1,KC6	"Major depressive disorder (broad)"	"major depressive disorder"	-	GCST90328131	18:41725681	38177345	"Meng X"
rs113652961-A	7E-9	-	0.1462	-	"0.0257 unit increase"	[0.017-0.034]	RNF103-CHMP3,CHMP3	"Major depressive disorder (broad)"	"major depressive disorder"	-	GCST90328131	2:86555379	38177345	"Meng X"
rs113689582-T	1E-9	-	0.1456	-	"0.0264 unit decrease"	[0.018-0.035]	MYH15	"Major depressive disorder (broad)"	"major depressive disorder"	-	GCST90328131	3:108432144	38177345	"Meng X"
rs12958048-A	3E-15	-	0.3815	-	"0.0247 unit increase"	[0.019-0.031]	TCF4	"Major depressive disorder (broad)"	"major depressive disorder"	-	GCST90328131	18:55434367	38177345	"Meng X"
rs12967855-A	8E-16	-	0.3741	-	"0.026 unit increase"	[0.02-0.032]	CELF4	"Major depressive disorder (broad)"	"major depressive disorder"	-	GCST90328131	18:37558282	38177345	"Meng X"
rs12989045-T	3E-8	-	0.2324	-	"0.0195 unit increase"	[0.013-0.026]	MIR4432HG,RNA5SP94	"Major depressive disorder (broad)"	"major depressive disorder"	-	GCST90328131	2:59956466	38177345	"Meng X"
rs13180906-T	8E-10	-	0.5884	-	"0.0192 unit increase"	[0.013-0.025]	LINC02240	"Major depressive disorder (broad)"	"major depressive disorder"	-	GCST90328131	5:124909940	38177345	"Meng X"
chr1:177420104-?	2E-12	-	0.0903	-	"0.0396 unit increase"	[0.028-0.051]	-	"Major depressive disorder (broad)"	"major depressive disorder"	-	GCST90328131	-	38177345	"Meng X"
chr1:197649327-?	5E-11	-	0.2157	-	"0.0279 unit decrease"	[0.02-0.036]	-	"Major depressive disorder (broad)"	"major depressive disorder"	-	GCST90328131	-	38177345	"Meng X"
chr1:67055042-?	5E-10	-	0.1507	-	"0.0382 unit increase"	[0.026-0.05]	-	"Major depressive disorder (broad)"	"major depressive disorder"	-	GCST90328131	-	38177345	"Meng X"
chr11:70542109-?	2E-9	-	0.4226	-	"0.02 unit increase"	[0.014-0.026]	-	"Major depressive disorder (broad)"	"major depressive disorder"	-	GCST90328131	-	38177345	"Meng X"
chr14:57276163-?	2E-8	-	0.3307	-	"0.02 unit decrease"	[0.013-0.027]	-	"Major depressive disorder (broad)"	"major depressive disorder"	-	GCST90328131	-	38177345	"Meng X"
chr4:123339212-?	7E-9	-	0.0521	-	"0.0462 unit decrease"	[0.031-0.062]	-	"Major depressive disorder (broad)"	"major depressive disorder"	-	GCST90328131	-	38177345	"Meng X"
rs1013822-A	6E-9	-	0.7289	-	"0.0194 unit decrease"	[0.013-0.026]	RTN1	"Major depressive disorder (broad)"	"major depressive disorder"	-	GCST90328131	14:59683192	38177345	"Meng X"
rs10176493-T	5E-13	-	0.4798	-	"0.0219 unit decrease"	[0.016-0.028]	LINC01830	"Major depressive disorder (broad)"	"major depressive disorder"	-	GCST90328131	2:22336087	38177345	"Meng X"
rs1021363-A	1E-18	-	0.3337	-	"0.0285 unit increase"	[0.022-0.035]	SORCS3	"Major depressive disorder (broad)"	"major depressive disorder"	-	GCST90328131	10:104851081	38177345	"Meng X"
rs11903494-T	7E-10	-	0.207	-	"0.023 unit decrease"	[0.016-0.03]	LINC01876	"Major depressive disorder (broad)"	"major depressive disorder"	-	GCST90328131	2:156289029	38177345	"Meng X"
rs1038425-A	2E-9	-	0.5388	-	"0.0183 unit decrease"	[0.012-0.024]	NAA11,LINC01088	"Major depressive disorder (broad)"	"major depressive disorder"	-	GCST90328131	4:79297136	38177345	"Meng X"
rs12136984-T	3E-19	-	0.5307	-	"0.0272 unit decrease"	[0.021-0.033]	LINC01360,RN7SKP19	"Major depressive disorder (broad)"	"major depressive disorder"	-	GCST90328131	1:73260315	38177345	"Meng X"
rs12188010-A	1E-8	-	0.4134	-	"0.0178 unit increase"	[0.012-0.024]	TENM2	"Major depressive disorder (broad)"	"major depressive disorder"	-	GCST90328131	5:167569461	38177345	"Meng X"
rs12197973-A	4E-8	-	0.8369	-	"0.0222 unit decrease"	[0.014-0.03]	DCDC2	"Major depressive disorder (broad)"	"major depressive disorder"	-	GCST90328131	6:24266150	38177345	"Meng X"
rs12337267-A	8E-9	-	0.7435	-	"0.0204 unit decrease"	[0.014-0.027]	TLR4,TPT1P9	"Major depressive disorder (broad)"	"major depressive disorder"	-	GCST90328131	9:117759726	38177345	"Meng X"
rs10966824-T	3E-10	-	0.1185	-	"0.0312 unit decrease"	[0.022-0.041]	RN7SKP120,TUSC1	"Major depressive disorder (broad)"	"major depressive disorder"	-	GCST90328131	9:25268072	38177345	"Meng X"
rs12474072-A	2E-8	-	0.4636	-	"0.017 unit decrease"	[0.011-0.023]	ZNF638	"Major depressive disorder (broad)"	"major depressive disorder"	-	GCST90328131	2:71408906	38177345	"Meng X"
rs11135349-A	2E-15	-	0.4381	-	"0.0241 unit decrease"	[0.018-0.03]	LINC03000	"Major depressive disorder (broad)"	"major depressive disorder"	-	GCST90328131	5:165096466	38177345	"Meng X"
rs12640006-A	1E-8	-	0.6279	-	"0.0179 unit increase"	[0.012-0.024]	LINC02429	"Major depressive disorder (broad)"	"major depressive disorder"	-	GCST90328131	4:59030405	38177345	"Meng X"
rs12661596-A	4E-8	-	0.7692	-	"0.02 unit increase"	[0.013-0.027]	STMND1,ATXN1-AS1	"Major depressive disorder (broad)"	"major depressive disorder"	-	GCST90328131	6:17016169	38177345	"Meng X"
rs12699323-T	2E-16	-	0.5411	-	"0.0249 unit decrease"	[0.019-0.031]	TMEM106B	"Major depressive disorder (broad)"	"major depressive disorder"	-	GCST90328131	7:12213736	38177345	"Meng X"
rs12886138-T	1E-10	-	0.3843	-	"0.0208 unit decrease"	[0.015-0.027]	MTHFD1	"Major depressive disorder (broad)"	"major depressive disorder"	-	GCST90328131	14:64404292	38177345	"Meng X"
rs11374439-?	3E-8	-	0.5339	-	"0.0202 unit decrease"	[0.013-0.027]	NOL4,ASXL3	"Major depressive disorder (broad)"	"major depressive disorder"	-	GCST90328131	18:33785626	38177345	"Meng X"
rs8098857-T	4E-9	-	0.2335	-	"0.0208 unit increase"	[0.014-0.028]	TCF4,RNA5SP459	"Major depressive disorder (broad)"	"major depressive disorder"	-	GCST90328131	18:55207717	38177345	"Meng X"
rs868852-T	2E-9	-	0.2795	-	"0.02 unit increase"	[0.014-0.026]	RALGPS1	"Major depressive disorder (broad)"	"major depressive disorder"	-	GCST90328131	9:127137231	38177345	"Meng X"
rs910187-A	4E-8	-	0.345	-	"0.0183 unit decrease"	[0.012-0.025]	ZMYND8	"Major depressive disorder (broad)"	"major depressive disorder"	-	GCST90328131	20:47212407	38177345	"Meng X"
rs9285891-A	3E-9	-	0.8391	-	"0.0245 unit decrease"	[0.016-0.033]	PRR16	"Major depressive disorder (broad)"	"major depressive disorder"	-	GCST90328131	5:120585025	38177345	"Meng X"
rs9298002-T	1E-9	-	0.4798	-	"0.0184 unit increase"	[0.013-0.024]	TOX	"Major depressive disorder (broad)"	"major depressive disorder"	-	GCST90328131	8:58902559	38177345	"Meng X"
rs9351533-A	6E-11	-	0.3844	-	"0.0198 unit decrease"	[0.014-0.026]	ADH5P4,NUFIP1P1	"Major depressive disorder (broad)"	"major depressive disorder"	-	GCST90328131	6:65891616	38177345	"Meng X"
rs9497822-T	7E-10	-	0.523	-	"0.0187 unit increase"	[0.013-0.025]	SAMD5	"Major depressive disorder (broad)"	"major depressive disorder"	-	GCST90328131	6:147618600	38177345	"Meng X"
rs9536383-T	1E-19	-	0.2956	-	"0.0302 unit increase"	[0.024-0.037]	RN7SL618P,ZNF646P1	"Major depressive disorder (broad)"	"major depressive disorder"	-	GCST90328131	13:53291428	38177345	"Meng X"
rs9545373-A	3E-10	-	0.8203	-	"0.026 unit increase"	[0.018-0.034]	SPRY2,LINC01080	"Major depressive disorder (broad)"	"major depressive disorder"	-	GCST90328131	13:80275352	38177345	"Meng X"
rs9564313-A	4E-9	-	0.4878	-	"0.0178 unit increase"	[0.012-0.024]	PCDH9	"Major depressive disorder (broad)"	"major depressive disorder"	-	GCST90328131	13:66349555	38177345	"Meng X"
rs9627391-T	5E-11	-	0.3465	-	"0.0225 unit decrease"	[0.016-0.029]	MIRLET7BHG,PRR34	"Major depressive disorder (broad)"	"major depressive disorder"	-	GCST90328131	22:46051217	38177345	"Meng X"
rs9645687-T	1E-10	-	0.7108	-	"0.022 unit decrease"	[0.015-0.029]	OR5AZ1P,OR5BA1P	"Major depressive disorder (broad)"	"major depressive disorder"	-	GCST90328131	11:57908779	38177345	"Meng X"
rs9816087-A	9E-11	-	0.4023	-	"0.0203 unit increase"	[0.014-0.026]	FHIT	"Major depressive disorder (broad)"	"major depressive disorder"	-	GCST90328131	3:61158408	38177345	"Meng X"
rs9837424-A	1E-8	-	0.2987	-	"0.0195 unit increase"	[0.013-0.026]	RN7SKP46,SLC66A1LP	"Major depressive disorder (broad)"	"major depressive disorder"	-	GCST90328131	3:157693313	38177345	"Meng X"
rs9936260-A	5E-9	-	0.7287	-	"0.0207 unit increase"	[0.014-0.028]	SNX29	"Major depressive disorder (broad)"	"major depressive disorder"	-	GCST90328131	16:12257397	38177345	"Meng X"
rs7534271-C	4E-6	-	0.4398	-	"0.0153 unit increase"	[0.0088-0.0218]	TAL1	"Major depressive disorder (broad)"	"major depressive disorder"	-	GCST90328131	1:47228309	38177345	"Meng X"
rs4846898-A	6E-7	-	0.5892	-	"0.0161 unit decrease"	[0.0098-0.0224]	GALNT2	"Major depressive disorder (broad)"	"major depressive disorder"	-	GCST90328131	1:230116471	38177345	"Meng X"
rs7589705-T	5E-6	-	0.0512	-	"0.0345 unit increase"	[0.02-0.049]	NRXN1	"Major depressive disorder (broad)"	"major depressive disorder"	-	GCST90328131	2:50868364	38177345	"Meng X"
rs4971586-A	2E-6	-	0.506	-	"0.0144 unit decrease"	[0.0085-0.0203]	NRXN1-DT	"Major depressive disorder (broad)"	"major depressive disorder"	-	GCST90328131	2:52088447	38177345	"Meng X"
rs2582954-T	1E-6	-	0.424	-	"0.0151 unit decrease"	[0.009-0.0212]	LINC01965,CAPZBP1	"Major depressive disorder (broad)"	"major depressive disorder"	-	GCST90328131	2:103835877	38177345	"Meng X"
rs1267042-T	3E-7	-	0.7005	-	"0.0171 unit increase"	[0.011-0.024]	PSMD14-DT	"Major depressive disorder (broad)"	"major depressive disorder"	-	GCST90328131	2:161238492	38177345	"Meng X"
rs7624336-T	1E-7	-	0.1958	-	"0.0207 unit increase"	[0.013-0.028]	TKT,PRKCD	"Major depressive disorder (broad)"	"major depressive disorder"	-	GCST90328131	3:53210135	38177345	"Meng X"
rs9825208-T	2E-7	-	0.4499	-	"0.0157 unit decrease"	[0.0098-0.0216]	TRMT10C,ARB2BP	"Major depressive disorder (broad)"	"major depressive disorder"	-	GCST90328131	3:101555963	38177345	"Meng X"
rs12635614-A	7E-7	-	0.5306	-	"0.015 unit increase"	[0.0091-0.0209]	SPATA16,NLGN1	"Major depressive disorder (broad)"	"major depressive disorder"	-	GCST90328131	3:173395251	38177345	"Meng X"
rs10026036-A	2E-6	-	0.6209	-	"0.015 unit increase"	[0.0089-0.0211]	CCSER1	"Major depressive disorder (broad)"	"major depressive disorder"	-	GCST90328131	4:90170619	38177345	"Meng X"
rs73230352-T	2E-9	-	0.0487	-	"0.0458 unit decrease"	[0.031-0.061]	CABP1-DT	"Major depressive disorder (broad)"	"major depressive disorder"	-	GCST90328131	12:120630450	38177345	"Meng X"
rs7415357-C	4E-12	-	0.1793	-	"0.0273 unit decrease"	[0.02-0.035]	LINC02796	"Major depressive disorder (broad)"	"major depressive disorder"	-	GCST90328131	1:72766356	38177345	"Meng X"
rs7432631-A	2E-9	-	0.7364	-	"0.0206 unit decrease"	[0.014-0.027]	LSAMP,LINC03051	"Major depressive disorder (broad)"	"major depressive disorder"	-	GCST90328131	3:117849136	38177345	"Meng X"
rs74947732-A	2E-8	-	0.0266	-	"0.0595 unit increase"	[0.039-0.08]	EBLN3P	"Major depressive disorder (broad)"	"major depressive disorder"	-	GCST90328131	9:37090154	38177345	"Meng X"
rs74963256-T	2E-8	-	0.8985	-	"0.0295 unit increase"	[0.019-0.04]	TSHZ2,RPL36P1	"Major depressive disorder (broad)"	"major depressive disorder"	-	GCST90328131	20:52972308	38177345	"Meng X"
rs7551758-T	2E-12	-	0.4685	-	"0.0221 unit decrease"	[0.016-0.028]	NRDC	"Major depressive disorder (broad)"	"major depressive disorder"	-	GCST90328131	1:51808406	38177345	"Meng X"
rs75581564-A	1E-8	-	0.1117	-	"0.0293 unit increase"	[0.019-0.039]	PIPOX	"Major depressive disorder (broad)"	"major depressive disorder"	-	GCST90328131	17:29036732	38177345	"Meng X"
rs756795309-?	1E-8	-	0.8261	-	"0.0253 unit increase"	[0.017-0.034]	CYP7B1	"Major depressive disorder (broad)"	"major depressive disorder"	-	GCST90328131	8:64663762	38177345	"Meng X"
rs7575235-A	3E-9	-	0.4636	-	"0.0179 unit decrease"	[0.012-0.024]	LINC01822,RN7SL117P	"Major depressive disorder (broad)"	"major depressive disorder"	-	GCST90328131	2:21911327	38177345	"Meng X"
rs7583068-A	7E-9	-	0.315	-	"0.0193 unit increase"	[0.013-0.026]	ERBB4	"Major depressive disorder (broad)"	"major depressive disorder"	-	GCST90328131	2:211769383	38177345	"Meng X"
rs75970938-T	4E-9	-	0.8788	-	"0.0303 unit increase"	[0.02-0.04]	CNNM2	"Major depressive disorder (broad)"	"major depressive disorder"	-	GCST90328131	10:103033891	38177345	"Meng X"
rs7617480-A	5E-12	-	0.2351	-	"0.0251 unit increase"	[0.018-0.032]	KLHDC8B	"Major depressive disorder (broad)"	"major depressive disorder"	-	GCST90328131	3:49173299	38177345	"Meng X"
rs7649917-T	7E-9	-	0.7207	-	"0.0199 unit decrease"	[0.013-0.027]	ATP13A4	"Major depressive disorder (broad)"	"major depressive disorder"	-	GCST90328131	3:193571760	38177345	"Meng X"
rs7675024-A	2E-8	-	0.1686	-	"0.0239 unit increase"	[0.016-0.032]	LINC02484,SEC63P2	"Major depressive disorder (broad)"	"major depressive disorder"	-	GCST90328131	4:34553414	38177345	"Meng X"
rs768084-T	6E-9	-	0.3536	-	"0.0188 unit increase"	[0.013-0.025]	LINC02955	"Major depressive disorder (broad)"	"major depressive disorder"	-	GCST90328131	12:22727965	38177345	"Meng X"
rs76954012-A	7E-10	-	0.0862	-	"0.0342 unit increase"	[0.023-0.045]	LSAMP	"Major depressive disorder (broad)"	"major depressive disorder"	-	GCST90328131	3:116258395	38177345	"Meng X"
rs77129413-A	2E-9	-	0.1025	-	"0.0301 unit decrease"	[0.02-0.04]	SNRPFP3,ZDHHC20P4	"Major depressive disorder (broad)"	"major depressive disorder"	-	GCST90328131	13:69009482	38177345	"Meng X"
rs7717495-A	7E-9	-	0.7025	-	"0.0193 unit decrease"	[0.013-0.026]	TENM2	"Major depressive disorder (broad)"	"major depressive disorder"	-	GCST90328131	5:167733427	38177345	"Meng X"
rs777451254-?	4E-9	-	0.2106	-	"0.0238 unit decrease"	[0.016-0.032]	RNU1-101P,H2AZP2	"Major depressive disorder (broad)"	"major depressive disorder"	-	GCST90328131	8:70093826	38177345	"Meng X"
rs77960-A	6E-18	-	0.3164	-	"0.0305 unit increase"	[0.024-0.037]	NIHCOLE,RNU6-334P	"Major depressive disorder (broad)"	"major depressive disorder"	-	GCST90328131	5:104628884	38177345	"Meng X"
rs78751285-T	1E-9	-	0.8864	-	"0.0307 unit increase"	[0.021-0.041]	SOX5	"Major depressive disorder (broad)"	"major depressive disorder"	-	GCST90328131	12:23864409	38177345	"Meng X"
rs79222572-T	1E-11	-	0.732	-	"0.0239 unit decrease"	[0.017-0.031]	RN7SL366P,C6orf118	"Major depressive disorder (broad)"	"major depressive disorder"	-	GCST90328131	6:164687522	38177345	"Meng X"
rs795475-C	2E-8	-	0.3381	-	"0.0176 unit decrease"	[0.012-0.024]	TAOK3	"Major depressive disorder (broad)"	"major depressive disorder"	-	GCST90328131	12:118159851	38177345	"Meng X"
rs79924686-T	4E-8	-	0.9722	-	"0.0553 unit decrease"	[0.036-0.075]	DENND1A	"Major depressive disorder (broad)"	"major depressive disorder"	-	GCST90328131	9:123888651	38177345	"Meng X"
rs8043085-T	2E-8	-	0.2584	-	"0.0192 unit increase"	[0.013-0.026]	RASGRP1	"Major depressive disorder (broad)"	"major depressive disorder"	-	GCST90328131	15:38535939	38177345	"Meng X"
rs34215985-C	1E-10	-	0.2651	-	"0.0246 unit decrease"	[0.017-0.032]	SLC30A9	"Major depressive disorder (broad)"	"major depressive disorder"	-	GCST90328131	4:42045761	38177345	"Meng X"
rs34488670-T	1E-9	-	0.7856	-	"0.0228 unit decrease"	[0.016-0.03]	SEMA6D	"Major depressive disorder (broad)"	"major depressive disorder"	-	GCST90328131	15:47392739	38177345	"Meng X"
rs35366602-?	2E-20	-	0.8796	-	"0.0439 unit increase"	[0.035-0.053]	H1-5,H3C11	"Major depressive disorder (broad)"	"major depressive disorder"	-	GCST90328131	6:27870741	38177345	"Meng X"
rs35711908-A	2E-8	-	0.3111	-	"0.0188 unit increase"	[0.012-0.025]	LHX2,NEK6	"Major depressive disorder (broad)"	"major depressive disorder"	-	GCST90328131	9:124240384	38177345	"Meng X"
rs35846379-A	4E-11	-	0.3666	-	"0.022 unit decrease"	[0.016-0.028]	COP1	"Major depressive disorder (broad)"	"major depressive disorder"	-	GCST90328131	1:175998877	38177345	"Meng X"
rs36006427-A	6E-16	-	0.3847	-	"0.0261 unit increase"	[0.02-0.032]	GRM5	"Major depressive disorder (broad)"	"major depressive disorder"	-	GCST90328131	11:89023545	38177345	"Meng X"
rs372519-A	3E-8	-	0.5202	-	"0.0167 unit increase"	[0.011-0.023]	ADARB1	"Major depressive disorder (broad)"	"major depressive disorder"	-	GCST90328131	21:45154639	38177345	"Meng X"
rs3751143-A	2E-8	-	0.8138	-	"0.0216 unit decrease"	[0.014-0.029]	P2RX7	"Major depressive disorder (broad)"	"major depressive disorder"	-	GCST90328131	12:121184501	38177345	"Meng X"
rs56084168-T	1E-8	-	0.1551	-	"0.0241 unit decrease"	[0.016-0.032]	AATK,BAIAP2	"Major depressive disorder (broad)"	"major depressive disorder"	-	GCST90328131	17:81110774	38177345	"Meng X"
rs3757323-T	9E-10	-	0.4041	-	"0.0204 unit increase"	[0.014-0.027]	ESR1	"Major depressive disorder (broad)"	"major depressive disorder"	-	GCST90328131	6:151880872	38177345	"Meng X"
rs56939505-C	1E-9	-	0.5888	-	"0.019 unit decrease"	[0.013-0.025]	RNU6-832P,RNA5SP231	"Major depressive disorder (broad)"	"major depressive disorder"	-	GCST90328131	7:68947437	38177345	"Meng X"
rs3793577-A	3E-11	-	0.475	-	"0.0201 unit decrease"	[0.014-0.026]	ELAVL2	"Major depressive disorder (broad)"	"major depressive disorder"	-	GCST90328131	9:23737629	38177345	"Meng X"
rs5900587-?	7E-11	-	0.6813	-	"0.023 unit decrease"	[0.016-0.03]	DENND1A	"Major depressive disorder (broad)"	"major depressive disorder"	-	GCST90328131	9:123787170	38177345	"Meng X"
rs3905238-A	4E-9	-	0.5711	-	"0.0178 unit increase"	[0.012-0.024]	HTT	"Major depressive disorder (broad)"	"major depressive disorder"	-	GCST90328131	4:3077210	38177345	"Meng X"
rs6102456-T	1E-9	-	0.6762	-	"0.0215 unit decrease"	[0.015-0.028]	CHD6	"Major depressive disorder (broad)"	"major depressive disorder"	-	GCST90328131	20:41544068	38177345	"Meng X"
rs61990288-A	6E-18	-	0.4745	-	"0.027 unit decrease"	[0.021-0.033]	LRFN5-DT	"Major depressive disorder (broad)"	"major depressive disorder"	-	GCST90328131	14:41605523	38177345	"Meng X"
rs62142905-A	1E-9	-	0.611	-	"0.0196 unit decrease"	[0.013-0.026]	NRXN1-DT	"Major depressive disorder (broad)"	"major depressive disorder"	-	GCST90328131	2:51327611	38177345	"Meng X"
rs4672382-A	3E-8	-	0.5035	-	"0.0167 unit decrease"	[0.011-0.023]	RNA5SP94,MIR4432HG	"Major depressive disorder (broad)"	"major depressive disorder"	-	GCST90328131	2:60296522	38177345	"Meng X"
rs4734248-T	2E-8	-	0.3148	-	"0.0186 unit decrease"	[0.012-0.025]	CIBAR1-DT	"Major depressive disorder (broad)"	"major depressive disorder"	-	GCST90328131	8:93542409	38177345	"Meng X"
rs4756700-T	3E-9	-	0.4876	-	"0.0185 unit decrease"	[0.012-0.025]	LINC02740,HNRNPKP3	"Major depressive disorder (broad)"	"major depressive disorder"	-	GCST90328131	11:42302959	38177345	"Meng X"
rs4784655-C	2E-8	-	0.3455	-	"0.0187 unit increase"	[0.012-0.025]	GNAO1	"Major depressive disorder (broad)"	"major depressive disorder"	-	GCST90328131	16:56330118	38177345	"Meng X"
rs4906349-A	4E-16	-	0.6627	-	"0.0271 unit increase"	[0.021-0.034]	KLC1	"Major depressive disorder (broad)"	"major depressive disorder"	-	GCST90328131	14:103624778	38177345	"Meng X"
rs7006178-C	2E-9	-	0.2678	-	"0.0211 unit decrease"	[0.014-0.028]	SGCZ	"Major depressive disorder (broad)"	"major depressive disorder"	-	GCST90328131	8:14394875	38177345	"Meng X"
rs534415-A	1E-12	-	0.4638	-	"0.0216 unit increase"	[0.016-0.027]	ACADS,SPPL3	"Major depressive disorder (broad)"	"major depressive disorder"	-	GCST90328131	12:120754884	38177345	"Meng X"
rs20551-A	3E-14	-	0.7143	-	"0.0268 unit decrease"	[0.02-0.034]	EP300,EP300-AS1	"Major depressive disorder (broad)"	"major depressive disorder"	-	GCST90328131	22:41152004	38177345	"Meng X"
rs2056443-T	3E-11	-	0.2925	-	"0.0228 unit decrease"	[0.016-0.029]	B3GLCT	"Major depressive disorder (broad)"	"major depressive disorder"	-	GCST90328131	13:31331805	38177345	"Meng X"
rs2107745-A	4E-9	-	0.7842	-	"0.022 unit decrease"	[0.015-0.029]	GTF2IRD1	"Major depressive disorder (broad)"	"major depressive disorder"	-	GCST90328131	7:74517127	38177345	"Meng X"
rs2111592-A	3E-11	-	0.2946	-	"0.0222 unit increase"	[0.016-0.029]	MYOSLID	"Major depressive disorder (broad)"	"major depressive disorder"	-	GCST90328131	2:207184857	38177345	"Meng X"
rs2157065-C	1E-12	-	0.2623	-	"0.0244 unit increase"	[0.018-0.031]	ERCC4,TMF1P1	"Major depressive disorder (broad)"	"major depressive disorder"	-	GCST90328131	16:13654986	38177345	"Meng X"
rs215854-A	2E-9	-	0.2973	-	"0.0199 unit increase"	[0.013-0.026]	RNU6-636P,RNA5SP43	"Major depressive disorder (broad)"	"major depressive disorder"	-	GCST90328131	1:37213357	38177345	"Meng X"
rs2187490-T	8E-10	-	0.9137	-	"0.0353 unit decrease"	[0.024-0.047]	Y_RNA,CXCR5	"Major depressive disorder (broad)"	"major depressive disorder"	-	GCST90328131	11:118842471	38177345	"Meng X"
rs218989-T	1E-13	-	0.3652	-	"0.0255 unit increase"	[0.019-0.032]	FTLP18,GRIK3	"Major depressive disorder (broad)"	"major depressive disorder"	-	GCST90328131	1:36701114	38177345	"Meng X"
rs2221711-A	3E-9	-	0.3177	-	"0.0198 unit increase"	[0.013-0.026]	LINC02479,LINC02465	"Major depressive disorder (broad)"	"major depressive disorder"	-	GCST90328131	4:130315312	38177345	"Meng X"
rs2418449-T	2E-13	-	0.7156	-	"0.0244 unit increase"	[0.018-0.031]	ASTN2	"Major depressive disorder (broad)"	"major depressive disorder"	-	GCST90328131	9:116969080	38177345	"Meng X"
rs2510682-A	8E-9	-	0.7284	-	"0.0204 unit increase"	[0.014-0.027]	CNTN5	"Major depressive disorder (broad)"	"major depressive disorder"	-	GCST90328131	11:99270364	38177345	"Meng X"
rs2522836-A	4E-10	-	0.4786	-	"0.0189 unit increase"	[0.013-0.025]	PCLO	"Major depressive disorder (broad)"	"major depressive disorder"	-	GCST90328131	7:82843737	38177345	"Meng X"
rs2529050-T	3E-9	-	0.3608	-	"0.0198 unit increase"	[0.013-0.026]	RNU6-1103P,PALS2	"Major depressive disorder (broad)"	"major depressive disorder"	-	GCST90328131	7:24556204	38177345	"Meng X"
rs2616792-T	3E-10	-	0.3618	-	"0.0203 unit increase"	[0.014-0.027]	DCDC1	"Major depressive disorder (broad)"	"major depressive disorder"	-	GCST90328131	11:31302751	38177345	"Meng X"
rs2632544-A	1E-10	-	0.5088	-	"0.0196 unit increase"	[0.014-0.025]	BNC2,RN7SL720P	"Major depressive disorder (broad)"	"major depressive disorder"	-	GCST90328131	9:17042895	38177345	"Meng X"
rs1357492-T	1E-8	-	0.2263	-	"0.0218 unit increase"	[0.014-0.029]	ZBTB20	"Major depressive disorder (broad)"	"major depressive disorder"	-	GCST90328131	3:114871553	38177345	"Meng X"
rs1374369-A	6E-9	-	0.5059	-	"0.017 unit decrease"	[0.011-0.023]	LNPK,EXTL2P1	"Major depressive disorder (broad)"	"major depressive disorder"	-	GCST90328131	2:175857256	38177345	"Meng X"
rs137959292-C	4E-8	-	0.7875	-	"0.0216 unit increase"	[0.014-0.029]	VWC2L,ENSAP3	"Major depressive disorder (broad)"	"major depressive disorder"	-	GCST90328131	2:214633205	38177345	"Meng X"
rs142345690-T	2E-9	-	0.4768	-	"0.0187 unit decrease"	[0.013-0.025]	KIF15	"Major depressive disorder (broad)"	"major depressive disorder"	-	GCST90328131	3:44829273	38177345	"Meng X"
rs288181-T	6E-9	-	0.331	-	"0.0188 unit decrease"	[0.013-0.025]	FBXL17	"Major depressive disorder (broad)"	"major depressive disorder"	-	GCST90328131	5:108013584	38177345	"Meng X"
rs301805-T	6E-16	-	0.4033	-	"0.0253 unit increase"	[0.019-0.031]	RERE	"Major depressive disorder (broad)"	"major depressive disorder"	-	GCST90328131	1:8420956	38177345	"Meng X"
rs3091404-T	2E-11	-	0.4142	-	"0.0216 unit increase"	[0.015-0.028]	IGSF6,METTL9	"Major depressive disorder (broad)"	"major depressive disorder"	-	GCST90328131	16:21646945	38177345	"Meng X"
rs3099439-T	8E-16	-	0.5121	-	"0.0244 unit decrease"	[0.019-0.03]	TMEM161B	"Major depressive disorder (broad)"	"major depressive disorder"	-	GCST90328131	5:88249501	38177345	"Meng X"
rs324901-T	2E-13	-	0.4637	-	"0.0229 unit decrease"	[0.017-0.029]	MIR9-2HG	"Major depressive disorder (broad)"	"major depressive disorder"	-	GCST90328131	5:88624588	38177345	"Meng X"
rs55943003-A	4E-11	-	0.2367	-	"0.0246 unit increase"	[0.017-0.032]	LINC01929,CCDC68	"Major depressive disorder (broad)"	"major depressive disorder"	-	GCST90328131	18:55086855	38177345	"Meng X"
rs3756335-A	3E-9	-	0.4795	-	"0.018 unit decrease"	[0.012-0.024]	"PCDHA1,PCDHA6,PCDHA3,PCDHA4,PCDHA5,PCDHA2"	"Major depressive disorder (broad)"	"major depressive disorder"	-	GCST90328131	5:140833925	38177345	"Meng X"
rs56314503-T	1E-12	-	0.7646	-	"0.0252 unit decrease"	[0.018-0.032]	RPL6P25,SLC6A15	"Major depressive disorder (broad)"	"major depressive disorder"	-	GCST90328131	12:84071243	38177345	"Meng X"
rs3783007-T	7E-9	-	0.6378	-	"0.0181 unit decrease"	[0.012-0.024]	STK24	"Major depressive disorder (broad)"	"major depressive disorder"	-	GCST90328131	13:98457562	38177345	"Meng X"
rs57344483-A	1E-10	-	0.8753	-	"0.0332 unit decrease"	[0.023-0.043]	LINC02712,KIRREL3-AS3	"Major depressive disorder (broad)"	"major depressive disorder"	-	GCST90328131	11:127152665	38177345	"Meng X"
rs3811921-T	1E-8	-	0.504	-	"0.0172 unit increase"	[0.011-0.023]	CDH9	"Major depressive disorder (broad)"	"major depressive disorder"	-	GCST90328131	5:26989352	38177345	"Meng X"
rs60172152-T	4E-10	-	0.7388	-	"0.0221 unit increase"	[0.015-0.029]	LINC01507	"Major depressive disorder (broad)"	"major depressive disorder"	-	GCST90328131	9:80132451	38177345	"Meng X"
rs3996329-A	9E-13	-	0.1573	-	"0.0303 unit decrease"	[0.022-0.039]	MAD1L1	"Major depressive disorder (broad)"	"major depressive disorder"	-	GCST90328131	7:1979235	38177345	"Meng X"
rs4452156-A	5E-8	-	0.7098	-	"0.0182 unit decrease"	[0.012-0.025]	RBMS1,RN7SL423P	"Major depressive disorder (broad)"	"major depressive disorder"	-	GCST90328131	2:160678670	38177345	"Meng X"
rs4489961-T	1E-10	-	0.4814	-	"0.0194 unit decrease"	[0.014-0.025]	Metazoa_SRP,TMCO5A	"Major depressive disorder (broad)"	"major depressive disorder"	-	GCST90328131	15:37611853	38177345	"Meng X"
rs4578918-T	1E-8	-	0.2543	-	"0.0208 unit increase"	[0.014-0.028]	NCOA5,RPL13P2	"Major depressive disorder (broad)"	"major depressive disorder"	-	GCST90328131	20:46093017	38177345	"Meng X"
rs6476606-A	7E-14	-	0.3598	-	"0.0234 unit increase"	[0.017-0.029]	PAX5	"Major depressive disorder (broad)"	"major depressive disorder"	-	GCST90328131	9:37005564	38177345	"Meng X"
rs6575932-T	5E-9	-	0.7094	-	"0.0207 unit decrease"	[0.014-0.028]	TRAF3	"Major depressive disorder (broad)"	"major depressive disorder"	-	GCST90328131	14:102864272	38177345	"Meng X"
rs6752623-A	2E-8	-	0.1832	-	"0.0225 unit increase"	[0.015-0.03]	HOXD13,EVX2	"Major depressive disorder (broad)"	"major depressive disorder"	-	GCST90328131	2:176086198	38177345	"Meng X"
rs6783423-A	2E-8	-	0.4713	-	"0.0171 unit increase"	[0.011-0.023]	RBMS3	"Major depressive disorder (broad)"	"major depressive disorder"	-	GCST90328131	3:29721458	38177345	"Meng X"
rs495304-A	1E-11	-	0.1946	-	"0.026 unit increase"	[0.019-0.033]	ZCCHC7	"Major depressive disorder (broad)"	"major depressive disorder"	-	GCST90328131	9:37242707	38177345	"Meng X"
rs7036618-A	2E-12	-	0.6257	-	"0.0228 unit increase"	[0.017-0.029]	CARM1P1	"Major depressive disorder (broad)"	"major depressive disorder"	-	GCST90328131	9:2990717	38177345	"Meng X"
rs7130107-T	1E-8	-	0.0462	-	"0.0523 unit increase"	[0.034-0.07]	RAPSN	"Major depressive disorder (broad)"	"major depressive disorder"	-	GCST90328131	11:47439452	38177345	"Meng X"
rs717997-A	2E-9	-	0.4432	-	"0.0182 unit decrease"	[0.012-0.024]	RPL6P25,SLC6A15	"Major depressive disorder (broad)"	"major depressive disorder"	-	GCST90328131	12:83740195	38177345	"Meng X"
rs7193263-A	1E-12	-	0.6349	-	"0.023 unit decrease"	[0.017-0.029]	RBFOX1	"Major depressive disorder (broad)"	"major depressive disorder"	-	GCST90328131	16:6265879	38177345	"Meng X"
rs13296641-A	6E-12	-	0.3033	-	"0.0236 unit decrease"	[0.017-0.03]	SLC25A6P2,HSPA8P17	"Major depressive disorder (broad)"	"major depressive disorder"	-	GCST90328131	9:31160245	38177345	"Meng X"
rs1333908-T	2E-10	-	0.4234	-	"0.02 unit decrease"	[0.014-0.026]	BRINP1,LINC01613	"Major depressive disorder (broad)"	"major depressive disorder"	-	GCST90328131	9:119911021	38177345	"Meng X"
rs1353162-A	6E-9	-	0.597	-	"0.0176 unit increase"	[0.012-0.023]	XYLT1,RPL7P47	"Major depressive disorder (broad)"	"major depressive disorder"	-	GCST90328131	16:17813412	38177345	"Meng X"
rs2748668-T	3E-8	-	0.5832	-	"0.0167 unit increase"	[0.011-0.023]	ACTR5,PPP1R16B	"Major depressive disorder (broad)"	"major depressive disorder"	-	GCST90328131	20:38778226	38177345	"Meng X"
rs283468-T	3E-8	-	0.3336	-	"0.0173 unit increase"	[0.011-0.023]	GIGYF2	"Major depressive disorder (broad)"	"major depressive disorder"	-	GCST90328131	2:232793599	38177345	"Meng X"
rs28377268-T	2E-8	-	0.1757	-	"0.0257 unit increase"	[0.017-0.035]	PTCH1	"Major depressive disorder (broad)"	"major depressive disorder"	-	GCST90328131	9:95462774	38177345	"Meng X"
rs28456-A	1E-8	-	0.697	-	"0.0196 unit decrease"	[0.013-0.026]	FADS1,FADS2	"Major depressive disorder (broad)"	"major depressive disorder"	-	GCST90328131	11:61822009	38177345	"Meng X"
rs2876520-C	6E-11	-	0.5287	-	"0.0205 unit decrease"	[0.014-0.027]	ADGRG6,HIVEP2	"Major depressive disorder (broad)"	"major depressive disorder"	-	GCST90328131	6:142675481	38177345	"Meng X"
rs1432639-A	2E-27	-	0.6026	-	"0.0339 unit increase"	[0.028-0.04]	LINC02796	"Major depressive disorder (broad)"	"major depressive disorder"	-	GCST90328131	1:72347535	38177345	"Meng X"
rs143864773-T	9E-9	-	0.9208	-	"0.0337 unit increase"	[0.022-0.045]	CCDC73	"Major depressive disorder (broad)"	"major depressive disorder"	-	GCST90328131	11:32744320	38177345	"Meng X"
rs1466386-A	6E-9	-	0.7763	-	"0.0235 unit increase"	[0.016-0.031]	GRIA1	"Major depressive disorder (broad)"	"major depressive disorder"	-	GCST90328131	5:153785804	38177345	"Meng X"
rs1526193-A	3E-12	-	0.5544	-	"0.0211 unit decrease"	[0.015-0.027]	RSRC1	"Major depressive disorder (broad)"	"major depressive disorder"	-	GCST90328131	3:158300176	38177345	"Meng X"
rs1563340-A	1E-9	-	0.3309	-	"0.0196 unit increase"	[0.013-0.026]	HSPE1-MOB4,MOB4	"Major depressive disorder (broad)"	"major depressive disorder"	-	GCST90328131	2:197549989	38177345	"Meng X"
rs1568452-T	3E-14	-	0.3704	-	"0.0238 unit increase"	[0.018-0.03]	ACTG1P22,VRK2	"Major depressive disorder (broad)"	"major depressive disorder"	-	GCST90328131	2:57785698	38177345	"Meng X"
rs16903275-A	2E-16	-	0.2211	-	"0.0315 unit increase"	[0.024-0.039]	MIR9-2HG	"Major depressive disorder (broad)"	"major depressive disorder"	-	GCST90328131	5:88654725	38177345	"Meng X"
rs16912792-A	4E-8	-	0.3668	-	"0.0172 unit decrease"	[0.011-0.023]	LUZP2	"Major depressive disorder (broad)"	"major depressive disorder"	-	GCST90328131	11:24553844	38177345	"Meng X"
rs170194-A	3E-8	-	0.3869	-	"0.0173 unit increase"	[0.011-0.023]	BMERB1	"Major depressive disorder (broad)"	"major depressive disorder"	-	GCST90328131	16:15464415	38177345	"Meng X"
rs17255455-A	4E-8	-	0.4454	-	"0.0172 unit decrease"	[0.011-0.023]	CIR1	"Major depressive disorder (broad)"	"major depressive disorder"	-	GCST90328131	2:174374457	38177345	"Meng X"
rs175086-A	1E-8	-	0.509	-	"0.0172 unit increase"	[0.011-0.023]	IGIP,CYSTM1	"Major depressive disorder (broad)"	"major depressive disorder"	-	GCST90328131	5:140163506	38177345	"Meng X"
rs17568511-C	7E-10	-	0.6158	-	"0.0199 unit decrease"	[0.014-0.026]	CTTNBP2,LSM8	"Major depressive disorder (broad)"	"major depressive disorder"	-	GCST90328131	7:117986950	38177345	"Meng X"
rs17602038-T	2E-15	-	0.6459	-	"0.0257 unit increase"	[0.019-0.032]	TMPRSS5,DRD2	"Major depressive disorder (broad)"	"major depressive disorder"	-	GCST90328131	11:113493969	38177345	"Meng X"
rs1806152-T	3E-8	-	0.2386	-	"0.0207 unit increase"	[0.013-0.028]	PAUPAR	"Major depressive disorder (broad)"	"major depressive disorder"	-	GCST90328131	11:31829493	38177345	"Meng X"
rs1904823-T	5E-10	-	0.2806	-	"0.022 unit decrease"	[0.015-0.029]	MFAP3L,AADAT	"Major depressive disorder (broad)"	"major depressive disorder"	-	GCST90328131	4:170035621	38177345	"Meng X"
rs198457-T	6E-11	-	0.184	-	"0.0284 unit decrease"	[0.02-0.037]	DAGLA	"Major depressive disorder (broad)"	"major depressive disorder"	-	GCST90328131	11:61704206	38177345	"Meng X"
rs199929-A	4E-10	-	0.7504	-	"0.0221 unit decrease"	[0.015-0.029]	RNA5SP70,CACNA1E	"Major depressive disorder (broad)"	"major depressive disorder"	-	GCST90328131	1:181771607	38177345	"Meng X"
rs2008551-T	4E-10	-	0.497	-	"0.0196 unit increase"	[0.014-0.026]	RAB27B	"Major depressive disorder (broad)"	"major depressive disorder"	-	GCST90328131	18:54816355	38177345	"Meng X"
rs7198928-T	2E-13	-	0.6012	-	"0.0231 unit increase"	[0.017-0.029]	RBFOX1	"Major depressive disorder (broad)"	"major depressive disorder"	-	GCST90328131	16:7616400	38177345	"Meng X"
rs7200826-T	7E-12	-	0.2391	-	"0.0249 unit increase"	[0.018-0.032]	SHISA9	"Major depressive disorder (broad)"	"major depressive disorder"	-	GCST90328131	16:12972976	38177345	"Meng X"
rs7241572-A	1E-11	-	0.1925	-	"0.0268 unit increase"	[0.019-0.034]	KCNG2	"Major depressive disorder (broad)"	"major depressive disorder"	-	GCST90328131	18:79820712	38177345	"Meng X"
rs7248481-T	4E-9	-	0.4024	-	"0.019 unit decrease"	[0.013-0.025]	DAND5	"Major depressive disorder (broad)"	"major depressive disorder"	-	GCST90328131	19:12973153	38177345	"Meng X"
rs72642767-A	4E-8	-	0.9261	-	"0.0333 unit increase"	[0.021-0.045]	HS6ST3	"Major depressive disorder (broad)"	"major depressive disorder"	-	GCST90328131	13:96561032	38177345	"Meng X"
rs72786643-T	1E-11	-	0.8062	-	"0.026 unit increase"	[0.019-0.033]	ARB2A	"Major depressive disorder (broad)"	"major depressive disorder"	-	GCST90328131	5:93702892	38177345	"Meng X"
rs6553965-A	7E-6	-	0.6616	-	"0.0145 unit decrease"	[0.0082-0.0208]	HAFML,SPCS3	"Major depressive disorder (broad)"	"major depressive disorder"	-	GCST90328131	4:176461964	38177345	"Meng X"
rs3906401-A	2E-6	-	0.4743	-	"0.0145 unit decrease"	[0.0086-0.0204]	RN7SKP157,KIF2A	"Major depressive disorder (broad)"	"major depressive disorder"	-	GCST90328131	5:62184948	38177345	"Meng X"
rs118109745-A	3E-6	-	0.9839	-	"0.0686 unit decrease"	[0.04-0.097]	LYPLA2P1,RPL35AP4	"Major depressive disorder (broad)"	"major depressive disorder"	-	GCST90328131	6:33377805	38177345	"Meng X"
rs422907-A	4E-7	-	0.6478	-	"0.0158 unit decrease"	[0.0097-0.0219]	LINC00336	"Major depressive disorder (broad)"	"major depressive disorder"	-	GCST90328131	6:33590881	38177345	"Meng X"
rs1414592-C	4E-6	-	0.4983	-	"0.014 unit decrease"	[0.0081-0.0199]	RPL26P20,H3P27	"Major depressive disorder (broad)"	"major depressive disorder"	-	GCST90328131	6:75539982	38177345	"Meng X"
rs728017-A	4E-6	-	0.3684	-	"0.0149 unit decrease"	[0.0086-0.0212]	NKAIN2	"Major depressive disorder (broad)"	"major depressive disorder"	-	GCST90328131	6:123971449	38177345	"Meng X"
rs61127279-A	4E-7	-	0.6439	-	"0.0169 unit increase"	[0.01-0.023]	DPY19L1P2,LINC00997	"Major depressive disorder (broad)"	"major depressive disorder"	-	GCST90328131	7:32789832	38177345	"Meng X"
rs16887442-T	2E-7	-	0.4682	-	"0.0163 unit increase"	[0.01-0.022]	PCLO,SEMA3E	"Major depressive disorder (broad)"	"major depressive disorder"	-	GCST90328131	7:83307593	38177345	"Meng X"
rs4728354-T	3E-7	-	0.547	-	"0.0155 unit decrease"	[0.0096-0.0214]	CNOT4	"Major depressive disorder (broad)"	"major depressive disorder"	-	GCST90328131	7:135367227	38177345	"Meng X"
rs67455183-T	2E-6	-	0.8473	-	"0.0203 unit decrease"	[0.012-0.029]	MSRA	"Major depressive disorder (broad)"	"major depressive disorder"	-	GCST90328131	8:10288415	38177345	"Meng X"
rs10089552-T	1E-6	-	0.1525	-	"0.0206 unit increase"	[0.012-0.029]	MSRA,LINC03022	"Major depressive disorder (broad)"	"major depressive disorder"	-	GCST90328131	8:10430970	38177345	"Meng X"
rs7017108-T	5E-7	-	0.4413	-	"0.0152 unit increase"	[0.0093-0.0211]	LZTS1,TMEM97P2	"Major depressive disorder (broad)"	"major depressive disorder"	-	GCST90328131	8:20914821	38177345	"Meng X"
rs1016165-T	8E-6	-	0.5907	-	"0.0144 unit increase"	[0.0081-0.0207]	NRG1	"Major depressive disorder (broad)"	"major depressive disorder"	-	GCST90328131	8:31967039	38177345	"Meng X"
rs6472981-T	1E-7	-	0.7718	-	"0.0226 unit decrease"	[0.014-0.031]	ZFHX4-AS1	"Major depressive disorder (broad)"	"major depressive disorder"	-	GCST90328131	8:76680040	38177345	"Meng X"
rs4478545-A	9E-8	-	0.2656	-	"0.0189 unit decrease"	[0.012-0.026]	CIBAR1-DT	"Major depressive disorder (broad)"	"major depressive disorder"	-	GCST90328131	8:93660314	38177345	"Meng X"
rs6470670-T	2E-6	-	0.2667	-	"0.0169 unit decrease"	[0.01-0.024]	CCDC26	"Major depressive disorder (broad)"	"major depressive disorder"	-	GCST90328131	8:128901202	38177345	"Meng X"
rs61691222-T	5E-7	-	0.2212	-	"0.0182 unit increase"	[0.011-0.025]	TRIM8	"Major depressive disorder (broad)"	"major depressive disorder"	-	GCST90328131	10:102660997	38177345	"Meng X"
rs75122126-T	2E-7	-	0.0217	-	"0.0576 unit increase"	[0.036-0.079]	TCF7L2,RNU7-165P	"Major depressive disorder (broad)"	"major depressive disorder"	-	GCST90328131	10:113201818	38177345	"Meng X"
rs111471551-A	5E-7	-	0.0824	-	"0.0314 unit decrease"	[0.019-0.044]	B4GALNT4	"Major depressive disorder (broad)"	"major depressive disorder"	-	GCST90328131	11:380242	38177345	"Meng X"
rs145678014-T	6E-8	-	0.042	-	"0.046 unit decrease"	[0.029-0.063]	QSER1	"Major depressive disorder (broad)"	"major depressive disorder"	-	GCST90328131	11:32906232	38177345	"Meng X"
rs58621819-A	6E-6	-	0.7998	-	"0.0173 unit decrease"	[0.0099-0.0247]	LTBP3	"Major depressive disorder (broad)"	"major depressive disorder"	-	GCST90328131	11:65547359	38177345	"Meng X"
rs35023999-A	1E-6	-	0.52	-	"0.0163 unit increase"	[0.0098-0.0228]	ANKK1	"Major depressive disorder (broad)"	"major depressive disorder"	-	GCST90328131	11:113395689	38177345	"Meng X"
rs2359997-T	3E-7	-	0.2407	-	"0.0192 unit increase"	[0.012-0.026]	TAMALIN,ACVR1B	"Major depressive disorder (broad)"	"major depressive disorder"	-	GCST90328131	12:51998049	38177345	"Meng X"
rs779-A	7E-7	-	0.886	-	"0.0241 unit decrease"	[0.015-0.034]	ENTREP2	"Major depressive disorder (broad)"	"major depressive disorder"	-	GCST90328131	15:29564034	38177345	"Meng X"
rs74927570-T	8E-7	-	0.8257	-	"0.0209 unit decrease"	[0.013-0.029]	USP3	"Major depressive disorder (broad)"	"major depressive disorder"	-	GCST90328131	15:63510098	38177345	"Meng X"
rs2060337-T	6E-8	-	0.501	-	"0.017 unit increase"	[0.011-0.023]	LINC02205,RNU6-745P	"Major depressive disorder (broad)"	"major depressive disorder"	-	GCST90328131	15:70323068	38177345	"Meng X"
rs28541419-C	2E-7	-	0.7728	-	"0.0199 unit increase"	[0.012-0.027]	MRPL46,NTRK3-AS1	"Major depressive disorder (broad)"	"major depressive disorder"	-	GCST90328131	15:88402647	38177345	"Meng X"
rs4702-A	8E-8	-	0.5677	-	"0.0173 unit decrease"	[0.011-0.024]	FURIN	"Major depressive disorder (broad)"	"major depressive disorder"	-	GCST90328131	15:90883330	38177345	"Meng X"
rs4785307-A	3E-6	-	0.4101	-	"0.0147 unit increase"	[0.0086-0.0208]	LINC02179,C16orf78	"Major depressive disorder (broad)"	"major depressive disorder"	-	GCST90328131	16:49460118	38177345	"Meng X"
rs11643192-A	4E-7	-	0.4073	-	"0.0153 unit increase"	[0.0094-0.0212]	LINC01572,PMFBP1	"Major depressive disorder (broad)"	"major depressive disorder"	-	GCST90328131	16:72180377	38177345	"Meng X"
rs11644513-T	3E-7	-	0.3485	-	"0.0171 unit decrease"	[0.011-0.024]	CDH13	"Major depressive disorder (broad)"	"major depressive disorder"	-	GCST90328131	16:82835247	38177345	"Meng X"
rs2585399-A	2E-6	-	0.5621	-	"0.015 unit increase"	[0.0089-0.0211]	PER1	"Major depressive disorder (broad)"	"major depressive disorder"	-	GCST90328131	17:8151441	38177345	"Meng X"
rs387627-T	3E-7	-	0.669	-	"0.0165 unit increase"	[0.01-0.023]	ASIC2	"Major depressive disorder (broad)"	"major depressive disorder"	-	GCST90328131	17:33214699	38177345	"Meng X"
rs33430-A	2E-7	-	0.4187	-	"0.0163 unit decrease"	[0.01-0.022]	ZNF536	"Major depressive disorder (broad)"	"major depressive disorder"	-	GCST90328131	19:30448536	38177345	"Meng X"
rs6012575-C	8E-6	-	0.6007	-	"0.014 unit increase"	[0.0079-0.0201]	ARFGEF2	"Major depressive disorder (broad)"	"major depressive disorder"	-	GCST90328131	20:48981960	38177345	"Meng X"
rs7023933-?	8E-17	-	NR	-	"0.0298 unit decrease"	-	FAM120A	"Major depressive disorder"	"major depressive disorder"	-	GCST90020227	9:93463196	34045744	"Levey DF"
rs11756123-?	2E-29	-	NR	-	"0.0319 unit increase"	-	ESR1	"Major depressive disorder"	"major depressive disorder"	-	GCST90020227	6:151896944	34045744	"Levey DF"
rs45534736-?	3E-16	-	NR	-	"0.0503 unit increase"	-	IL2,IL21	"Major depressive disorder"	"major depressive disorder"	-	GCST90020227	4:122467738	34045744	"Levey DF"
rs7531118-?	9E-29	-	NR	-	"0.0339 unit decrease"	-	LINC02796	"Major depressive disorder"	"major depressive disorder"	-	GCST90020227	1:72371556	34045744	"Levey DF"
rs60157091-?	3E-15	-	NR	-	"0.0212 unit increase"	-	KIF2A,RN7SKP157	"Major depressive disorder"	"major depressive disorder"	-	GCST90020227	5:62213828	34045744	"Levey DF"
rs3756335-?	9E-25	-	NR	-	"0.0281 unit decrease"	-	"PCDHA1,PCDHA6,PCDHA3,PCDHA4,PCDHA5,PCDHA2"	"Major depressive disorder"	"major depressive disorder"	-	GCST90020227	5:140833925	34045744	"Levey DF"
rs7200826-?	9E-15	-	NR	-	"0.0238 unit increase"	-	SHISA9	"Major depressive disorder"	"major depressive disorder"	-	GCST90020227	16:12972976	34045744	"Levey DF"
rs72839477-?	4E-24	-	NR	-	"0.0501 unit decrease"	-	ZNF204P	"Major depressive disorder"	"major depressive disorder"	-	GCST90020227	6:27359221	34045744	"Levey DF"
rs2369818-?	7E-14	-	NR	-	"0.0218 unit increase"	-	METTL9	"Major depressive disorder"	"major depressive disorder"	-	GCST90020227	16:21602688	34045744	"Levey DF"
rs55649128-?	2E-22	-	NR	-	"0.0271 unit increase"	-	NIHCOLE	"Major depressive disorder"	"major depressive disorder"	-	GCST90020227	5:104408031	34045744	"Levey DF"
rs11674333-?	8E-14	-	NR	-	"0.0201 unit increase"	-	LINC01830	"Major depressive disorder"	"major depressive disorder"	-	GCST90020227	2:22295117	34045744	"Levey DF"
rs16909922-?	6E-22	-	NR	-	"0.0439 unit decrease"	-	PTCH1	"Major depressive disorder"	"major depressive disorder"	-	GCST90020227	9:95503619	34045744	"Levey DF"
rs12517438-?	2E-13	-	NR	-	"0.0197 unit decrease"	-	RPL19P11,HPRT1P2	"Major depressive disorder"	"major depressive disorder"	-	GCST90020227	5:30841947	34045744	"Levey DF"
rs301816-?	4E-20	-	NR	-	"0.025 unit decrease"	-	RERE	"Major depressive disorder"	"major depressive disorder"	-	GCST90020227	1:8444998	34045744	"Levey DF"
rs4702-?	3E-19	-	NR	-	"0.0241 unit decrease"	-	FURIN	"Major depressive disorder"	"major depressive disorder"	-	GCST90020227	15:90883330	34045744	"Levey DF"
rs7030813-?	2E-18	-	NR	-	"0.0243 unit increase"	-	PAX5	"Major depressive disorder"	"major depressive disorder"	-	GCST90020227	9:36999372	34045744	"Levey DF"
rs11135349-?	3E-18	-	NR	-	"0.0234 unit decrease"	-	LINC03000	"Major depressive disorder"	"major depressive disorder"	-	GCST90020227	5:165096466	34045744	"Levey DF"
rs11772627-?	5E-18	-	NR	-	"0.0291 unit decrease"	-	MAD1L1	"Major depressive disorder"	"major depressive disorder"	-	GCST90020227	7:2070186	34045744	"Levey DF"
rs4632195-?	6E-18	-	NR	-	"0.0231 unit increase"	-	DCC	"Major depressive disorder"	"major depressive disorder"	-	GCST90020227	18:53220378	34045744	"Levey DF"
rs113188507-?	7E-18	-	NR	-	"0.0263 unit increase"	-	HMGB1P18,HNRNPA1P64	"Major depressive disorder"	"major depressive disorder"	-	GCST90020227	1:80343951	34045744	"Levey DF"
rs4980365-?	7E-12	-	NR	-	"0.0212 unit decrease"	-	STMND1,ATXN1-AS1	"Major depressive disorder"	"major depressive disorder"	-	GCST90020227	6:17028442	34045744	"Levey DF"
rs13204572-?	8E-18	-	NR	-	"0.0443 unit decrease"	-	H4C4,H3C4	"Major depressive disorder"	"major depressive disorder"	-	GCST90020227	6:26189128	34045744	"Levey DF"
rs1806153-?	2E-17	-	NR	-	"0.0276 unit increase"	-	PAUPAR	"Major depressive disorder"	"major depressive disorder"	-	GCST90020227	11:31828558	34045744	"Levey DF"
rs102275-?	3E-17	-	NR	-	"0.0236 unit decrease"	-	TMEM258	"Major depressive disorder"	"major depressive disorder"	-	GCST90020227	11:61790331	34045744	"Levey DF"
rs10973303-?	7E-17	-	NR	-	"0.031 unit increase"	-	ZCCHC7	"Major depressive disorder"	"major depressive disorder"	-	GCST90020227	9:37344532	34045744	"Levey DF"
rs7193263-?	2E-11	-	NR	-	"0.0192 unit decrease"	-	RBFOX1	"Major depressive disorder"	"major depressive disorder"	-	GCST90020227	16:6265879	34045744	"Levey DF"
rs6536630-?	3E-11	-	NR	-	"0.0179 unit decrease"	-	MAML3	"Major depressive disorder"	"major depressive disorder"	-	GCST90020227	4:139997881	34045744	"Levey DF"
rs74927570-?	3E-11	-	NR	-	"0.0233 unit decrease"	-	USP3	"Major depressive disorder"	"major depressive disorder"	-	GCST90020227	15:63510098	34045744	"Levey DF"
rs4267411-?	4E-11	-	NR	-	"0.0226 unit decrease"	-	NPM1P1,KC6	"Major depressive disorder"	"major depressive disorder"	-	GCST90020227	18:41725292	34045744	"Levey DF"
rs7617480-?	9E-15	-	NR	-	"0.0269 unit increase"	-	KLHDC8B	"Major depressive disorder"	"major depressive disorder"	-	GCST90020227	3:49173299	34045744	"Levey DF"
rs3099439-?	3E-14	-	NR	-	"0.0225 unit decrease"	-	TMEM161B	"Major depressive disorder"	"major depressive disorder"	-	GCST90020227	5:88249501	34045744	"Levey DF"
rs61691222-?	2E-10	-	NR	-	"0.0202 unit increase"	-	TRIM8	"Major depressive disorder"	"major depressive disorder"	-	GCST90020227	10:102660997	34045744	"Levey DF"
rs835303-?	6E-11	-	NR	-	"0.0235 unit decrease"	-	LINC01876	"Major depressive disorder"	"major depressive disorder"	-	GCST90020227	2:156267583	34045744	"Levey DF"
rs6066242-?	1E-10	-	NR	-	"0.0202 unit increase"	-	ZMYND8	"Major depressive disorder"	"major depressive disorder"	-	GCST90020227	20:47215211	34045744	"Levey DF"
rs67455183-?	2E-10	-	NR	-	"0.0248 unit decrease"	-	MSRA	"Major depressive disorder"	"major depressive disorder"	-	GCST90020227	8:10288415	34045744	"Levey DF"
rs2322702-?	2E-10	-	NR	-	"0.0174 unit decrease"	-	C6orf118,RN7SL366P	"Major depressive disorder"	"major depressive disorder"	-	GCST90020227	6:164757844	34045744	"Levey DF"
rs1933802-?	2E-12	-	NR	-	"0.0206 unit decrease"	-	LIN28B-AS1	"Major depressive disorder"	"major depressive disorder"	-	GCST90020227	6:104918016	34045744	"Levey DF"
rs1484145-?	2E-11	-	NR	-	"0.0196 unit increase"	-	NAA11,LINC01088	"Major depressive disorder"	"major depressive disorder"	-	GCST90020227	4:79296587	34045744	"Levey DF"
rs3980104-?	5E-10	-	NR	-	"0.0174 unit decrease"	-	LINC01493,RNU6-99P	"Major depressive disorder"	"major depressive disorder"	-	GCST90020227	11:38811698	34045744	"Levey DF"
rs8138989-?	7E-10	-	NR	-	"0.0181 unit decrease"	-	LINC00899,WNT7B	"Major depressive disorder"	"major depressive disorder"	-	GCST90020227	22:46029552	34045744	"Levey DF"
rs12525684-?	1E-10	-	NR	-	"0.0188 unit decrease"	-	BTN1A1,BTN1A1P1	"Major depressive disorder"	"major depressive disorder"	-	GCST90020227	6:26483682	34045744	"Levey DF"
rs7432943-?	1E-9	-	NR	-	"0.0165 unit decrease"	-	FHIT	"Major depressive disorder"	"major depressive disorder"	-	GCST90020227	3:61207973	34045744	"Levey DF"
rs4478545-?	1E-9	-	NR	-	"0.0181 unit decrease"	-	CIBAR1-DT	"Major depressive disorder"	"major depressive disorder"	-	GCST90020227	8:93660314	34045744	"Levey DF"
rs7152906-?	6E-15	-	NR	-	"0.0229 unit decrease"	-	AREL1	"Major depressive disorder"	"major depressive disorder"	-	GCST90020227	14:74658837	34045744	"Levey DF"
rs10441718-?	6E-11	-	NR	-	"0.0195 unit increase"	-	CARM1P1	"Major depressive disorder"	"major depressive disorder"	-	GCST90020227	9:2989299	34045744	"Levey DF"
rs372519-?	2E-9	-	NR	-	"0.0162 unit increase"	-	ADARB1	"Major depressive disorder"	"major depressive disorder"	-	GCST90020227	21:45154639	34045744	"Levey DF"
rs2509805-?	5E-12	-	NR	-	"0.0217 unit increase"	-	OR5AZ1P,OR5BA1P	"Major depressive disorder"	"major depressive disorder"	-	GCST90020227	11:57883324	34045744	"Levey DF"
rs2274793-?	2E-12	-	NR	-	"0.0219 unit decrease"	-	OTX2-AS1	"Major depressive disorder"	"major depressive disorder"	-	GCST90020227	14:56817250	34045744	"Levey DF"
rs2585399-?	4E-9	-	NR	-	"0.0164 unit increase"	-	PER1	"Major depressive disorder"	"major depressive disorder"	-	GCST90020227	17:8151441	34045744	"Levey DF"
rs12003380-?	5E-9	-	NR	-	"0.016 unit decrease"	-	CNTLN	"Major depressive disorder"	"major depressive disorder"	-	GCST90020227	9:17135436	34045744	"Levey DF"
rs11614007-?	2E-9	-	NR	-	"0.0221 unit increase"	-	SLC6A15,RPL6P25	"Major depressive disorder"	"major depressive disorder"	-	GCST90020227	12:84104853	34045744	"Levey DF"
rs1452787-?	2E-12	-	NR	-	"0.0228 unit decrease"	-	TCF4	"Major depressive disorder"	"major depressive disorder"	-	GCST90020227	18:55539976	34045744	"Levey DF"
rs6012575-?	1E-8	-	NR	-	"0.0157 unit increase"	-	ARFGEF2	"Major depressive disorder"	"major depressive disorder"	-	GCST90020227	20:48981960	34045744	"Levey DF"
rs2876520-?	1E-10	-	NR	-	"0.0191 unit decrease"	-	ADGRG6,HIVEP2	"Major depressive disorder"	"major depressive disorder"	-	GCST90020227	6:142675481	34045744	"Levey DF"
rs56059718-?	9E-10	-	NR	-	"0.0227 unit increase"	-	RASGRP1	"Major depressive disorder"	"major depressive disorder"	-	GCST90020227	15:38544576	34045744	"Levey DF"
rs913930-?	1E-8	-	NR	-	"0.0177 unit decrease"	-	TLR4	"Major depressive disorder"	"major depressive disorder"	-	GCST90020227	9:117721731	34045744	"Levey DF"
rs1021363-?	1E-19	-	NR	-	"0.0279 unit increase"	-	SORCS3	"Major depressive disorder"	"major depressive disorder"	-	GCST90020227	10:104851081	34045744	"Levey DF"
rs779-?	1E-8	-	NR	-	"0.0261 unit decrease"	-	ENTREP2	"Major depressive disorder"	"major depressive disorder"	-	GCST90020227	15:29564034	34045744	"Levey DF"
rs12967855-?	3E-17	-	NR	-	"0.0267 unit increase"	-	CELF4	"Major depressive disorder"	"major depressive disorder"	-	GCST90020227	18:37558282	34045744	"Levey DF"
rs55650481-?	4E-8	-	NR	-	"0.0259 unit decrease"	-	SAMD3	"Major depressive disorder"	"major depressive disorder"	-	GCST90020227	6:130261370	34045744	"Levey DF"
rs1848393-?	4E-10	-	NR	-	"0.0192 unit decrease"	-	DCDC1	"Major depressive disorder"	"major depressive disorder"	-	GCST90020227	11:30954079	34045744	"Levey DF"
rs17737641-?	2E-12	-	NR	-	"0.0582 unit decrease"	-	MIR3143,RPL10P2	"Major depressive disorder"	"major depressive disorder"	-	GCST90020227	6:27206778	34045744	"Levey DF"
rs75581564-?	7E-10	-	NR	-	"0.0283 unit increase"	-	PIPOX	"Major depressive disorder"	"major depressive disorder"	-	GCST90020227	17:29036732	34045744	"Levey DF"
rs10805794-?	2E-8	-	NR	-	"0.0166 unit decrease"	-	CDH9	"Major depressive disorder"	"major depressive disorder"	-	GCST90020227	5:27024429	34045744	"Levey DF"
rs11681373-?	2E-8	-	NR	-	"0.0168 unit increase"	-	ZNF804A	"Major depressive disorder"	"major depressive disorder"	-	GCST90020227	2:184921064	34045744	"Levey DF"
rs12705593-?	5E-12	-	NR	-	"0.0209 unit decrease"	-	EIF3IP1,BUB3P1	"Major depressive disorder"	"major depressive disorder"	-	GCST90020227	7:109460111	34045744	"Levey DF"
rs150027890-?	5E-9	-	NR	-	"0.0424 unit increase"	-	PGBD1,SMIM15P2	"Major depressive disorder"	"major depressive disorder"	-	GCST90020227	6:28308807	34045744	"Levey DF"
rs34727251-?	2E-8	-	NR	-	"0.018 unit decrease"	-	SGCZ	"Major depressive disorder"	"major depressive disorder"	-	GCST90020227	8:14384087	34045744	"Levey DF"
rs1950829-?	3E-16	-	NR	-	"0.0239 unit increase"	-	LRFN5	"Major depressive disorder"	"major depressive disorder"	-	GCST90020227	14:41628734	34045744	"Levey DF"
rs11686891-?	5E-13	-	NR	-	"0.0214 unit decrease"	-	CIR1	"Major depressive disorder"	"major depressive disorder"	-	GCST90020227	2:174375189	34045744	"Levey DF"
rs148466862-?	5E-12	-	NR	-	"0.0507 unit increase"	-	OR5V1,DDX6P1	"Major depressive disorder"	"major depressive disorder"	-	GCST90020227	6:29349400	34045744	"Levey DF"
rs56211578-?	1E-8	-	NR	-	"0.0235 unit decrease"	-	RNF103-CHMP3,CHMP3-AS1	"Major depressive disorder"	"major depressive disorder"	-	GCST90020227	2:86569839	34045744	"Levey DF"
rs61127279-?	9E-10	-	NR	-	"0.0192 unit increase"	-	DPY19L1P2,LINC00997	"Major depressive disorder"	"major depressive disorder"	-	GCST90020227	7:32789832	34045744	"Levey DF"
rs58243949-?	4E-12	-	NR	-	"0.0245 unit decrease"	-	RAB27B	"Major depressive disorder"	"major depressive disorder"	-	GCST90020227	18:54842602	34045744	"Levey DF"
rs13296641-?	9E-11	-	NR	-	"0.0204 unit decrease"	-	SLC25A6P2,HSPA8P17	"Major depressive disorder"	"major depressive disorder"	-	GCST90020227	9:31160245	34045744	"Levey DF"
rs11688767-?	6E-32	-	NR	-	"0.0314 unit decrease"	-	EIF2S2P7,ACTG1P22	"Major depressive disorder"	"major depressive disorder"	-	GCST90020227	2:57761059	34045744	"Levey DF"
rs17186548-?	2E-16	-	NR	-	"0.027 unit decrease"	-	SORCS3	"Major depressive disorder"	"major depressive disorder"	-	GCST90020227	10:104791186	34045744	"Levey DF"
rs61902811-?	7E-28	-	NR	-	"0.0304 unit decrease"	-	TMPRSS5,DRD2	"Major depressive disorder"	"major depressive disorder"	-	GCST90020227	11:113500036	34045744	"Levey DF"
rs73581580-?	3E-16	-	NR	-	"0.0427 unit increase"	-	EXD3	"Major depressive disorder"	"major depressive disorder"	-	GCST90020227	9:137357006	34045744	"Levey DF"
rs827120-?	2E-26	-	NR	-	"0.0288 unit increase"	-	RSRC1	"Major depressive disorder"	"major depressive disorder"	-	GCST90020227	3:158321816	34045744	"Levey DF"
rs12635614-?	3E-15	-	NR	-	"0.0214 unit increase"	-	SPATA16,NLGN1	"Major depressive disorder"	"major depressive disorder"	-	GCST90020227	3:173395251	34045744	"Levey DF"
rs7523829-?	2E-24	-	NR	-	"0.0276 unit increase"	-	LINC01360,RN7SKP19	"Major depressive disorder"	"major depressive disorder"	-	GCST90020227	1:73292434	34045744	"Levey DF"
rs9517313-?	2E-14	-	NR	-	"0.0214 unit increase"	-	STK24,FARP1	"Major depressive disorder"	"major depressive disorder"	-	GCST90020227	13:98453638	34045744	"Levey DF"
rs7988498-?	5E-24	-	NR	-	"0.0271 unit decrease"	-	PCDH9	"Major depressive disorder"	"major depressive disorder"	-	GCST90020227	13:66372345	34045744	"Levey DF"
rs12135327-?	8E-14	-	NR	-	"0.02 unit increase"	-	NRDC	"Major depressive disorder"	"major depressive disorder"	-	GCST90020227	1:51832289	34045744	"Levey DF"
rs67981811-?	5E-22	-	NR	-	"0.0465 unit increase"	-	ZSCAN12	"Major depressive disorder"	"major depressive disorder"	-	GCST90020227	6:28387058	34045744	"Levey DF"
rs12967143-?	2E-17	-	NR	-	"0.0271 unit decrease"	-	TCF4	"Major depressive disorder"	"major depressive disorder"	-	GCST90020227	18:55431781	34045744	"Levey DF"
rs13186288-?	2E-20	-	NR	-	"0.0261 unit increase"	-	TENM2	"Major depressive disorder"	"major depressive disorder"	-	GCST90020227	5:167564691	34045744	"Levey DF"
rs1267042-?	2E-13	-	NR	-	"0.0214 unit increase"	-	PSMD14-DT	"Major depressive disorder"	"major depressive disorder"	-	GCST90020227	2:161238492	34045744	"Levey DF"
rs10061069-?	5E-13	-	NR	-	"0.0234 unit decrease"	-	ARB2A,POU5F2	"Major depressive disorder"	"major depressive disorder"	-	GCST90020227	5:93735924	34045744	"Levey DF"
rs4728354-?	6E-13	-	NR	-	"0.0196 unit decrease"	-	CNOT4	"Major depressive disorder"	"major depressive disorder"	-	GCST90020227	7:135367227	34045744	"Levey DF"
rs7809993-?	9E-13	-	NR	-	"0.0193 unit decrease"	-	CTTNBP2	"Major depressive disorder"	"major depressive disorder"	-	GCST90020227	7:117873610	34045744	"Levey DF"
rs4753209-?	3E-15	-	NR	-	"0.0241 unit decrease"	-	GRM5	"Major depressive disorder"	"major depressive disorder"	-	GCST90020227	11:89010040	34045744	"Levey DF"
rs9775587-?	1E-12	-	NR	-	"0.0197 unit increase"	-	BRINP1,LINC01613	"Major depressive disorder"	"major depressive disorder"	-	GCST90020227	9:119900442	34045744	"Levey DF"
rs2806933-?	5E-15	-	NR	-	"0.0236 unit increase"	-	LINC01065,OLFM4	"Major depressive disorder"	"major depressive disorder"	-	GCST90020227	13:53069235	34045744	"Levey DF"
rs1054169-?	2E-15	-	NR	-	"0.0234 unit increase"	-	TMEM106B	"Major depressive disorder"	"major depressive disorder"	-	GCST90020227	7:12233870	34045744	"Levey DF"
rs3814424-?	7E-18	-	NR	-	"0.0308 unit increase"	-	MIR9-2HG	"Major depressive disorder"	"major depressive disorder"	-	GCST90020227	5:88673135	34045744	"Levey DF"
rs7940164-?	1E-11	-	NR	-	"0.019 unit decrease"	-	TMPRSS5,DRD2	"Major depressive disorder"	"major depressive disorder"	-	GCST90020227	11:113581043	34045744	"Levey DF"
rs17105472-?	2E-11	-	NR	-	"0.03 unit decrease"	-	AGBL4	"Major depressive disorder"	"major depressive disorder"	-	GCST90020227	1:49062731	34045744	"Levey DF"
rs35905305-?	5E-12	-	NR	-	"0.0202 unit decrease"	-	SPPL3	"Major depressive disorder"	"major depressive disorder"	-	GCST90020227	12:120890279	34045744	"Levey DF"
rs2592105-?	5E-8	-	NR	-	"0.0168 unit decrease"	-	GIGYF2	"Major depressive disorder"	"major depressive disorder"	-	GCST90020227	2:232781258	34045744	"Levey DF"
rs145678014-?	3E-10	-	NR	-	"0.0471 unit decrease"	-	QSER1	"Major depressive disorder"	"major depressive disorder"	-	GCST90020227	11:32906232	34045744	"Levey DF"
rs16841842-?	1E-13	-	NR	-	"0.0265 unit decrease"	-	DENND1B	"Major depressive disorder"	"major depressive disorder"	-	GCST90020227	1:197642552	34045744	"Levey DF"
rs146791497-?	2E-8	-	NR	-	"0.0389 unit increase"	-	RPL11P5,CABP1-DT	"Major depressive disorder"	"major depressive disorder"	-	GCST90020227	12:120626228	34045744	"Levey DF"
rs10987507-?	3E-8	-	NR	-	"0.0185 unit decrease"	-	ZBTB34	"Major depressive disorder"	"major depressive disorder"	-	GCST90020227	9:126865681	34045744	"Levey DF"
rs387627-?	2E-9	-	NR	-	"0.0198 unit increase"	-	ASIC2	"Major depressive disorder"	"major depressive disorder"	-	GCST90020227	17:33214699	34045744	"Levey DF"
rs10026036-?	4E-9	-	NR	-	"0.0177 unit increase"	-	CCSER1	"Major depressive disorder"	"major depressive disorder"	-	GCST90020227	4:90170619	34045744	"Levey DF"
rs1038093-?	1E-9	-	NR	-	"0.0184 unit increase"	-	INSYN1,CD276	"Major depressive disorder"	"major depressive disorder"	-	GCST90020227	15:73720068	34045744	"Levey DF"
rs66511648-?	1E-8	-	NR	-	"0.0189 unit decrease"	-	LINC03051,LSAMP	"Major depressive disorder"	"major depressive disorder"	-	GCST90020227	3:117796672	34045744	"Levey DF"
rs111471551-?	8E-10	-	NR	-	"0.0342 unit decrease"	-	B4GALNT4	"Major depressive disorder"	"major depressive disorder"	-	GCST90020227	11:380242	34045744	"Levey DF"
rs118109745-?	7E-10	-	NR	-	"0.0811 unit decrease"	-	LYPLA2P1,RPL35AP4	"Major depressive disorder"	"major depressive disorder"	-	GCST90020227	6:33377805	34045744	"Levey DF"
rs4131791-?	3E-14	-	NR	-	"0.0226 unit decrease"	-	CCDC68,LINC01929	"Major depressive disorder"	"major depressive disorder"	-	GCST90020227	18:55080640	34045744	"Levey DF"
rs7589705-?	3E-8	-	NR	-	"0.0386 unit increase"	-	NRXN1	"Major depressive disorder"	"major depressive disorder"	-	GCST90020227	2:50868364	34045744	"Levey DF"
rs3088142-?	1E-10	-	NR	-	"0.019 unit increase"	-	DUSP13B,DUSP13A	"Major depressive disorder"	"major depressive disorder"	-	GCST90020227	10:75094806	34045744	"Levey DF"
rs7837935-?	2E-11	-	NR	-	"0.0274 unit decrease"	-	CYP7B1	"Major depressive disorder"	"major depressive disorder"	-	GCST90020227	8:64649462	34045744	"Levey DF"
rs61935769-?	1E-8	-	NR	-	"0.0173 unit decrease"	-	CTDSP2,ATP23	"Major depressive disorder"	"major depressive disorder"	-	GCST90020227	12:57900561	34045744	"Levey DF"
rs7534271-?	3E-8	-	NR	-	"0.0165 unit increase"	-	TAL1	"Major depressive disorder"	"major depressive disorder"	-	GCST90020227	1:47228309	34045744	"Levey DF"
rs76025409-C	3E-8	-	0.3653696	1.11	-	-	NIHCOLE,RNU6-334P	"Major depressive disorder"	"major depressive disorder"	-	GCST90086062	5:104448100	33893285	"Guindo-Martínez M"
rs1455286248-G	3E-9	-	0.7187704	1.18	-	-	LINC02441,LINC02369	"Major depressive disorder"	"major depressive disorder"	-	GCST90086060	12:128067171	33893285	"Guindo-Martínez M"
rs6046722-?	3E-8	-	NR	1.09	-	-	CFAP61	"Self-reported depression (with anxiety score <5)"	"major depressive disorder"	-	GCST90244040	20:20197606	35730328	"Cheng B"
rs139702470-?	2E-8	-	NR	0.29	-	-	PIEZO2	"Depression (with anxiety score <5)"	"major depressive disorder"	-	GCST90244041	18:11039642	35730328	"Cheng B"
rs6046722-?	1E-7	-	NR	1.1	-	-	CFAP61	"Self-reported depression (with non-self-reported anxiety)"	"major depressive disorder"	-	GCST90244042	20:20197606	35730328	"Cheng B"
rs139702470-?	4E-8	-	NR	0.29	-	-	PIEZO2	"Depression (with non-self-reported anxiety)"	"major depressive disorder"	-	GCST90244043	18:11039642	35730328	"Cheng B"
rs521851-?	9E-9	-	NR	-	"0.54 unit increase"	-	MAGI2	Depression	"major depressive disorder"	-	GCST90255679	7:78870441	36685848	"Pinakhina D"
rs10274968-T	1E-8	-	NR	-	"5.711 z score increase"	-	VPS41	Depression	"major depressive disorder"	-	GCST006477	7:38899654	29942085	"Nagel M"
rs10811965-T	2E-8	-	NR	-	"5.629 z score decrease"	-	ELAVL2	Depression	"major depressive disorder"	-	GCST006477	9:23741280	29942085	"Nagel M"
rs10830220-C	1E-9	-	NR	-	"6.096 z score decrease"	-	GRM5,TYR	Depression	"major depressive disorder"	-	GCST006477	11:89140984	29942085	"Nagel M"
rs10896636-C	3E-9	-	NR	-	"5.958 z score decrease"	-	ZDHHC5	Depression	"major depressive disorder"	-	GCST006477	11:57680560	29942085	"Nagel M"
rs1706497-T	3E-8	-	NR	-	"5.54 z score increase"	-	LINC00944,LINC02824	Depression	"major depressive disorder"	-	GCST006477	12:126713136	29942085	"Nagel M"
rs17487383-C	4E-8	-	NR	-	"5.502 z score decrease"	-	SOX5	Depression	"major depressive disorder"	-	GCST006477	12:24126651	29942085	"Nagel M"
rs17828731-T	1E-8	-	NR	-	"5.668 z score increase"	-	LINC02882	Depression	"major depressive disorder"	-	GCST006477	12:73941576	29942085	"Nagel M"
rs12073845-T	3E-8	-	NR	-	"5.524 z score decrease"	-	HMGB1P18,HNRNPA1P64	Depression	"major depressive disorder"	-	GCST006477	1:80332225	29942085	"Nagel M"
rs12376738-T	2E-8	-	NR	-	"5.651 z score increase"	-	FAM120A	Depression	"major depressive disorder"	-	GCST006477	9:93539518	29942085	"Nagel M"
rs1961639-A	4E-9	-	NR	-	"5.891 z score decrease"	-	SORCS3	Depression	"major depressive disorder"	-	GCST006477	10:104876239	29942085	"Nagel M"
rs12713370-A	2E-9	-	NR	-	"6.035 z score decrease"	-	VRK2	Depression	"major depressive disorder"	-	GCST006477	2:57973613	29942085	"Nagel M"
rs12963231-A	3E-8	-	NR	-	"5.525 z score increase"	-	CCDC68,LINC01929	Depression	"major depressive disorder"	-	GCST006477	18:55100746	29942085	"Nagel M"
rs2056477-C	4E-8	-	NR	-	"5.472 z score decrease"	-	MAD1L1	Depression	"major depressive disorder"	-	GCST006477	7:2040109	29942085	"Nagel M"
rs1322944-A	2E-9	-	NR	-	"5.979 z score increase"	-	LINC01065	Depression	"major depressive disorder"	-	GCST006477	13:53109028	29942085	"Nagel M"
rs1427027-T	2E-8	-	NR	-	"5.627 z score increase"	-	MIR4318,RPL12P40	Depression	"major depressive disorder"	-	GCST006477	18:37666359	29942085	"Nagel M"
rs2098651-C	2E-10	-	NR	-	"6.344 z score increase"	-	TENM2	Depression	"major depressive disorder"	-	GCST006477	5:167564265	29942085	"Nagel M"
rs2149351-T	3E-8	-	NR	-	"5.553 z score increase"	-	TPT1P9,TLR4	Depression	"major depressive disorder"	-	GCST006477	9:117739366	29942085	"Nagel M"
rs2191130-T	1E-9	-	NR	-	"6.099 z score increase"	-	RBFOX1	Depression	"major depressive disorder"	-	GCST006477	16:7617795	29942085	"Nagel M"
rs2304607-A	1E-9	-	NR	-	"6.059 z score decrease"	-	MEF2C-AS2,GSCAR	Depression	"major depressive disorder"	-	GCST006477	5:88692916	29942085	"Nagel M"
rs2721811-A	4E-8	-	NR	-	"5.502 z score decrease"	-	GSDME	Depression	"major depressive disorder"	-	GCST006477	7:24709810	29942085	"Nagel M"
rs2806985-C	2E-8	-	NR	-	"5.631 z score increase"	-	LINC01065	Depression	"major depressive disorder"	-	GCST006477	13:53103588	29942085	"Nagel M"
rs2956287-A	5E-11	-	NR	-	"6.573 z score decrease"	-	SLC6A15,RPL6P25	Depression	"major depressive disorder"	-	GCST006477	12:84315437	29942085	"Nagel M"
rs301795-A	8E-9	-	NR	-	"5.774 z score decrease"	-	RERE	Depression	"major depressive disorder"	-	GCST006477	1:8407293	29942085	"Nagel M"
rs301807-A	1E-10	-	NR	-	"6.407 z score increase"	-	RERE-AS1,RERE	Depression	"major depressive disorder"	-	GCST006477	1:8424763	29942085	"Nagel M"
rs3787317-T	9E-10	-	NR	-	"6.119 z score increase"	-	KCNB1	Depression	"major depressive disorder"	-	GCST006477	20:49424674	29942085	"Nagel M"
rs3793577-A	3E-12	-	NR	-	"6.992 z score decrease"	-	ELAVL2	Depression	"major depressive disorder"	-	GCST006477	9:23737629	29942085	"Nagel M"
rs3799380-T	8E-9	-	NR	-	"5.773 z score increase"	-	BTN2A1	Depression	"major depressive disorder"	-	GCST006477	6:26466954	29942085	"Nagel M"
rs3806843-T	1E-9	-	NR	-	"6.049 z score decrease"	-	"PCDHA4,PCDHA3,PCDHA1,PCDHA2,PCDHA5,PCDHA6"	Depression	"major depressive disorder"	-	GCST006477	5:140832953	29942085	"Nagel M"
rs3823612-C	5E-11	-	NR	-	"6.582 z score increase"	-	TMEM106B	Depression	"major depressive disorder"	-	GCST006477	7:12219129	29942085	"Nagel M"
rs4277413-A	1E-11	-	NR	-	"6.77 z score decrease"	-	DCC	Depression	"major depressive disorder"	-	GCST006477	18:53172556	29942085	"Nagel M"
rs4480613-T	3E-9	-	NR	-	"5.925 z score increase"	-	SLC6A15,RPL6P25	Depression	"major depressive disorder"	-	GCST006477	12:84099287	29942085	"Nagel M"
rs7775835-T	2E-8	-	NR	-	"5.588 z score decrease"	-	RPSAP2,LINC00533	Depression	"major depressive disorder"	-	GCST006477	6:28710580	29942085	"Nagel M"
rs8089865-A	3E-11	-	NR	-	"6.624 z score increase"	-	DCC	Depression	"major depressive disorder"	-	GCST006477	18:53431552	29942085	"Nagel M"
rs8099160-A	2E-14	-	NR	-	"7.638 z score increase"	-	DCC	Depression	"major depressive disorder"	-	GCST006477	18:53226240	29942085	"Nagel M"
rs8181889-A	4E-8	-	NR	-	"5.489 z score decrease"	-	OLFM4	Depression	"major depressive disorder"	-	GCST006477	13:53039855	29942085	"Nagel M"
rs848293-A	2E-8	-	NR	-	"5.644 z score decrease"	-	VRK2	Depression	"major depressive disorder"	-	GCST006477	2:58155355	29942085	"Nagel M"
rs9592461-A	2E-12	-	NR	-	"7.062 z score increase"	-	PCDH9	Depression	"major depressive disorder"	-	GCST006477	13:66367660	29942085	"Nagel M"
rs9611460-T	2E-8	-	NR	-	"5.596 z score decrease"	-	RBX1,Y_RNA	Depression	"major depressive disorder"	-	GCST006477	22:41022293	29942085	"Nagel M"
rs454214-T	4E-8	-	NR	-	"5.486 z score decrease"	-	MEF2C-AS2	Depression	"major depressive disorder"	-	GCST006477	5:88707586	29942085	"Nagel M"
rs4543289-T	4E-8	-	NR	-	"5.502 z score decrease"	-	LINC03000	Depression	"major depressive disorder"	-	GCST006477	5:165057942	29942085	"Nagel M"
rs4799936-A	2E-8	-	NR	-	"5.638 z score decrease"	-	CELF4	Depression	"major depressive disorder"	-	GCST006477	18:37524865	29942085	"Nagel M"
rs4801157-T	4E-8	-	NR	-	"5.495 z score increase"	-	TCF4	Depression	"major depressive disorder"	-	GCST006477	18:55497462	29942085	"Nagel M"
rs4883777-T	1E-8	-	NR	-	"5.712 z score increase"	-	PCDH9	Depression	"major depressive disorder"	-	GCST006477	13:66400574	29942085	"Nagel M"
rs55748329-A	1E-9	-	NR	-	"6.101 z score increase"	-	BAIAP2	Depression	"major depressive disorder"	-	GCST006477	17:81071973	29942085	"Nagel M"
rs586533-T	2E-9	-	NR	-	"6.029 z score decrease"	-	CNTN5	Depression	"major depressive disorder"	-	GCST006477	11:99649777	29942085	"Nagel M"
rs6019826-T	9E-9	-	NR	-	"5.744 z score increase"	-	KCNB1	Depression	"major depressive disorder"	-	GCST006477	20:49426433	29942085	"Nagel M"
rs6066975-A	4E-8	-	NR	-	"5.471 z score decrease"	-	STAU1	Depression	"major depressive disorder"	-	GCST006477	20:49133840	29942085	"Nagel M"
rs62097899-T	8E-10	-	NR	-	"6.145 z score increase"	-	DCC	Depression	"major depressive disorder"	-	GCST006477	18:52991139	29942085	"Nagel M"
rs6441175-A	2E-9	-	NR	-	"6.039 z score decrease"	-	RSRC1	Depression	"major depressive disorder"	-	GCST006477	3:158139321	29942085	"Nagel M"
rs935526-T	5E-8	-	NR	-	"5.452 z score decrease"	-	ROBO2	Depression	"major depressive disorder"	-	GCST006477	3:77510866	29942085	"Nagel M"
rs6442260-A	5E-8	-	NR	-	"5.455 z score decrease"	-	ATG7	Depression	"major depressive disorder"	-	GCST006477	3:11549277	29942085	"Nagel M"
rs645592-T	3E-8	-	NR	-	"5.571 z score decrease"	-	TYR	Depression	"major depressive disorder"	-	GCST006477	11:89271726	29942085	"Nagel M"
rs6562505-A	5E-8	-	NR	-	"5.467 z score decrease"	-	BCRP9,LINC00364	Depression	"major depressive disorder"	-	GCST006477	13:67627955	29942085	"Nagel M"
rs6695867-A	5E-9	-	NR	-	"5.855 z score decrease"	-	RERE	Depression	"major depressive disorder"	-	GCST006477	1:8670720	29942085	"Nagel M"
rs6882046-A	1E-8	-	NR	-	"5.663 z score decrease"	-	MIR9-2HG	Depression	"major depressive disorder"	-	GCST006477	5:88673046	29942085	"Nagel M"
rs7170398-T	2E-8	-	NR	-	"5.618 z score increase"	-	LINGO1	Depression	"major depressive disorder"	-	GCST006477	15:77775291	29942085	"Nagel M"
rs7193263-A	9E-11	-	NR	-	"6.478 z score decrease"	-	RBFOX1	Depression	"major depressive disorder"	-	GCST006477	16:6265879	29942085	"Nagel M"
rs72733826-A	3E-9	-	NR	-	"5.911 z score increase"	-	SEMA6D	Depression	"major depressive disorder"	-	GCST006477	15:47424966	29942085	"Nagel M"
rs73117594-T	2E-8	-	NR	-	"5.659 z score increase"	-	ROBO1,MRPS17P3	Depression	"major depressive disorder"	-	GCST006477	3:78544763	29942085	"Nagel M"
rs7505145-A	2E-8	-	NR	-	"5.622 z score decrease"	-	DCC	Depression	"major depressive disorder"	-	GCST006477	18:53185406	29942085	"Nagel M"
rs77087420-A	2E-10	-	NR	-	"6.399 z score increase"	-	BLTP1	Depression	"major depressive disorder"	-	GCST006477	4:122201701	29942085	"Nagel M"
rs775766-A	2E-8	-	NR	-	"5.659 z score increase"	-	ROBO2	Depression	"major depressive disorder"	-	GCST006477	3:77542041	29942085	"Nagel M"
rs77741769-T	8E-9	-	NR	-	"5.775 z score increase"	-	HNF1A-AS1,RPL12P33	Depression	"major depressive disorder"	-	GCST006477	12:120926032	29942085	"Nagel M"
rs1656369-A	5E-9	-	NR	-	"5.844 z score decrease"	-	MLF1-DT	Depression	"major depressive disorder"	-	GCST006477	3:158562296	29942085	"Nagel M"
rs11124319-A	2E-8	-	NR	-	"5.618 z score decrease"	-	LINC01830	Depression	"major depressive disorder"	-	GCST006477	2:22212484	29942085	"Nagel M"
rs1150313-A	1E-9	-	NR	-	"6.09 z score increase"	-	GRM5	Depression	"major depressive disorder"	-	GCST006477	11:88962678	29942085	"Nagel M"
rs1151849-A	2E-8	-	NR	-	"5.6 z score decrease"	-	SPPL3	Depression	"major depressive disorder"	-	GCST006477	12:120902796	29942085	"Nagel M"
rs11629621-C	4E-8	-	NR	-	"5.48 z score decrease"	-	LINGO1	Depression	"major depressive disorder"	-	GCST006477	15:77788395	29942085	"Nagel M"
rs11665070-A	2E-9	-	NR	-	"6.036 z score decrease"	-	CELF4,MIR4318	Depression	"major depressive disorder"	-	GCST006477	18:37572600	29942085	"Nagel M"
rs11688767-A	3E-8	-	NR	-	"5.533 z score decrease"	-	EIF2S2P7,ACTG1P22	Depression	"major depressive disorder"	-	GCST006477	2:57761059	29942085	"Nagel M"
rs117319730-C	3E-8	-	NR	-	"5.539 z score decrease"	-	SEMA6D	Depression	"major depressive disorder"	-	GCST006477	15:47400457	29942085	"Nagel M"
rs1946473-A	3E-8	-	NR	-	"5.548 z score decrease"	-	CDH9	Depression	"major depressive disorder"	-	GCST006477	5:26972576	29942085	"Nagel M"
rs12552-A	2E-10	-	NR	-	"6.366 z score increase"	-	OLFM4	Depression	"major depressive disorder"	-	GCST006477	13:53051646	29942085	"Nagel M"
rs1261070-A	1E-8	-	NR	-	"5.701 z score decrease"	-	TCF4	Depression	"major depressive disorder"	-	GCST006477	18:55235854	29942085	"Nagel M"
rs200990-T	4E-10	-	NR	-	"6.256 z score increase"	-	H2BC15	Depression	"major depressive disorder"	-	GCST006477	6:27848045	29942085	"Nagel M"
rs12968428-A	2E-12	-	NR	-	"7.065 z score increase"	-	DCC	Depression	"major depressive disorder"	-	GCST006477	18:53223855	29942085	"Nagel M"
rs13218591-T	2E-8	-	NR	-	"5.608 z score increase"	-	BTN3A2	Depression	"major depressive disorder"	-	GCST006477	6:26376604	29942085	"Nagel M"
rs2064219-A	8E-10	-	NR	-	"6.152 z score increase"	-	MCFD2P1,ZNF184	Depression	"major depressive disorder"	-	GCST006477	6:27408222	29942085	"Nagel M"
rs1431181-A	3E-12	-	NR	-	"6.958 z score increase"	-	DCC	Depression	"major depressive disorder"	-	GCST006477	18:53253042	29942085	"Nagel M"
rs1452788-A	5E-8	-	NR	-	"5.454 z score decrease"	-	TCF4	Depression	"major depressive disorder"	-	GCST006477	18:55450073	29942085	"Nagel M"
rs149389640-A	7E-10	-	NR	-	"6.175 z score increase"	-	CCDC170	Depression	"major depressive disorder"	-	GCST006477	6:151604372	29942085	"Nagel M"
rs149735550-T	3E-8	-	NR	-	"5.529 z score increase"	-	DCC	Depression	"major depressive disorder"	-	GCST006477	18:52866733	29942085	"Nagel M"
rs6976860-T	7E-6	-	0.666711	1.1235955	-	[1.07-1.18]	PHTF2	"Major depressive disorder in trauma exposed individuals"	"major depressive disorder"	"trauma exposure measurement"	GCST009980	7:77822829	31969693	"Coleman JRI"
rs612711-T	9E-6	-	0.414926	1.1223345	-	[1.07-1.17]	MRPL37	"Major depressive disorder in trauma exposed individuals"	"major depressive disorder"	"trauma exposure measurement"	GCST009980	1:54220701	31969693	"Coleman JRI"
rs325502-G	8E-6	-	0.422234	1.1223345	-	[1.07-1.18]	NIHCOLE,RNU6-334P	"Major depressive disorder in trauma exposed individuals"	"major depressive disorder"	"trauma exposure measurement"	GCST009980	5:104672432	31969693	"Coleman JRI"
rs73133999-G	7E-6	-	0.9644714	1.1210762	-	[1.07-1.17]	ST3GAL6-AS1	"Major depressive disorder in trauma exposed individuals"	"major depressive disorder"	"trauma exposure measurement"	GCST009980	3:98715123	31969693	"Coleman JRI"
rs145189127-G	7E-6	-	0.0228545	1.117	-	[1.07-1.17]	MIR557,QRSL1P1	"Major depressive disorder in trauma exposed individuals"	"major depressive disorder"	"trauma exposure measurement"	GCST009980	1:168405362	31969693	"Coleman JRI"
rs78994374-A	9E-6	-	0.0200533	1.118	-	[1.07-1.17]	MAP3K5	"Major depressive disorder in trauma exposed individuals"	"major depressive disorder"	"trauma exposure measurement"	GCST009980	6:136623641	31969693	"Coleman JRI"
rs17526879-G	9E-6	-	0.019323	1.121	-	[1.07-1.17]	LINC01742,NKILA	"Major depressive disorder in trauma exposed individuals"	"major depressive disorder"	"trauma exposure measurement"	GCST009980	20:57976061	31969693	"Coleman JRI"
rs142592479-A	4E-6	-	0.0226635	1.122	-	[1.07-1.17]	RNU6-439P,RPL7P13	"Major depressive disorder in trauma exposed individuals"	"major depressive disorder"	"trauma exposure measurement"	GCST009980	2:49555287	31969693	"Coleman JRI"
rs111629393-G	8E-6	-	0.329171	1.123	-	[1.07-1.18]	NELL1	"Major depressive disorder in trauma exposed individuals"	"major depressive disorder"	"trauma exposure measurement"	GCST009980	11:21292600	31969693	"Coleman JRI"
rs1390496-G	5E-6	-	0.743567	1.126	-	[1.07-1.18]	LINC01036	"Major depressive disorder in trauma exposed individuals"	"major depressive disorder"	"trauma exposure measurement"	GCST009980	1:187307421	31969693	"Coleman JRI"
rs17676433-T	2E-6	-	0.031546	1.127	-	[1.08-1.18]	GRK5	"Major depressive disorder in trauma exposed individuals"	"major depressive disorder"	"trauma exposure measurement"	GCST009980	10:119348012	31969693	"Coleman JRI"
rs147542932-C	3E-6	-	0.0605838	1.128	-	[1.08-1.18]	LINC01724,KCNT2	"Major depressive disorder in trauma exposed individuals"	"major depressive disorder"	"trauma exposure measurement"	GCST009980	1:196204734	31969693	"Coleman JRI"
rs4312987-T	2E-6	-	0.592484	1.13	-	[1.08-1.18]	LINC01564,LRRC1	"Major depressive disorder in trauma exposed individuals"	"major depressive disorder"	"trauma exposure measurement"	GCST009980	6:53720234	31969693	"Coleman JRI"
rs535355-G	7E-7	-	0.377677	1.1547344	-	[1.1-1.21]	MAGI2	"Major depressive disorder in trauma-unexposed individuals"	"major depressive disorder"	-	GCST009981	7:78841329	31969693	"Coleman JRI"
rs11708664-A	1E-6	-	0.711729	1.1520737	-	[1.09-1.21]	TBC1D5	"Major depressive disorder in trauma-unexposed individuals"	"major depressive disorder"	-	GCST009981	3:17749535	31969693	"Coleman JRI"
rs55940619-C	4E-6	-	0.9228412	1.150748	-	[1.09-1.21]	GRID1	"Major depressive disorder in trauma-unexposed individuals"	"major depressive disorder"	-	GCST009981	10:86126629	31969693	"Coleman JRI"
rs6497642-A	4E-6	-	0.679059	1.1454753	-	[1.09-1.21]	HS3ST2,USP31	"Major depressive disorder in trauma-unexposed individuals"	"major depressive disorder"	-	GCST009981	16:23047129	31969693	"Coleman JRI"
rs5766499-A	8E-6	-	0.661674	1.1402508	-	[1.08-1.2]	SKP1P4,LINC01656	"Major depressive disorder in trauma-unexposed individuals"	"major depressive disorder"	-	GCST009981	22:44427215	31969693	"Coleman JRI"
rs17534846-A	8E-6	-	0.655753	1.1389521	-	[1.08-1.2]	FER	"Major depressive disorder in trauma-unexposed individuals"	"major depressive disorder"	-	GCST009981	5:109115513	31969693	"Coleman JRI"
rs4973321-G	6E-6	-	0.013128	1.1325028	-	[1.08-1.19]	SP140L	"Major depressive disorder in trauma-unexposed individuals"	"major depressive disorder"	-	GCST009981	2:230387764	31969693	"Coleman JRI"
rs111275535-A	5E-6	-	0.060316	1.133	-	[1.08-1.19]	LINC02366	"Major depressive disorder in trauma-unexposed individuals"	"major depressive disorder"	-	GCST009981	12:10760728	31969693	"Coleman JRI"
rs116200762-C	9E-6	-	0.0673603	1.129	-	[1.07-1.18]	OR9S24P,OR6B3	"Major depressive disorder in trauma-unexposed individuals"	"major depressive disorder"	-	GCST009981	2:240079088	31969693	"Coleman JRI"
rs117225626-T	5E-7	-	0.0148587	1.148	-	[1.09-1.2]	LINC02141,NPAP1L	"Major depressive disorder in trauma-unexposed individuals"	"major depressive disorder"	-	GCST009981	16:60321124	31969693	"Coleman JRI"
rs138272922-C	5E-8	-	0.0107319	1.16	-	[1.11-1.21]	THRB-AS2,THRB	"Major depressive disorder in trauma-unexposed individuals"	"major depressive disorder"	-	GCST009981	3:24256536	31969693	"Coleman JRI"
rs139146062-T	7E-7	-	0.0241839	1.147	-	[1.09-1.2]	DNAH7,STK17B	"Major depressive disorder in trauma-unexposed individuals"	"major depressive disorder"	-	GCST009981	2:196094898	31969693	"Coleman JRI"
rs4501813-G	8E-6	-	0.939503	1.071	-	[1.04-1.1]	DYNLL1P3,KLHDC7A	"Major depressive disorder"	"major depressive disorder"	-	GCST009979	1:18490385	31969693	"Coleman JRI"
rs10247376-C	8E-6	-	0.0276479	1.071	-	[1.04-1.1]	CDCA7L,RAPGEF5	"Major depressive disorder"	"major depressive disorder"	-	GCST009979	7:22085200	31969693	"Coleman JRI"
rs141208948-G	3E-6	-	0.0205973	1.072	-	[1.04-1.1]	PDGFDDN	"Major depressive disorder"	"major depressive disorder"	-	GCST009979	11:103612982	31969693	"Coleman JRI"
rs1504721-C	4E-6	-	0.397784	1.072	-	[1.04-1.1]	CNTN5	"Major depressive disorder"	"major depressive disorder"	-	GCST009979	11:99397886	31969693	"Coleman JRI"
rs35864932-C	4E-6	-	0.474933	1.072	-	[1.04-1.1]	RNF213	"Major depressive disorder"	"major depressive disorder"	-	GCST009979	17:80308082	31969693	"Coleman JRI"
rs10476497-A	5E-6	-	0.534226	1.072	-	[1.04-1.1]	LINC03000	"Major depressive disorder"	"major depressive disorder"	-	GCST009979	5:165161811	31969693	"Coleman JRI"
rs116100277-T	1E-6	-	0.0144628	1.073	-	[1.04-1.1]	TIAL1P1,FTH1P5	"Major depressive disorder"	"major depressive disorder"	-	GCST009979	6:51300739	31969693	"Coleman JRI"
rs1676905-G	3E-6	-	0.92639	1.073	-	[1.04-1.1]	RNY3,RNY4	"Major depressive disorder"	"major depressive disorder"	-	GCST009979	7:148974185	31969693	"Coleman JRI"
rs116842147-T	6E-7	-	0.0105958	1.075	-	[1.05-1.1]	UFL1-AS1	"Major depressive disorder"	"major depressive disorder"	-	GCST009979	6:96479972	31969693	"Coleman JRI"
rs7568777-A	1E-6	-	0.1858	1.075	-	[1.04-1.11]	CLHC1,RTN4	"Major depressive disorder"	"major depressive disorder"	-	GCST009979	2:55156291	31969693	"Coleman JRI"
rs9964540-A	3E-6	-	0.00879648	1.075	-	[1.04-1.11]	Y_RNA,RNU6-340P	"Major depressive disorder"	"major depressive disorder"	-	GCST009979	18:2643559	31969693	"Coleman JRI"
rs2466882-A	1E-6	-	0.582441	1.076	-	[1.05-1.11]	LINC02955	"Major depressive disorder"	"major depressive disorder"	-	GCST009979	12:22903786	31969693	"Coleman JRI"
rs34071114-T	4E-7	-	0.046004	1.077	-	[1.05-1.11]	WBP2NL	"Major depressive disorder"	"major depressive disorder"	-	GCST009979	22:42000886	31969693	"Coleman JRI"
rs30266-A	2E-7	-	0.333712	1.082	-	[1.05-1.11]	RNU6-334P,NIHCOLE	"Major depressive disorder"	"major depressive disorder"	-	GCST009979	5:104636656	31969693	"Coleman JRI"
rs3807866-A	1E-7	-	0.398234	1.084	-	[1.05-1.11]	THSD7A,TMEM106B	"Major depressive disorder"	"major depressive disorder"	-	GCST009979	7:12210752	31969693	"Coleman JRI"
rs35514087-G	2E-7	-	0.0476509	1.086	-	[1.05-1.12]	CTB-1I21.1	"Major depressive disorder"	"major depressive disorder"	-	GCST009979	5:136696864	31969693	"Coleman JRI"
rs13214628-G	1E-6	-	0.9730667	1.1337868	-	[1.08-1.19]	VNN3P,VNN2	"Major depressive disorder in trauma exposed individuals"	"major depressive disorder"	"trauma exposure measurement"	GCST009980	6:132741777	31969693	"Coleman JRI"
rs73176142-C	3E-6	-	0.982012	1.1273957	-	[1.08-1.18]	PLD1,MTCO1P58	"Major depressive disorder in trauma exposed individuals"	"major depressive disorder"	"trauma exposure measurement"	GCST009980	3:171542960	31969693	"Coleman JRI"
rs10468608-C	5E-6	-	0.627944	1.126126	-	[1.07-1.18]	MAP2K3,EIF1P5	"Major depressive disorder in trauma exposed individuals"	"major depressive disorder"	"trauma exposure measurement"	GCST009980	17:21283048	31969693	"Coleman JRI"
rs35099409-T	5E-6	-	0.9511414	1.1248593	-	[1.07-1.18]	INTS9	"Major depressive disorder in trauma exposed individuals"	"major depressive disorder"	"trauma exposure measurement"	GCST009980	8:28876569	31969693	"Coleman JRI"
rs2498010-A	6E-6	-	0.372037	1.1248593	-	[1.07-1.18]	RPS3AP5,LINC01519	"Major depressive disorder in trauma exposed individuals"	"major depressive disorder"	"trauma exposure measurement"	GCST009980	10:84826084	31969693	"Coleman JRI"
rs10892733-T	6E-6	-	0.706353	1.1235955	-	[1.07-1.18]	SC5D,BMPR1AP2	"Major depressive disorder in trauma exposed individuals"	"major depressive disorder"	"trauma exposure measurement"	GCST009980	11:121344415	31969693	"Coleman JRI"
rs79954464-G	7E-6	-	0.9710358	1.1235955	-	[1.07-1.18]	ZNF683,LIN28A	"Major depressive disorder in trauma exposed individuals"	"major depressive disorder"	"trauma exposure measurement"	GCST009980	1:26402358	31969693	"Coleman JRI"
rs138567168-C	5E-6	-	0.9811409	1.1235955	-	[1.07-1.18]	TRIM44	"Major depressive disorder in trauma exposed individuals"	"major depressive disorder"	"trauma exposure measurement"	GCST009980	11:35778692	31969693	"Coleman JRI"
rs139388380-T	5E-6	-	0.0193939	1.135	-	[1.08-1.19]	SOX2-OT	"Major depressive disorder in trauma-unexposed individuals"	"major depressive disorder"	-	GCST009981	3:181738428	31969693	"Coleman JRI"
rs150406602-A	1E-6	-	0.0289884	1.144	-	[1.09-1.2]	TNFAIP8L3,MIR4713HG	"Major depressive disorder in trauma-unexposed individuals"	"major depressive disorder"	-	GCST009981	15:51097433	31969693	"Coleman JRI"
rs1504722-G	9E-6	-	0.397333	1.137	-	[1.08-1.2]	CNTN5	"Major depressive disorder in trauma-unexposed individuals"	"major depressive disorder"	-	GCST009981	11:99397985	31969693	"Coleman JRI"
rs164241-T	2E-6	-	0.0892166	1.143	-	[1.09-1.2]	LINC00856	"Major depressive disorder in trauma-unexposed individuals"	"major depressive disorder"	-	GCST009981	10:78574404	31969693	"Coleman JRI"
rs17377987-G	3E-7	-	0.0632337	1.15	-	[1.09-1.21]	MEI1	"Major depressive disorder in trauma-unexposed individuals"	"major depressive disorder"	-	GCST009981	22:41774931	31969693	"Coleman JRI"
rs1957408-G	2E-6	-	0.491191	1.148	-	[1.09-1.21]	DAAM1	"Major depressive disorder in trauma-unexposed individuals"	"major depressive disorder"	-	GCST009981	14:59333603	31969693	"Coleman JRI"
rs28672333-A	2E-7	-	0.0727552	1.161	-	[1.1-1.22]	PIP,OR6W1P	"Major depressive disorder in trauma-unexposed individuals"	"major depressive disorder"	-	GCST009981	7:143129705	31969693	"Coleman JRI"
rs35693458-A	8E-6	-	0.147982	1.135	-	[1.08-1.19]	PANK3	"Major depressive disorder in trauma-unexposed individuals"	"major depressive disorder"	-	GCST009981	5:168558454	31969693	"Coleman JRI"
rs56039004-A	8E-7	-	0.0703749	1.146	-	[1.09-1.2]	AIDAP3,METTL4	"Major depressive disorder in trauma-unexposed individuals"	"major depressive disorder"	-	GCST009981	18:2427956	31969693	"Coleman JRI"
rs56294834-A	8E-6	-	0.0210005	1.127	-	[1.07-1.18]	KRTAP9-1,KRTAP4-17P	"Major depressive disorder in trauma-unexposed individuals"	"major depressive disorder"	-	GCST009981	17:41188621	31969693	"Coleman JRI"
rs6096232-G	5E-6	-	0.060598	1.139	-	[1.08-1.2]	KCNG1	"Major depressive disorder in trauma-unexposed individuals"	"major depressive disorder"	-	GCST009981	20:51021437	31969693	"Coleman JRI"
rs6567380-T	2E-6	-	0.0225261	1.137	-	[1.08-1.19]	SERPINB13	"Major depressive disorder in trauma-unexposed individuals"	"major depressive disorder"	-	GCST009981	18:63600273	31969693	"Coleman JRI"
rs67917624-A	1E-6	-	0.0273652	1.162	-	[1.1-1.22]	RASA3	"Major depressive disorder in trauma-unexposed individuals"	"major depressive disorder"	-	GCST009981	13:114043625	31969693	"Coleman JRI"
rs72717793-A	6E-6	-	0.228085	1.137	-	[1.08-1.19]	TBPL2	"Major depressive disorder in trauma-unexposed individuals"	"major depressive disorder"	-	GCST009981	14:55454152	31969693	"Coleman JRI"
rs9991694-C	5E-7	-	0.766787	1.161	-	[1.1-1.22]	PLAC8	"Major depressive disorder in trauma-unexposed individuals"	"major depressive disorder"	-	GCST009981	4:83078972	31969693	"Coleman JRI"
rs6666516-A	6E-6	-	0.492379	1.071	-	[1.04-1.1]	RN7SL299P,DISC1	"Major depressive disorder"	"major depressive disorder"	-	GCST009979	1:232192655	31969693	"Coleman JRI"
rs263645-?	2E-11	-	NR	-	"0.0069 unit increase"	-	BNC2,RN7SL720P	Depression	"major depressive disorder"	-	GCST90239706	9:17016505	34924174	"Mitchell BL"
rs2149351-?	7E-9	-	NR	-	"0.0104 unit increase"	-	TPT1P9,TLR4	Depression	"major depressive disorder"	-	GCST90239706	9:117739366	34924174	"Mitchell BL"
rs1354115-?	1E-9	-	NR	-	"0.0217 unit increase"	-	CARM1P1	Depression	"major depressive disorder"	-	GCST90239706	9:2983774	34924174	"Mitchell BL"
rs10966790-?	5E-9	-	NR	-	"0.0282 unit decrease"	-	TUSC1,RN7SKP120	Depression	"major depressive disorder"	-	GCST90239706	9:25197677	34924174	"Mitchell BL"
rs10810201-?	4E-8	-	NR	-	"0.0186 unit increase"	-	ZDHHC21	Depression	"major depressive disorder"	-	GCST90239706	9:14654821	34924174	"Mitchell BL"
rs1021363-?	2E-17	-	NR	-	"4.0E-4 unit decrease"	-	SORCS3	Depression	"major depressive disorder"	-	GCST90239706	10:104851081	34924174	"Mitchell BL"
rs7934649-?	6E-14	-	NR	-	"0.0235 unit decrease"	-	DRD2,TMPRSS5	Depression	"major depressive disorder"	-	GCST90239706	11:113501949	34924174	"Mitchell BL"
rs7932640-?	7E-17	-	NR	-	"0.0282 unit decrease"	-	GRM5	Depression	"major depressive disorder"	-	GCST90239706	11:89011257	34924174	"Mitchell BL"
rs7117514-?	4E-8	-	NR	-	"0.0081 unit decrease"	-	SHANK2	Depression	"major depressive disorder"	-	GCST90239706	11:70698832	34924174	"Mitchell BL"
rs58621819-?	3E-8	-	NR	-	"0.01 unit increase"	-	LTBP3	Depression	"major depressive disorder"	-	GCST90239706	11:65547359	34924174	"Mitchell BL"
rs57344483-?	3E-9	-	NR	-	"0.0129 unit increase"	-	LINC02712,KIRREL3-AS3	Depression	"major depressive disorder"	-	GCST90239706	11:127152665	34924174	"Mitchell BL"
rs2509805-?	7E-9	-	NR	-	"0.003 unit increase"	-	OR5AZ1P,OR5BA1P	Depression	"major depressive disorder"	-	GCST90239706	11:57883324	34924174	"Mitchell BL"
rs2187490-?	3E-8	-	NR	-	"0.0021 unit decrease"	-	Y_RNA,CXCR5	Depression	"major depressive disorder"	-	GCST90239706	11:118842471	34924174	"Mitchell BL"
rs198457-?	1E-11	-	NR	-	"0.0103 unit decrease"	-	DAGLA	Depression	"major depressive disorder"	-	GCST90239706	11:61704206	34924174	"Mitchell BL"
rs1448938-?	5E-10	-	NR	-	"0.0267 unit decrease"	-	DCDC1	Depression	"major depressive disorder"	-	GCST90239706	11:30871277	34924174	"Mitchell BL"
rs904628-?	1E-10	-	NR	-	"0.0305 unit decrease"	-	SPPL3	Depression	"major depressive disorder"	-	GCST90239706	12:120904281	34924174	"Mitchell BL"
rs78337797-?	4E-8	-	NR	-	"0.0199 unit increase"	-	SOX5	Depression	"major depressive disorder"	-	GCST90239706	12:23834991	34924174	"Mitchell BL"
rs41466449-?	5E-11	-	NR	-	"0.013 unit decrease"	-	SLC6A15,RPL6P25	Depression	"major depressive disorder"	-	GCST90239706	12:84080773	34924174	"Mitchell BL"
rs2359997-?	3E-8	-	NR	-	"0.0077 unit increase"	-	TAMALIN,ACVR1B	Depression	"major depressive disorder"	-	GCST90239706	12:51998049	34924174	"Mitchell BL"
rs10774600-?	3E-9	-	NR	-	"0.0278 unit decrease"	-	ATP2A2	Depression	"major depressive disorder"	-	GCST90239706	12:110303551	34924174	"Mitchell BL"
rs9592461-?	1E-10	-	NR	-	"0.0275 unit decrease"	-	PCDH9	Depression	"major depressive disorder"	-	GCST90239706	13:66367660	34924174	"Mitchell BL"
rs9545360-?	7E-9	-	NR	-	"0.0263 unit decrease"	-	LINC01080,SPRY2	Depression	"major depressive disorder"	-	GCST90239706	13:80252238	34924174	"Mitchell BL"
rs4772087-?	1E-10	-	NR	-	"0.0044 unit decrease"	-	STK24	Depression	"major depressive disorder"	-	GCST90239706	13:98462787	34924174	"Mitchell BL"
rs1409379-?	2E-10	-	NR	-	"0.003 unit increase"	-	B3GLCT,RXFP2	Depression	"major depressive disorder"	-	GCST90239706	13:31333604	34924174	"Mitchell BL"
rs1343605-?	4E-20	-	NR	-	"0.0028 unit increase"	-	LINC01065,OLFM4	Depression	"major depressive disorder"	-	GCST90239706	13:53072913	34924174	"Mitchell BL"
rs535777-?	9E-10	-	NR	-	"0.011 unit increase"	-	HLA-DRB1,HLA-DQA1	Depression	"major depressive disorder"	-	GCST90239706	6:32609856	34924174	"Mitchell BL"
rs2876520-?	1E-11	-	NR	-	"0.0081 unit increase"	-	ADGRG6,HIVEP2	Depression	"major depressive disorder"	-	GCST90239706	6:142675481	34924174	"Mitchell BL"
rs200949-?	2E-18	-	NR	-	"0.01 unit increase"	-	H1-5,H3C11	Depression	"major depressive disorder"	-	GCST90239706	6:27867657	34924174	"Mitchell BL"
rs1933802-?	2E-11	-	NR	-	"0.003 unit decrease"	-	LIN28B-AS1	Depression	"major depressive disorder"	-	GCST90239706	6:104918016	34924174	"Mitchell BL"
rs1589738-?	7E-9	-	NR	-	"0.0202 unit increase"	-	SAMD5	Depression	"major depressive disorder"	-	GCST90239706	6:147646625	34924174	"Mitchell BL"
rs115938232-?	7E-15	-	NR	-	"0.0565 unit decrease"	-	HLA-F-AS1	Depression	"major depressive disorder"	-	GCST90239706	6:29757236	34924174	"Mitchell BL"
rs7807677-?	6E-11	-	NR	-	"0.0194 unit decrease"	-	CTTNBP2	Depression	"major depressive disorder"	-	GCST90239706	7:117862520	34924174	"Mitchell BL"
rs58104186-?	3E-12	-	NR	-	"0.002 unit decrease"	-	EIF3IP1,BUB3P1	Depression	"major depressive disorder"	-	GCST90239706	7:109459862	34924174	"Mitchell BL"
rs3996329-?	1E-10	-	NR	-	"0.0304 unit increase"	-	MAD1L1	Depression	"major depressive disorder"	-	GCST90239706	7:1979235	34924174	"Mitchell BL"
rs2247523-?	1E-9	-	NR	-	"4.0E-4 unit increase"	-	PCLO	Depression	"major depressive disorder"	-	GCST90239706	7:82825088	34924174	"Mitchell BL"
rs2043539-?	3E-16	-	NR	-	"0.0044 unit increase"	-	TMEM106B	Depression	"major depressive disorder"	-	GCST90239706	7:12214254	34924174	"Mitchell BL"
rs16887442-?	1E-9	-	NR	-	"0.0027 unit increase"	-	PCLO,SEMA3E	Depression	"major depressive disorder"	-	GCST90239706	7:83307593	34924174	"Mitchell BL"
rs10261857-?	9E-9	-	NR	-	"0.026 unit decrease"	-	LINC01392,POLR2DP2	Depression	"major depressive disorder"	-	GCST90239706	7:115319193	34924174	"Mitchell BL"
rs7837935-?	2E-9	-	NR	-	"0.0201 unit decrease"	-	CYP7B1	Depression	"major depressive disorder"	-	GCST90239706	8:64649462	34924174	"Mitchell BL"
rs6472981-?	2E-8	-	NR	-	"0.0043 unit decrease"	-	ZFHX4-AS1	Depression	"major depressive disorder"	-	GCST90239706	8:76680040	34924174	"Mitchell BL"
rs6470670-?	4E-8	-	NR	-	"0.0069 unit increase"	-	CCDC26	Depression	"major depressive disorder"	-	GCST90239706	8:128901202	34924174	"Mitchell BL"
rs4478545-?	4E-8	-	NR	-	"0.0301 unit decrease"	-	CIBAR1-DT	Depression	"major depressive disorder"	-	GCST90239706	8:93660314	34924174	"Mitchell BL"
rs1016165-?	1E-8	-	NR	-	"0.0121 unit decrease"	-	NRG1	Depression	"major depressive disorder"	-	GCST90239706	8:31967039	34924174	"Mitchell BL"
rs10089552-?	4E-8	-	NR	-	"0.0193 unit increase"	-	MSRA,LINC03022	Depression	"major depressive disorder"	-	GCST90239706	8:10430970	34924174	"Mitchell BL"
rs958538-?	3E-13	-	NR	-	"0.0283 unit increase"	-	JKAMPP1,AKAP8P1	Depression	"major depressive disorder"	-	GCST90239706	9:11522951	34924174	"Mitchell BL"
rs60703636-?	3E-13	-	NR	-	"0.0027 unit decrease"	-	ZCCHC7	Depression	"major depressive disorder"	-	GCST90239706	9:37206112	34924174	"Mitchell BL"
rs4629949-?	4E-12	-	NR	-	"0.0035 unit decrease"	-	ASTN2	Depression	"major depressive disorder"	-	GCST90239706	9:116969592	34924174	"Mitchell BL"
rs3793577-?	8E-11	-	NR	-	"0.0101 unit increase"	-	ELAVL2	Depression	"major depressive disorder"	-	GCST90239706	9:23737629	34924174	"Mitchell BL"
rs34653192-?	3E-10	-	NR	-	"0.0011 unit increase"	-	SLC25A6P2,HSPA8P17	Depression	"major depressive disorder"	-	GCST90239706	9:31124454	34924174	"Mitchell BL"
rs2670139-?	2E-10	-	NR	-	"0.0065 unit decrease"	-	DENND1A	Depression	"major depressive disorder"	-	GCST90239706	9:123871976	34924174	"Mitchell BL"
rs61990288-?	3E-14	-	NR	-	"0.007 unit decrease"	-	LRFN5-DT	Depression	"major depressive disorder"	-	GCST90239706	14:41605523	34924174	"Mitchell BL"
rs2274794-?	5E-8	-	NR	-	"4.0E-4 unit increase"	-	OTX2-AS1	Depression	"major depressive disorder"	-	GCST90239706	14:56817216	34924174	"Mitchell BL"
rs1956373-?	2E-9	-	NR	-	"2.0E-4 unit decrease"	-	RTN1	Depression	"major depressive disorder"	-	GCST90239706	14:59675104	34924174	"Mitchell BL"
rs1152578-?	4E-10	-	NR	-	"0.0051 unit increase"	-	ESR2	Depression	"major depressive disorder"	-	GCST90239706	14:64230319	34924174	"Mitchell BL"
rs1045430-?	5E-14	-	NR	-	"0.002 unit increase"	-	AREL1	Depression	"major depressive disorder"	-	GCST90239706	14:74663532	34924174	"Mitchell BL"
rs10149470-?	2E-16	-	NR	-	"4.0E-4 unit increase"	-	RNU7-160P,BAG5	Depression	"major depressive disorder"	-	GCST90239706	14:103551616	34924174	"Mitchell BL"
rs8037355-?	3E-11	-	NR	-	"0.0253 unit decrease"	-	Metazoa_SRP,TMCO5A	Depression	"major depressive disorder"	-	GCST90239706	15:37351630	34924174	"Mitchell BL"
rs34488670-?	9E-10	-	NR	-	"3.0E-4 unit decrease"	-	SEMA6D	Depression	"major depressive disorder"	-	GCST90239706	15:47392739	34924174	"Mitchell BL"
rs28541419-?	3E-8	-	NR	-	"0.001 unit increase"	-	MRPL46,NTRK3-AS1	Depression	"major depressive disorder"	-	GCST90239706	15:88402647	34924174	"Mitchell BL"
rs9925434-?	9E-12	-	NR	-	"0.0112 unit decrease"	-	RBFOX1	Depression	"major depressive disorder"	-	GCST90239706	16:7616405	34924174	"Mitchell BL"
rs7200826-?	2E-13	-	NR	-	"0.0024 unit decrease"	-	SHISA9	Depression	"major depressive disorder"	-	GCST90239706	16:12972976	34924174	"Mitchell BL"
rs7193263-?	3E-12	-	NR	-	"0.0028 unit increase"	-	RBFOX1	Depression	"major depressive disorder"	-	GCST90239706	16:6265879	34924174	"Mitchell BL"
rs56887639-?	1E-13	-	NR	-	"0.0068 unit increase"	-	ERCC4,TMF1P1	Depression	"major depressive disorder"	-	GCST90239706	16:13661673	34924174	"Mitchell BL"
rs12923444-?	1E-10	-	NR	-	"0.022 unit decrease"	-	METTL9	Depression	"major depressive disorder"	-	GCST90239706	16:21628389	34924174	"Mitchell BL"
rs11643192-?	7E-9	-	NR	-	"0.0197 unit increase"	-	LINC01572,PMFBP1	Depression	"major depressive disorder"	-	GCST90239706	16:72180377	34924174	"Mitchell BL"
rs75581564-?	5E-9	-	NR	-	"0.0205 unit decrease"	-	PIPOX	Depression	"major depressive disorder"	-	GCST90239706	17:29036732	34924174	"Mitchell BL"
rs7241572-?	1E-10	-	NR	-	"0.0094 unit increase"	-	KCNG2	Depression	"major depressive disorder"	-	GCST90239706	18:79820712	34924174	"Mitchell BL"
rs7227069-?	3E-12	-	NR	-	"0.0097 unit increase"	-	DCC	Depression	"major depressive disorder"	-	GCST90239706	18:53205432	34924174	"Mitchell BL"
rs4128242-?	3E-11	-	NR	-	"0.0042 unit decrease"	-	CCDC68,LINC01929	Depression	"major depressive disorder"	-	GCST90239706	18:55080458	34924174	"Mitchell BL"
rs12967855-?	2E-13	-	NR	-	"0.0268 unit increase"	-	CELF4	Depression	"major depressive disorder"	-	GCST90239706	18:37558282	34924174	"Mitchell BL"
rs12967143-?	1E-18	-	NR	-	"0.0328 unit decrease"	-	TCF4	Depression	"major depressive disorder"	-	GCST90239706	18:55431781	34924174	"Mitchell BL"
rs33430-?	2E-8	-	NR	-	"0.0103 unit decrease"	-	ZNF536	Depression	"major depressive disorder"	-	GCST90239706	19:30448536	34924174	"Mitchell BL"
rs74974231-?	9E-10	-	NR	-	"0.0093 unit increase"	-	LPIN3	Depression	"major depressive disorder"	-	GCST90239706	20:41358972	34924174	"Mitchell BL"
rs12624433-?	2E-9	-	NR	-	"0.0232 unit increase"	-	SLC12A5	Depression	"major depressive disorder"	-	GCST90239706	20:46052214	34924174	"Mitchell BL"
rs7511013-?	2E-8	-	NR	-	"0.0052 unit decrease"	-	MIRLET7BHG,PRR34	Depression	"major depressive disorder"	-	GCST90239706	22:46051252	34924174	"Mitchell BL"
rs5758265-?	4E-13	-	NR	-	"0.0095 unit increase"	-	L3MBTL2-AS1,L3MBTL2	Depression	"major depressive disorder"	-	GCST90239706	22:41221893	34924174	"Mitchell BL"
rs72724890-?	2E-11	-	NR	-	"0.0025 unit decrease"	-	LINC01645	Depression	"major depressive disorder"	-	GCST90239706	1:177436110	34924174	"Mitchell BL"
rs7624336-?	2E-8	-	NR	-	"0.0231 unit decrease"	-	TKT,PRKCD	Depression	"major depressive disorder"	-	GCST90239706	3:53210135	34924174	"Mitchell BL"
rs2568960-?	1E-27	-	NR	-	"0.0013 unit decrease"	-	LINC02796	Depression	"major depressive disorder"	-	GCST90239706	1:72346566	34924174	"Mitchell BL"
rs13058822-?	8E-10	-	NR	-	"0.0229 unit increase"	-	ZKSCAN7-AS1,SOCS5P3	Depression	"major depressive disorder"	-	GCST90239706	3:44690238	34924174	"Mitchell BL"
rs1890946-?	1E-11	-	NR	-	"7.0E-4 unit decrease"	-	NRDC	Depression	"major depressive disorder"	-	GCST90239706	1:51876755	34924174	"Mitchell BL"
rs45510091-?	3E-8	-	NR	-	"0.0043 unit decrease"	-	BLTP1	Depression	"major depressive disorder"	-	GCST90239706	4:122265238	34924174	"Mitchell BL"
rs3905238-?	8E-9	-	NR	-	"5.0E-4 unit decrease"	-	HTT	Depression	"major depressive disorder"	-	GCST90239706	4:3077210	34924174	"Mitchell BL"
rs35553410-?	1E-9	-	NR	-	"0.0237 unit decrease"	-	LINC02479,LINC02465	Depression	"major depressive disorder"	-	GCST90239706	4:130316226	34924174	"Mitchell BL"
rs34937911-?	1E-9	-	NR	-	"0.001 unit increase"	-	BEND4,SLC30A9	Depression	"major depressive disorder"	-	GCST90239706	4:42108336	34924174	"Mitchell BL"
rs2867610-?	1E-8	-	NR	-	"0.0076 unit decrease"	-	LINC01088,NAA11	Depression	"major depressive disorder"	-	GCST90239706	4:79289013	34924174	"Mitchell BL"
rs17611770-?	2E-8	-	NR	-	"0.0214 unit decrease"	-	GPM6A	Depression	"major depressive disorder"	-	GCST90239706	4:175929894	34924174	"Mitchell BL"
rs3906401-?	4E-9	-	NR	-	"1.0E-4 unit increase"	-	RN7SKP157,KIF2A	Depression	"major depressive disorder"	-	GCST90239706	5:62184948	34924174	"Mitchell BL"
rs3756335-?	1E-8	-	NR	-	"0.0049 unit increase"	-	"PCDHA1,PCDHA6,PCDHA3,PCDHA4,PCDHA5,PCDHA2"	Depression	"major depressive disorder"	-	GCST90239706	5:140833925	34924174	"Mitchell BL"
rs3099439-?	2E-16	-	NR	-	"0.0029 unit decrease"	-	TMEM161B	Depression	"major depressive disorder"	-	GCST90239706	5:88249501	34924174	"Mitchell BL"
rs30266-?	2E-17	-	NR	-	"0.001 unit increase"	-	RNU6-334P,NIHCOLE	Depression	"major depressive disorder"	-	GCST90239706	5:104636656	34924174	"Mitchell BL"
rs2408225-?	1E-8	-	NR	-	"0.0012 unit decrease"	-	LINC02240	Depression	"major depressive disorder"	-	GCST90239706	5:124926358	34924174	"Mitchell BL"
rs1366461-?	3E-8	-	NR	-	"0.0151 unit decrease"	-	CDH9	Depression	"major depressive disorder"	-	GCST90239706	5:26977404	34924174	"Mitchell BL"
rs13163336-?	6E-13	-	NR	-	"0.0032 unit decrease"	-	MIR9-2HG	Depression	"major depressive disorder"	-	GCST90239706	5:88647892	34924174	"Mitchell BL"
rs12188010-?	3E-9	-	NR	-	"8.0E-4 unit increase"	-	TENM2	Depression	"major depressive disorder"	-	GCST90239706	5:167569461	34924174	"Mitchell BL"
rs11135349-?	6E-17	-	NR	-	"0.0077 unit increase"	-	LINC03000	Depression	"major depressive disorder"	-	GCST90239706	5:165096466	34924174	"Mitchell BL"
rs10061069-?	2E-10	-	NR	-	"0.028 unit decrease"	-	ARB2A,POU5F2	Depression	"major depressive disorder"	-	GCST90239706	5:93735924	34924174	"Mitchell BL"
rs9479138-?	9E-9	-	NR	-	"0.0187 unit decrease"	-	ESR1	Depression	"major depressive disorder"	-	GCST90239706	6:151894064	34924174	"Mitchell BL"
rs9364756-?	5E-9	-	NR	-	"0.0211 unit increase"	-	C6orf118,RN7SL366P	Depression	"major depressive disorder"	-	GCST90239706	6:164697191	34924174	"Mitchell BL"
rs9360160-?	1E-10	-	NR	-	"0.0207 unit decrease"	-	NUFIP1P1,ADH5P4	Depression	"major depressive disorder"	-	GCST90239706	6:65852288	34924174	"Mitchell BL"
rs9825208-?	3E-8	-	NR	-	"0.0235 unit increase"	-	TRMT10C,ARB2BP	Depression	"major depressive disorder"	-	GCST90239706	3:101555963	34924174	"Mitchell BL"
rs843812-?	4E-11	-	NR	-	"0.0208 unit decrease"	-	FHIT,PTPRG	Depression	"major depressive disorder"	-	GCST90239706	3:61269739	34924174	"Mitchell BL"
rs827095-?	1E-14	-	NR	-	"0.0243 unit increase"	-	RSRC1	Depression	"major depressive disorder"	-	GCST90239706	3:158266421	34924174	"Mitchell BL"
rs301799-?	4E-14	-	NR	-	"0.0021 unit decrease"	-	RERE,RERE-AS1	Depression	"major depressive disorder"	-	GCST90239706	1:8429242	34924174	"Mitchell BL"
rs6783233-?	1E-8	-	NR	-	"0.0079 unit decrease"	-	LSAMP,LINC03051	Depression	"major depressive disorder"	-	GCST90239706	3:117791137	34924174	"Mitchell BL"
rs2089358-?	4E-12	-	NR	-	"0.0077 unit increase"	-	GRIK3,FTLP18	Depression	"major depressive disorder"	-	GCST90239706	1:36728502	34924174	"Mitchell BL"
rs6553965-?	6E-9	-	NR	-	"0.0068 unit increase"	-	HAFML,SPCS3	Depression	"major depressive disorder"	-	GCST90239706	4:176461964	34924174	"Mitchell BL"
rs17641524-?	2E-13	-	NR	-	"0.0069 unit increase"	-	DENND1B	Depression	"major depressive disorder"	-	GCST90239706	1:197735587	34924174	"Mitchell BL"
rs169235-?	2E-8	-	NR	-	"0.0209 unit increase"	-	CACNA1E	Depression	"major depressive disorder"	-	GCST90239706	1:181771788	34924174	"Mitchell BL"
rs1466887-?	4E-8	-	NR	-	"0.0057 unit decrease"	-	RNA5SP43,RNU6-636P	Depression	"major depressive disorder"	-	GCST90239706	1:37243727	34924174	"Mitchell BL"
rs12136984-?	7E-17	-	NR	-	"0.0287 unit decrease"	-	LINC01360,RN7SKP19	Depression	"major depressive disorder"	-	GCST90239706	1:73260315	34924174	"Mitchell BL"
rs11579246-?	3E-11	-	NR	-	"0.0389 unit increase"	-	ELAVL4	Depression	"major depressive disorder"	-	GCST90239706	1:50093490	34924174	"Mitchell BL"
rs113188507-?	1E-8	-	NR	-	"0.0148 unit decrease"	-	HMGB1P18,HNRNPA1P64	Depression	"major depressive disorder"	-	GCST90239706	1:80343951	34924174	"Mitchell BL"
rs10913112-?	4E-13	-	NR	-	"0.0252 unit decrease"	-	COP1,RPS29P5	Depression	"major depressive disorder"	-	GCST90239706	1:175944692	34924174	"Mitchell BL"
rs788022-?	1E-8	-	NR	-	"0.031 unit decrease"	-	SF3B1	Depression	"major depressive disorder"	-	GCST90239706	2:197415862	34924174	"Mitchell BL"
rs7586028-?	9E-9	-	NR	-	"0.0259 unit decrease"	-	RNF103-CHMP3,CHMP3-AS1	Depression	"major depressive disorder"	-	GCST90239706	2:86592286	34924174	"Mitchell BL"
rs72931605-?	5E-8	-	NR	-	"0.0036 unit decrease"	-	ERBB4	Depression	"major depressive disorder"	-	GCST90239706	2:211829050	34924174	"Mitchell BL"
rs62188629-?	6E-11	-	NR	-	"0.0067 unit increase"	-	MYOSLID	Depression	"major depressive disorder"	-	GCST90239706	2:207179746	34924174	"Mitchell BL"
rs4971586-?	3E-8	-	NR	-	"0.0021 unit increase"	-	NRXN1-DT	Depression	"major depressive disorder"	-	GCST90239706	2:52088447	34924174	"Mitchell BL"
rs4852252-?	3E-8	-	NR	-	"0.0034 unit increase"	-	ZNF638	Depression	"major depressive disorder"	-	GCST90239706	2:71312171	34924174	"Mitchell BL"
rs2582954-?	2E-8	-	NR	-	"0.0076 unit increase"	-	LINC01965,CAPZBP1	Depression	"major depressive disorder"	-	GCST90239706	2:103835877	34924174	"Mitchell BL"
rs1568452-?	2E-13	-	NR	-	"0.0258 unit increase"	-	ACTG1P22,VRK2	Depression	"major depressive disorder"	-	GCST90239706	2:57785698	34924174	"Mitchell BL"
rs1463980-?	2E-11	-	NR	-	"0.0524 unit increase"	-	LINC01830	Depression	"major depressive disorder"	-	GCST90239706	2:22344131	34924174	"Mitchell BL"
rs1226412-?	5E-10	-	NR	-	"0.0159 unit increase"	-	LINC01876	Depression	"major depressive disorder"	-	GCST90239706	2:156254801	34924174	"Mitchell BL"
rs9831648-?	4E-9	-	NR	-	"0.022 unit decrease"	-	KLHDC8B,CIMIP7	Depression	"major depressive disorder"	-	GCST90239706	3:49176870	34924174	"Mitchell BL"
rs7758630-?	3E-10	-	NR	-	"0.0328 unit increase"	-	ASCC3,GRIK2	Depression	"major depressive disorder"	-	GCST90239706	6:100939428	34924174	"Mitchell BL"
rs7700661-?	2E-8	-	NR	-	-	-	PPIC-AS1,RN7SL711P	"Major depressive disorder"	"major depressive disorder"	-	GCST90239707	5:123069827	36324662	"Suppli NP"
rs2232429-?	6E-19	-	NR	-	-	-	ZSCAN12	"Major depressive disorder (MTAG)"	"major depressive disorder"	-	GCST90256605	6:28391855	36672180	"Tirozzi A"
rs200965-?	4E-15	-	NR	-	-	-	RNU7-26P,OR2B2	"Major depressive disorder (MTAG)"	"major depressive disorder"	-	GCST90256605	6:27898606	36672180	"Tirozzi A"
rs7141014-T	3E-9	-	0.80325	-	"0.0208049 unit decrease"	[0.014-0.028]	LINC02295,RN7SL714P	Depression	"major depressive disorder"	-	GCST90319327	14:98201591	37464041	"Als TD"
rs9671376-C	4E-10	-	0.763475	-	"0.0207028 unit decrease"	[0.014-0.027]	TRAF3	Depression	"major depressive disorder"	-	GCST90319327	14:102903826	37464041	"Als TD"
rs10149470-A	2E-16	-	0.484725	-	"0.023801 unit decrease"	[0.018-0.029]	RNU7-160P,BAG5	Depression	"major depressive disorder"	-	GCST90319327	14:103551616	37464041	"Als TD"
rs12898464-C	4E-8	-	0.118	-	"0.0251998 unit increase"	[0.016-0.034]	ENTREP2	Depression	"major depressive disorder"	-	GCST90319327	15:29561183	37464041	"Als TD"
rs11073153-G	7E-8	-	0.4032	-	"0.0156011 unit decrease"	[0.0099-0.0213]	LINC02853	Depression	"major depressive disorder"	-	GCST90319327	15:36133247	37464041	"Als TD"
rs8037355-C	8E-11	-	0.462425	-	"0.0182033 unit increase"	[0.013-0.024]	Metazoa_SRP,TMCO5A	Depression	"major depressive disorder"	-	GCST90319327	15:37351630	37464041	"Als TD"
rs56059718-C	1E-9	-	0.806	-	"0.0213973 unit decrease"	[0.015-0.028]	RASGRP1	Depression	"major depressive disorder"	-	GCST90319327	15:38544576	37464041	"Als TD"
rs34488670-T	1E-11	-	0.784725	-	"0.0231049 unit decrease"	[0.016-0.03]	SEMA6D	Depression	"major depressive disorder"	-	GCST90319327	15:47392739	37464041	"Als TD"
rs8040348-C	1E-7	-	0.614875	-	"0.0147999 unit increase"	[0.0093-0.0203]	SEMA6D	Depression	"major depressive disorder"	-	GCST90319327	15:47707122	37464041	"Als TD"
rs79714693-C	6E-11	-	0.79375	-	"0.0229002 unit decrease"	[0.016-0.03]	HERC1	Depression	"major depressive disorder"	-	GCST90319327	15:63701264	37464041	"Als TD"
rs4776729-A	5E-10	-	0.869075	-	"0.0260976 unit decrease"	[0.018-0.034]	MEGF11	Depression	"major depressive disorder"	-	GCST90319327	15:66106859	37464041	"Als TD"
rs2060337-T	2E-9	-	0.47175	-	"0.017496 unit increase"	[0.012-0.023]	LINC02205,RNU6-745P	Depression	"major depressive disorder"	-	GCST90319327	15:70323068	37464041	"Als TD"
rs8030745-T	6E-12	-	0.87865	-	"0.0295976 unit increase"	[0.021-0.038]	INSYN1-AS1,TBC1D21	Depression	"major depressive disorder"	-	GCST90319327	15:73840750	37464041	"Als TD"
rs12900865-G	4E-10	-	0.42545	-	"0.0175023 unit decrease"	[0.012-0.023]	LINGO1	Depression	"major depressive disorder"	-	GCST90319327	15:77783568	37464041	"Als TD"
rs11855600-C	3E-8	-	0.827517	-	"0.0204985 unit increase"	[0.013-0.028]	NTRK3-AS1,MRPL46	Depression	"major depressive disorder"	-	GCST90319327	15:88420028	37464041	"Als TD"
rs4702-G	2E-12	-	0.452175	-	"0.0197046 unit increase"	[0.014-0.025]	FURIN	Depression	"major depressive disorder"	-	GCST90319327	15:90883330	37464041	"Als TD"
rs7193263-G	6E-11	-	0.3399	-	"0.0195967 unit increase"	[0.014-0.025]	RBFOX1	Depression	"major depressive disorder"	-	GCST90319327	16:6265879	37464041	"Als TD"
rs11077206-G	4E-8	-	0.373475	-	"0.0158957 unit decrease"	[0.01-0.022]	RBFOX1	Depression	"major depressive disorder"	-	GCST90319327	16:7617330	37464041	"Als TD"
rs7200826-C	3E-13	-	0.72975	-	"0.0234017 unit decrease"	[0.017-0.03]	SHISA9	Depression	"major depressive disorder"	-	GCST90319327	16:12972976	37464041	"Als TD"
rs7184632-C	8E-14	-	0.283648	-	"0.0269048 unit increase"	[0.02-0.034]	TMF1P1,ERCC4	Depression	"major depressive disorder"	-	GCST90319327	16:13657140	37464041	"Als TD"
rs2369818-C	3E-13	-	0.573975	-	"0.0211011 unit decrease"	[0.015-0.027]	METTL9	Depression	"major depressive disorder"	-	GCST90319327	16:21602688	37464041	"Als TD"
rs4785307-A	7E-10	-	0.42645	-	"0.0178989 unit increase"	[0.012-0.024]	LINC02179,C16orf78	Depression	"major depressive disorder"	-	GCST90319327	16:49460118	37464041	"Als TD"
rs4784296-G	3E-8	-	0.5321	-	"0.0154993 unit increase"	[0.01-0.021]	HNRNPA1L3,UNGP1	Depression	"major depressive disorder"	-	GCST90319327	16:51445438	37464041	"Als TD"
rs11643192-C	9E-9	-	0.593925	-	"0.0166986 unit decrease"	[0.011-0.022]	LINC01572,PMFBP1	Depression	"major depressive disorder"	-	GCST90319327	16:72180377	37464041	"Als TD"
rs11644513-C	1E-8	-	0.66155	-	"0.0170046 unit increase"	[0.011-0.023]	CDH13	Depression	"major depressive disorder"	-	GCST90319327	16:82835247	37464041	"Als TD"
rs10491990-G	3E-8	-	0.838475	-	"0.0222017 unit increase"	[0.014-0.03]	ETV6	Depression	"major depressive disorder"	-	GCST90319327	12:11786594	37464041	"Als TD"
rs7968921-T	4E-10	-	0.405375	-	"0.0175023 unit decrease"	[0.012-0.023]	SOX5	Depression	"major depressive disorder"	-	GCST90319327	12:23807243	37464041	"Als TD"
rs16926971-T	2E-9	-	0.792	-	"0.0209001 unit increase"	[0.014-0.028]	SOX5	Depression	"major depressive disorder"	-	GCST90319327	12:24016863	37464041	"Als TD"
rs11612312-T	1E-9	-	0.7979	-	"0.0212951 unit decrease"	[0.014-0.028]	ACVR1B	Depression	"major depressive disorder"	-	GCST90319327	12:51955304	37464041	"Als TD"
rs73123350-G	3E-8	-	0.579075	-	"0.0156011 unit decrease"	[0.01-0.021]	B4GALNT1,RPL13AP23	Depression	"major depressive disorder"	-	GCST90319327	12:57656467	37464041	"Als TD"
rs56051015-C	2E-10	-	0.811075	-	"0.0222047 unit decrease"	[0.015-0.029]	SLC6A15,RPL6P25	Depression	"major depressive disorder"	-	GCST90319327	12:84104158	37464041	"Als TD"
rs2292996-T	2E-8	-	0.483149	-	"0.0158042 unit decrease"	[0.01-0.021]	C12orf42-AS1	Depression	"major depressive disorder"	-	GCST90319327	12:103163194	37464041	"Als TD"
rs521048-A	2E-8	-	0.26535	-	"0.0183982 unit decrease"	[0.012-0.025]	SUDS3	Depression	"major depressive disorder"	-	GCST90319327	12:118393153	37464041	"Als TD"
rs3213572-G	8E-14	-	0.529625	-	"0.0208968 unit decrease"	[0.015-0.026]	SPPL3	Depression	"major depressive disorder"	-	GCST90319327	12:120767275	37464041	"Als TD"
rs7334101-G	9E-10	-	0.216691	-	"0.0208049 unit decrease"	[0.014-0.027]	B3GLCT	Depression	"major depressive disorder"	-	GCST90319327	13:31326108	37464041	"Als TD"
rs9536383-C	1E-14	-	0.6858	-	"0.0239956 unit decrease"	[0.018-0.03]	RN7SL618P,ZNF646P1	Depression	"major depressive disorder"	-	GCST90319327	13:53291428	37464041	"Als TD"
rs7988498-C	2E-11	-	0.50335	-	"0.0188021 unit increase"	[0.013-0.024]	PCDH9	Depression	"major depressive disorder"	-	GCST90319327	13:66372345	37464041	"Als TD"
rs7982263-T	6E-8	-	0.40375	-	"0.015205 unit decrease"	[0.0097-0.0207]	NDFIP2	Depression	"major depressive disorder"	-	GCST90319327	13:79486939	37464041	"Als TD"
rs508502-C	5E-10	-	0.696925	-	"0.0193025 unit increase"	[0.013-0.025]	SPRY2,RNU6-61P	Depression	"major depressive disorder"	-	GCST90319327	13:80347384	37464041	"Als TD"
rs73532287-G	3E-8	-	0.800375	-	"0.0194989 unit decrease"	[0.013-0.026]	LINC00333,LINC00375	Depression	"major depressive disorder"	-	GCST90319327	13:84660390	37464041	"Als TD"
rs9561328-G	4E-9	-	0.872625	-	"0.0242005 unit decrease"	[0.016-0.032]	GPC6	Depression	"major depressive disorder"	-	GCST90319327	13:93357059	37464041	"Als TD"
rs7317645-T	1E-9	-	0.161725	-	"0.0235962 unit decrease"	[0.016-0.031]	HS6ST3	Depression	"major depressive disorder"	-	GCST90319327	13:96478420	37464041	"Als TD"
rs4772087-C	5E-12	-	0.620375	-	"0.0199986 unit decrease"	[0.014-0.026]	STK24	Depression	"major depressive disorder"	-	GCST90319327	13:98462787	37464041	"Als TD"
rs11157241-T	2E-16	-	0.50645	-	"0.0230034 unit increase"	[0.018-0.028]	LRFN5-DT	Depression	"major depressive disorder"	-	GCST90319327	14:41582568	37464041	"Als TD"
rs2274794-C	8E-12	-	0.6661	-	"0.0204985 unit increase"	[0.015-0.026]	OTX2-AS1	Depression	"major depressive disorder"	-	GCST90319327	14:56817216	37464041	"Als TD"
rs10148598-C	2E-9	-	0.240757	-	"0.0193025 unit increase"	[0.013-0.026]	RTN1	Depression	"major depressive disorder"	-	GCST90319327	14:59680941	37464041	"Als TD"
rs10142766-A	1E-11	-	0.4449	-	"0.0189994 unit decrease"	[0.014-0.024]	ESR2	Depression	"major depressive disorder"	-	GCST90319327	14:64313736	37464041	"Als TD"
rs11621186-C	2E-15	-	0.500175	-	"0.0222047 unit decrease"	[0.017-0.028]	AREL1	Depression	"major depressive disorder"	-	GCST90319327	14:74653925	37464041	"Als TD"
rs3008497-G	7E-8	-	0.681625	-	"0.0161981 unit increase"	[0.01-0.022]	RNU6-976P,MTCYBP27	Depression	"major depressive disorder"	-	GCST90319327	14:84571831	37464041	"Als TD"
rs1286060-G	5E-8	-	0.24955	-	"0.0175023 unit decrease"	[0.011-0.024]	RPS6KA5	Depression	"major depressive disorder"	-	GCST90319327	14:90991812	37464041	"Als TD"
rs13020607-T	2E-8	-	0.8429	-	"0.0214973 unit increase"	[0.014-0.029]	SLC6A14P3,YWHAZP2	Depression	"major depressive disorder"	-	GCST90319327	2:126405938	37464041	"Als TD"
rs12477455-C	3E-6	-	0.546675	-	"0.0135971 unit increase"	[0.0079-0.0193]	ARHGAP15	Depression	"major depressive disorder"	-	GCST90319327	2:143321491	37464041	"Als TD"
rs1320138-T	3E-9	-	0.433075	-	"0.0166014 unit increase"	[0.011-0.022]	ARHGAP15	Depression	"major depressive disorder"	-	GCST90319327	2:143400718	37464041	"Als TD"
rs835302-G	1E-12	-	0.2148	-	"0.024098 unit decrease"	[0.017-0.031]	LINC01876	Depression	"major depressive disorder"	-	GCST90319327	2:156266881	37464041	"Als TD"
rs10205665-G	3E-7	-	0.669375	-	"0.0153979 unit decrease"	[0.0095-0.0213]	RBMS1,RN7SL423P	Depression	"major depressive disorder"	-	GCST90319327	2:160623492	37464041	"Als TD"
rs1267079-T	3E-12	-	0.69455	-	"0.020998 unit increase"	[0.015-0.027]	TANK	Depression	"major depressive disorder"	-	GCST90319327	2:161177343	37464041	"Als TD"
rs908670-T	3E-8	-	0.72915	-	"0.017197 unit decrease"	[0.011-0.023]	SLC25A12	Depression	"major depressive disorder"	-	GCST90319327	2:171833670	37464041	"Als TD"
rs4972656-C	2E-13	-	0.42475	-	"0.0204987 unit decrease"	[0.015-0.026]	CIR1	Depression	"major depressive disorder"	-	GCST90319327	2:174375564	37464041	"Als TD"
rs6713469-A	4E-8	-	0.832	-	"0.0208021 unit increase"	[0.013-0.028]	LINC01790,RNU6-169P	Depression	"major depressive disorder"	-	GCST90319327	2:195017875	37464041	"Als TD"
rs6715105-T	9E-10	-	0.336875	-	"0.0183997 unit increase"	[0.013-0.024]	RFTN2	Depression	"major depressive disorder"	-	GCST90319327	2:197580877	37464041	"Als TD"
rs55772859-C	5E-13	-	0.676825	-	"0.0217038 unit decrease"	[0.016-0.028]	MYOSLID	Depression	"major depressive disorder"	-	GCST90319327	2:207177857	37464041	"Als TD"
rs7576085-C	3E-8	-	0.451375	-	"0.0154995 unit decrease"	[0.01-0.021]	MAP2,MEAF6P1	Depression	"major depressive disorder"	-	GCST90319327	2:209322764	37464041	"Als TD"
rs1801251-G	8E-10	-	0.66905	-	"0.0177974 unit decrease"	[0.012-0.023]	GIGYF2,KCNJ13	Depression	"major depressive disorder"	-	GCST90319327	2:232768750	37464041	"Als TD"
rs4663414-T	2E-8	-	0.3782	-	"0.0161981 unit increase"	[0.011-0.022]	LINC01891,RPS20P12	Depression	"major depressive disorder"	-	GCST90319327	2:234443544	37464041	"Als TD"
rs1555133-G	1E-8	-	0.655675	-	"0.017197 unit decrease"	[0.011-0.023]	NOL4L	Depression	"major depressive disorder"	-	GCST90319327	20:32460579	37464041	"Als TD"
rs6131010-A	2E-13	-	0.268175	-	"0.0235017 unit increase"	[0.017-0.03]	NCOA5,RPL13P2	Depression	"major depressive disorder"	-	GCST90319327	20:46095666	37464041	"Als TD"
rs910187-G	6E-11	-	0.638275	-	"0.0195967 unit increase"	[0.014-0.025]	ZMYND8	Depression	"major depressive disorder"	-	GCST90319327	20:47212407	37464041	"Als TD"
rs2273653-A	2E-10	-	0.587025	-	"0.0178006 unit increase"	[0.012-0.023]	STAU1	Depression	"major depressive disorder"	-	GCST90319327	20:49154219	37464041	"Als TD"
rs520838-C	3E-8	-	0.756475	-	"0.0182964 unit decrease"	[0.012-0.025]	MIR646HG	Depression	"major depressive disorder"	-	GCST90319327	20:60427897	37464041	"Als TD"
rs9974713-?	4E-8	-	0.23325	-	"0.019295 unit decrease"	[0.012-0.026]	DYRK1A	Depression	"major depressive disorder"	-	GCST90319327	21:37445397	37464041	"Als TD"
rs2838788-?	2E-8	-	0.612	-	"0.0162965 unit increase"	[0.011-0.022]	ADARB1	Depression	"major depressive disorder"	-	GCST90319327	21:45122459	37464041	"Als TD"
rs2273085-C	2E-16	-	0.7101	-	"0.0247026 unit decrease"	[0.019-0.031]	L3MBTL2-AS1,L3MBTL2	Depression	"major depressive disorder"	-	GCST90319327	22:41219372	37464041	"Als TD"
rs9627391-C	8E-9	-	0.682525	-	"0.0172995 unit increase"	[0.011-0.023]	MIRLET7BHG,PRR34	Depression	"major depressive disorder"	-	GCST90319327	22:46051217	37464041	"Als TD"
rs6443178-C	4E-8	-	0.461575	-	"0.0159029 unit increase"	[0.01-0.022]	LMCD1-AS1	Depression	"major depressive disorder"	-	GCST90319327	3:8236528	37464041	"Als TD"
rs6800583-G	1E-8	-	0.631725	-	"0.0164953 unit decrease"	[0.011-0.022]	PLCL2	Depression	"major depressive disorder"	-	GCST90319327	3:16810253	37464041	"Als TD"
rs2585399-G	1E-8	-	0.39465	-	"0.0170953 unit decrease"	[0.011-0.023]	PER1	Depression	"major depressive disorder"	-	GCST90319327	17:8151441	37464041	"Als TD"
rs75581564-G	1E-8	-	0.88255	-	"0.025205 unit decrease"	[0.017-0.034]	PIPOX	Depression	"major depressive disorder"	-	GCST90319327	17:29036732	37464041	"Als TD"
rs412891-G	2E-10	-	0.263725	-	"0.0203966 unit decrease"	[0.014-0.027]	ASIC2	Depression	"major depressive disorder"	-	GCST90319327	17:33218565	37464041	"Als TD"
rs60856912-G	2E-11	-	0.8192	-	"0.025605 unit decrease"	[0.018-0.033]	BPTF	Depression	"major depressive disorder"	-	GCST90319327	17:67896227	37464041	"Als TD"
rs10460051-C	2E-12	-	0.490825	-	"0.0198048 unit decrease"	[0.014-0.025]	ASXL3,NOL4	Depression	"major depressive disorder"	-	GCST90319327	18:33833715	37464041	"Als TD"
rs12967855-A	2E-18	-	0.3213	-	"0.0263011 unit increase"	[0.02-0.032]	CELF4	Depression	"major depressive disorder"	-	GCST90319327	18:37558282	37464041	"Als TD"
rs73428490-C	5E-9	-	0.912897	-	"0.0285972 unit increase"	[0.019-0.038]	RNU6-706P,MIR924HG	Depression	"major depressive disorder"	-	GCST90319327	18:39034315	37464041	"Als TD"
rs4267411-C	2E-10	-	0.821345	-	"0.0227981 unit increase"	[0.016-0.03]	NPM1P1,KC6	Depression	"major depressive disorder"	-	GCST90319327	18:41725292	37464041	"Als TD"
rs7230285-G	4E-20	-	0.4987	-	"0.0256974 unit decrease"	[0.02-0.031]	DCC	Depression	"major depressive disorder"	-	GCST90319327	18:53196710	37464041	"Als TD"
rs1819881-C	6E-13	-	0.208586	-	"0.0259026 unit decrease"	[0.019-0.033]	RAB27B	Depression	"major depressive disorder"	-	GCST90319327	18:54804342	37464041	"Als TD"
rs4131791-C	1E-16	-	0.586925	-	"0.0231988 unit increase"	[0.018-0.029]	CCDC68,LINC01929	Depression	"major depressive disorder"	-	GCST90319327	18:55080640	37464041	"Als TD"
rs12967143-G	6E-21	-	0.294475	-	"0.0291024 unit increase"	[0.023-0.035]	TCF4	Depression	"major depressive disorder"	-	GCST90319327	18:55431781	37464041	"Als TD"
rs7241572-G	1E-11	-	0.797275	-	"0.0263953 unit decrease"	[0.019-0.034]	KCNG2	Depression	"major depressive disorder"	-	GCST90319327	18:79820712	37464041	"Als TD"
rs12619197-G	3E-13	-	0.53955	-	"0.0203966 unit decrease"	[0.015-0.026]	LINC01830	Depression	"major depressive disorder"	-	GCST90319327	2:22343676	37464041	"Als TD"
rs4666020-G	7E-8	-	0.79885	-	"0.0189003 unit increase"	[0.012-0.026]	MRPL33,RBKS	Depression	"major depressive disorder"	-	GCST90319327	2:27823161	37464041	"Als TD"
rs13031157-T	2E-9	-	0.570725	-	"0.0168964 unit increase"	[0.011-0.022]	NRXN1	Depression	"major depressive disorder"	-	GCST90319327	2:50989672	37464041	"Als TD"
rs7599039-T	6E-9	-	0.790425	-	"0.0198026 unit increase"	[0.013-0.026]	NRXN1-DT	Depression	"major depressive disorder"	-	GCST90319327	2:51351217	37464041	"Als TD"
rs4971586-T	6E-11	-	0.522975	-	"0.0183015 unit increase"	[0.013-0.024]	NRXN1-DT	Depression	"major depressive disorder"	-	GCST90319327	2:52088447	37464041	"Als TD"
rs11682175-T	3E-14	-	0.5397	-	"0.0212951 unit decrease"	[0.016-0.027]	ACTG1P22,EIF2S2P7	Depression	"major depressive disorder"	-	GCST90319327	2:57760458	37464041	"Als TD"
rs34829058-T	9E-9	-	0.7539	-	"0.0183982 unit decrease"	[0.012-0.025]	RNA5SP94,MIR4432HG	Depression	"major depressive disorder"	-	GCST90319327	2:59954930	37464041	"Als TD"
rs4671458-C	2E-8	-	0.783675	-	"0.0198026 unit increase"	[0.013-0.027]	WDPCP	Depression	"major depressive disorder"	-	GCST90319327	2:63146928	37464041	"Als TD"
rs10173072-C	1E-8	-	0.5662	-	"0.0159029 unit increase"	[0.01-0.021]	ZNF638	Depression	"major depressive disorder"	-	GCST90319327	2:71433674	37464041	"Als TD"
rs7585722-T	2E-8	-	0.85725	-	"0.0217958 unit decrease"	[0.014-0.029]	RNF103-CHMP3,CHMP3-AS1	Depression	"major depressive disorder"	-	GCST90319327	2:86592005	37464041	"Als TD"
rs2570485-C	2E-11	-	0.752825	-	"0.0222017 unit increase"	[0.016-0.029]	LINC01965,CAPZBP1	Depression	"major depressive disorder"	-	GCST90319327	2:103848009	37464041	"Als TD"
rs62170849-T	2E-10	-	0.70965	-	"0.0198026 unit increase"	[0.014-0.026]	CNTNAP5	Depression	"major depressive disorder"	-	GCST90319327	2:124255349	37464041	"Als TD"
rs61691222-C	1E-8	-	0.7738	-	"0.0188974 unit decrease"	[0.012-0.025]	TRIM8	Depression	"major depressive disorder"	-	GCST90319327	10:102660997	37464041	"Als TD"
rs2089358-C	3E-15	-	0.304725	-	"0.0244975 unit increase"	[0.018-0.031]	GRIK3,FTLP18	Depression	"major depressive disorder"	-	GCST90319327	1:36728502	37464041	"Als TD"
rs1021363-A	2E-25	-	0.33885	-	"0.0302964 unit increase"	[0.025-0.036]	SORCS3	Depression	"major depressive disorder"	-	GCST90319327	10:104851081	37464041	"Als TD"
rs12141363-C	1E-8	-	0.399475	-	"0.0160013 unit increase"	[0.011-0.021]	TAL1	Depression	"major depressive disorder"	-	GCST90319327	1:47230909	37464041	"Als TD"
rs10749240-T	4E-8	-	0.59625	-	"0.0158957 unit decrease"	[0.01-0.022]	MIR3663HG	Depression	"major depressive disorder"	-	GCST90319327	10:117155326	37464041	"Als TD"
rs1890946-T	2E-13	-	0.469175	-	"0.0206007 unit decrease"	[0.015-0.026]	NRDC	Depression	"major depressive disorder"	-	GCST90319327	1:51876755	37464041	"Als TD"
rs11030380-A	1E-14	-	0.399	-	"0.022399 unit decrease"	[0.017-0.028]	METTL15,LINC02758	Depression	"major depressive disorder"	-	GCST90319327	11:28569621	37464041	"Als TD"
rs4571923-G	8E-21	-	0.5131	-	"0.0262002 unit decrease"	[0.021-0.032]	LINC01360,RN7SKP19	Depression	"major depressive disorder"	-	GCST90319327	1:73270879	37464041	"Als TD"
rs3026389-C	4E-12	-	0.205175	-	"0.0235993 unit increase"	[0.017-0.03]	PAX6	Depression	"major depressive disorder"	-	GCST90319327	11:31791981	37464041	"Als TD"
rs2389015-G	2E-12	-	0.7306	-	"0.0217958 unit decrease"	[0.016-0.028]	HNRNPA1P64,HMGB1P18	Depression	"major depressive disorder"	-	GCST90319327	1:80333505	37464041	"Als TD"
rs1825119-A	8E-10	-	0.6459	-	"0.0177974 unit decrease"	[0.012-0.023]	DNAAF11P1,LINC02759	Depression	"major depressive disorder"	-	GCST90319327	11:38535441	37464041	"Als TD"
rs16846561-C	3E-10	-	0.896275	-	"0.0289955 unit increase"	[0.02-0.038]	ZBTB37	Depression	"major depressive disorder"	-	GCST90319327	1:173899973	37464041	"Als TD"
rs2509805-T	1E-13	-	0.327625	-	"0.0222017 unit increase"	[0.016-0.028]	OR5AZ1P,OR5BA1P	Depression	"major depressive disorder"	-	GCST90319327	11:57883324	37464041	"Als TD"
rs72724899-C	9E-12	-	0.92425	-	"0.034105 unit decrease"	[0.024-0.044]	LINC01645	Depression	"major depressive disorder"	-	GCST90319327	1:177438976	37464041	"Als TD"
rs11600628-C	2E-7	-	0.84535	-	"0.0198026 unit increase"	[0.012-0.027]	FERMT3	Depression	"major depressive disorder"	-	GCST90319327	11:64208555	37464041	"Als TD"
rs2358493-G	4E-17	-	0.491475	-	"0.0235962 unit decrease"	[0.018-0.029]	C1orf53,DENND1B	Depression	"major depressive disorder"	-	GCST90319327	1:197847309	37464041	"Als TD"
rs7117514-A	6E-8	-	0.547075	-	"0.015205 unit decrease"	[0.0097-0.0207]	SHANK2	Depression	"major depressive disorder"	-	GCST90319327	11:70698832	37464041	"Als TD"
rs12131852-C	2E-8	-	0.712	-	"0.0172995 unit increase"	[0.011-0.023]	SMYD2,LINC02775	Depression	"major depressive disorder"	-	GCST90319327	1:214259980	37464041	"Als TD"
rs4937872-A	1E-9	-	0.533174	-	"0.017604 unit decrease"	[0.012-0.023]	NCAM1,LINC02763	Depression	"major depressive disorder"	-	GCST90319327	11:112956992	37464041	"Als TD"
rs4846898-A	8E-10	-	0.5901	-	"0.017197 unit decrease"	[0.012-0.023]	GALNT2	Depression	"major depressive disorder"	-	GCST90319327	1:230116471	37464041	"Als TD"
rs7130926-T	3E-11	-	0.863372	-	"0.0278955 unit decrease"	[0.02-0.036]	DRD2,TMPRSS5	Depression	"major depressive disorder"	-	GCST90319327	11:113626206	37464041	"Als TD"
rs1993849-G	3E-8	-	0.1941	-	"0.0194987 unit increase"	[0.013-0.026]	CTNNA3	Depression	"major depressive disorder"	-	GCST90319327	10:66036250	37464041	"Als TD"
rs57344483-A	8E-9	-	0.914925	-	"0.0310986 unit decrease"	[0.021-0.042]	LINC02712,KIRREL3-AS3	Depression	"major depressive disorder"	-	GCST90319327	11:127152665	37464041	"Als TD"
rs3088142-C	1E-10	-	0.574931	-	"0.0180011 unit decrease"	[0.013-0.023]	DUSP13B,DUSP13A	Depression	"major depressive disorder"	-	GCST90319327	10:75094806	37464041	"Als TD"
rs11062170-G	1E-8	-	0.674621	-	"0.017197 unit decrease"	[0.011-0.023]	CACNA1C	Depression	"major depressive disorder"	-	GCST90319327	12:2239678	37464041	"Als TD"
rs301817-C	4E-13	-	0.408397	-	"0.0239997 unit increase"	[0.018-0.03]	RERE	Depression	"major depressive disorder"	-	GCST90319327	1:8443319	37464041	"Als TD"
rs17186548-G	1E-14	-	0.787925	-	"0.0262037 unit increase"	[0.02-0.033]	SORCS3	Depression	"major depressive disorder"	-	GCST90319327	10:104791186	37464041	"Als TD"
rs1466887-C	1E-8	-	0.441375	-	"0.0159029 unit increase"	[0.01-0.021]	RNA5SP43,RNU6-636P	Depression	"major depressive disorder"	-	GCST90319327	1:37243727	37464041	"Als TD"
rs111442587-C	1E-8	-	0.976275	-	"0.0538017 unit decrease"	[0.035-0.072]	RNU7-165P,TCF7L2	Depression	"major depressive disorder"	-	GCST90319327	10:113224330	37464041	"Als TD"
rs11579246-A	6E-10	-	0.89375	-	"0.0297044 unit increase"	[0.02-0.039]	ELAVL4	Depression	"major depressive disorder"	-	GCST90319327	1:50093490	37464041	"Als TD"
rs12285422-G	5E-9	-	0.626909	-	"0.0193025 unit increase"	[0.013-0.026]	LUZP2	Depression	"major depressive disorder"	-	GCST90319327	11:24569917	37464041	"Als TD"
rs7531118-T	1E-27	-	0.4643	-	"0.0316042 unit decrease"	[0.026-0.037]	LINC02796	Depression	"major depressive disorder"	-	GCST90319327	1:72371556	37464041	"Als TD"
rs324300-G	3E-10	-	0.619375	-	"0.0182964 unit decrease"	[0.013-0.024]	LINC02755	Depression	"major depressive disorder"	-	GCST90319327	11:29653284	37464041	"Als TD"
rs10874020-T	2E-8	-	0.299851	-	"0.0174005 unit decrease"	[0.011-0.023]	ADGRL4	Depression	"major depressive disorder"	-	GCST90319327	1:79127556	37464041	"Als TD"
rs80067584-C	1E-9	-	0.947175	-	"0.0379025 unit increase"	[0.026-0.05]	WT1-AS,EIF3M	Depression	"major depressive disorder"	-	GCST90319327	11:32576202	37464041	"Als TD"
rs7513962-C	4E-9	-	0.48025	-	"0.0182047 unit decrease"	[0.012-0.024]	EEF1A1P11,RN7SL831P	Depression	"major depressive disorder"	-	GCST90319327	1:96486976	37464041	"Als TD"
rs112181005-G	1E-9	-	0.854575	-	"0.025502 unit increase"	[0.017-0.034]	CSTPP1	Depression	"major depressive disorder"	-	GCST90319327	11:46988940	37464041	"Als TD"
rs10913112-C	2E-12	-	0.62755	-	"0.0210959 unit increase"	[0.015-0.027]	COP1,RPS29P5	Depression	"major depressive disorder"	-	GCST90319327	1:175944692	37464041	"Als TD"
rs102275-T	5E-12	-	0.63975	-	"0.0199986 unit decrease"	[0.014-0.026]	TMEM258	Depression	"major depressive disorder"	-	GCST90319327	11:61790331	37464041	"Als TD"
rs74934992-G	3E-9	-	0.956275	-	"0.0426048 unit decrease"	[0.028-0.057]	LINC02770,LINC01680	Depression	"major depressive disorder"	-	GCST90319327	1:191285958	37464041	"Als TD"
rs12789028-G	6E-9	-	0.825425	-	"0.0208968 unit decrease"	[0.014-0.028]	LTBP3	Depression	"major depressive disorder"	-	GCST90319327	11:65558683	37464041	"Als TD"
rs57691884-G	1E-8	-	0.923825	-	"0.0303974 unit decrease"	[0.02-0.041]	NEK7	Depression	"major depressive disorder"	-	GCST90319327	1:198265347	37464041	"Als TD"
rs4753209-T	1E-15	-	0.438628	-	"0.0240973 unit increase"	[0.018-0.03]	GRM5	Depression	"major depressive disorder"	-	GCST90319327	11:89010040	37464041	"Als TD"
rs2576241-C	5E-10	-	0.4613	-	"0.0173978 unit increase"	[0.012-0.023]	ESRRG	Depression	"major depressive disorder"	-	GCST90319327	1:216926850	37464041	"Als TD"
rs61902811-G	7E-21	-	0.664951	-	"0.0271968 unit increase"	[0.022-0.033]	TMPRSS5,DRD2	Depression	"major depressive disorder"	-	GCST90319327	11:113500036	37464041	"Als TD"
rs4880918-C	2E-9	-	0.484069	-	"0.0167981 unit increase"	[0.011-0.022]	LINC00700,ADARB2	Depression	"major depressive disorder"	-	GCST90319327	10:1738750	37464041	"Als TD"
rs7101595-C	1E-8	-	0.437425	-	"0.0159973 unit decrease"	[0.011-0.021]	KIRREL3	Depression	"major depressive disorder"	-	GCST90319327	11:126759136	37464041	"Als TD"
rs4515864-G	3E-7	-	0.201379	-	"0.0178989 unit increase"	[0.011-0.025]	CTNNA3	Depression	"major depressive disorder"	-	GCST90319327	10:66770315	37464041	"Als TD"
rs612823-T	1E-12	-	0.5914	-	"0.0205964 unit increase"	[0.015-0.026]	LINC02730,IGSF9B	Depression	"major depressive disorder"	-	GCST90319327	11:133964209	37464041	"Als TD"
rs1909696-G	4E-9	-	0.330475	-	"0.017604 unit decrease"	[0.012-0.023]	LRMDA	Depression	"major depressive disorder"	-	GCST90319327	10:75822445	37464041	"Als TD"
rs77463213-C	3E-9	-	0.848825	-	"0.0231049 unit decrease"	[0.015-0.031]	SNRK,ANO10	Depression	"major depressive disorder"	-	GCST90319327	3:43390532	37464041	"Als TD"
rs13058913-A	2E-15	-	0.682275	-	"0.0239034 unit decrease"	[0.018-0.03]	ZKSCAN7-AS1,SOCS5P3	Depression	"major depressive disorder"	-	GCST90319327	3:44690521	37464041	"Als TD"
rs7636868-G	2E-7	-	0.291475	-	"0.0161981 unit increase"	[0.01-0.022]	U3,LARS2	Depression	"major depressive disorder"	-	GCST90319327	3:45331716	37464041	"Als TD"
rs7617480-A	3E-17	-	0.215575	-	"0.0287041 unit increase"	[0.022-0.035]	KLHDC8B	Depression	"major depressive disorder"	-	GCST90319327	3:49173299	37464041	"Als TD"
rs1010553-T	1E-7	-	0.522625	-	"0.0149005 unit decrease"	[0.0094-0.0204]	STAB1	Depression	"major depressive disorder"	-	GCST90319327	3:52506757	37464041	"Als TD"
rs17216573-T	8E-8	-	0.853075	-	"0.0219963 unit increase"	[0.014-0.03]	ERC2	Depression	"major depressive disorder"	-	GCST90319327	3:56248950	37464041	"Als TD"
rs1470035-G	2E-9	-	0.59055	-	"0.0174005 unit decrease"	[0.012-0.023]	FHIT	Depression	"major depressive disorder"	-	GCST90319327	3:61198647	37464041	"Als TD"
rs116310555-T	9E-9	-	0.881825	-	"0.0252973 unit decrease"	[0.017-0.034]	GPR27,PROK2	Depression	"major depressive disorder"	-	GCST90319327	3:71765280	37464041	"Als TD"
rs1597076-G	2E-8	-	0.672825	-	"0.0168003 unit decrease"	[0.011-0.023]	RETNLB,TRAT1	Depression	"major depressive disorder"	-	GCST90319327	3:108765689	37464041	"Als TD"
rs6783233-C	6E-10	-	0.7307	-	"0.0192032 unit decrease"	[0.013-0.025]	LSAMP,LINC03051	Depression	"major depressive disorder"	-	GCST90319327	3:117791137	37464041	"Als TD"
rs7618264-A	9E-9	-	0.452825	-	"0.0160997 unit increase"	[0.011-0.022]	NPHP3-AS1,TMEM108	Depression	"major depressive disorder"	-	GCST90319327	3:132962029	37464041	"Als TD"
rs827137-C	3E-16	-	0.559136	-	"0.0260976 unit decrease"	[0.02-0.032]	RSRC1	Depression	"major depressive disorder"	-	GCST90319327	3:158290335	37464041	"Als TD"
rs536445-C	1E-11	-	0.475375	-	"0.0188974 unit decrease"	[0.013-0.024]	NLGN1	Depression	"major depressive disorder"	-	GCST90319327	3:173402313	37464041	"Als TD"
rs2298969-A	3E-9	-	0.482874	-	"0.0166014 unit increase"	[0.011-0.022]	HTT	Depression	"major depressive disorder"	-	GCST90319327	4:3184517	37464041	"Als TD"
rs9306914-A	3E-8	-	0.838352	-	"0.0249999 unit decrease"	[0.016-0.034]	SEC63P2,LINC02484	Depression	"major depressive disorder"	-	GCST90319327	4:34550539	37464041	"Als TD"
rs114851235-A	9E-11	-	0.9462	-	"0.0433982 unit decrease"	[0.03-0.057]	LINC02619	Depression	"major depressive disorder"	-	GCST90319327	4:58967691	37464041	"Als TD"
rs34207047-C	1E-13	-	0.47825	-	"0.0207042 unit increase"	[0.015-0.026]	LINC01088,NAA11	Depression	"major depressive disorder"	-	GCST90319327	4:79278169	37464041	"Als TD"
rs6813752-T	1E-9	-	0.3734	-	"0.0176956 unit decrease"	[0.012-0.023]	CCSER1	Depression	"major depressive disorder"	-	GCST90319327	4:90178330	37464041	"Als TD"
rs6845263-T	4E-8	-	0.4997	-	"0.0154008 unit increase"	[0.0099-0.0209]	PPP3CA,BANK1	Depression	"major depressive disorder"	-	GCST90319327	4:101355525	37464041	"Als TD"
rs45510091-A	5E-12	-	0.949	-	"0.0448013 unit increase"	[0.032-0.058]	BLTP1	Depression	"major depressive disorder"	-	GCST90319327	4:122265238	37464041	"Als TD"
rs35553410-T	2E-9	-	0.747694	-	"0.0208968 unit decrease"	[0.014-0.028]	LINC02479,LINC02465	Depression	"major depressive disorder"	-	GCST90319327	4:130316226	37464041	"Als TD"
rs6536630-T	1E-9	-	0.465256	-	"0.0176041 unit increase"	[0.012-0.023]	MAML3	Depression	"major depressive disorder"	-	GCST90319327	4:139997881	37464041	"Als TD"
rs17611770-A	8E-9	-	0.7989	-	"0.0202027 unit decrease"	[0.013-0.027]	GPM6A	Depression	"major depressive disorder"	-	GCST90319327	4:175929894	37464041	"Als TD"
rs7659414-A	4E-9	-	0.59125	-	"0.0170953 unit decrease"	[0.011-0.023]	SPCS3,HAFML	Depression	"major depressive disorder"	-	GCST90319327	4:176429805	37464041	"Als TD"
rs2220599-C	2E-10	-	0.648875	-	"0.0189994 unit decrease"	[0.013-0.025]	LINC02142	Depression	"major depressive disorder"	-	GCST90319327	5:7378741	37464041	"Als TD"
rs7700453-G	2E-8	-	0.47235	-	"0.0161981 unit increase"	[0.011-0.022]	CDH18	Depression	"major depressive disorder"	-	GCST90319327	5:20126781	37464041	"Als TD"
rs10805794-C	4E-9	-	0.4873	-	"0.0165031 unit increase"	[0.011-0.022]	CDH9	Depression	"major depressive disorder"	-	GCST90319327	5:27024429	37464041	"Als TD"
rs12517438-T	1E-10	-	0.4688	-	"0.0180011 unit decrease"	[0.013-0.023]	RPL19P11,HPRT1P2	Depression	"major depressive disorder"	-	GCST90319327	5:30841947	37464041	"Als TD"
rs4262121-G	7E-9	-	0.54105	-	"0.0168003 unit decrease"	[0.011-0.022]	RPL19P11,CDH6	Depression	"major depressive disorder"	-	GCST90319327	5:31078851	37464041	"Als TD"
rs12521969-A	2E-15	-	0.489175	-	"0.0222967 unit decrease"	[0.017-0.028]	KIF2A,RN7SKP157	Depression	"major depressive disorder"	-	GCST90319327	5:62217019	37464041	"Als TD"
rs389879-G	3E-8	-	0.808525	-	"0.0193025 unit increase"	[0.012-0.026]	AP3B1	Depression	"major depressive disorder"	-	GCST90319327	5:78043277	37464041	"Als TD"
rs1560196-G	2E-8	-	0.788375	-	"0.0192044 unit increase"	[0.013-0.026]	SCAMP1	Depression	"major depressive disorder"	-	GCST90319327	5:78406158	37464041	"Als TD"
rs17548339-T	5E-12	-	0.754	-	"0.0227979 unit decrease"	[0.016-0.029]	TMEM161B-DT	Depression	"major depressive disorder"	-	GCST90319327	5:88391761	37464041	"Als TD"
rs6882046-A	1E-10	-	0.73915	-	"0.0206007 unit decrease"	[0.014-0.027]	MIR9-2HG	Depression	"major depressive disorder"	-	GCST90319327	5:88673046	37464041	"Als TD"
rs4489042-G	1E-9	-	0.61675	-	"0.0176041 unit increase"	[0.012-0.023]	LINC02058,POLD2P1	Depression	"major depressive disorder"	-	GCST90319327	5:93092448	37464041	"Als TD"
rs13167027-T	8E-11	-	0.814443	-	"0.0259991 unit increase"	[0.018-0.034]	ARB2A,POU5F2	Depression	"major depressive disorder"	-	GCST90319327	5:93736156	37464041	"Als TD"
rs40465-T	3E-20	-	0.675909	-	"0.0313978 unit decrease"	[0.025-0.038]	NIHCOLE,RNU6-334P	Depression	"major depressive disorder"	-	GCST90319327	5:104646025	37464041	"Als TD"
rs288181-C	4E-8	-	0.670475	-	"0.0165031 unit increase"	[0.011-0.022]	FBXL17	Depression	"major depressive disorder"	-	GCST90319327	5:108013584	37464041	"Als TD"
rs62379847-A	2E-9	-	0.652825	-	"0.0178992 unit decrease"	[0.012-0.024]	RPL23AP44,RNU4-69P	Depression	"major depressive disorder"	-	GCST90319327	5:120773424	37464041	"Als TD"
rs2408225-T	1E-11	-	0.554	-	"0.0189003 unit increase"	[0.013-0.024]	LINC02240	Depression	"major depressive disorder"	-	GCST90319327	5:124926358	37464041	"Als TD"
rs330340-A	6E-9	-	0.278825	-	"0.0179971 unit increase"	[0.012-0.024]	LINC02240	Depression	"major depressive disorder"	-	GCST90319327	5:125575855	37464041	"Als TD"
rs3756334-G	1E-9	-	0.481975	-	"0.0170953 unit decrease"	[0.012-0.023]	"PCDHA1,PCDHA6,PCDHA5,PCDHA2,PCDHA4,PCDHA3"	Depression	"major depressive disorder"	-	GCST90319327	5:140834211	37464041	"Als TD"
rs2964003-A	5E-10	-	0.822475	-	"0.0235993 unit increase"	[0.016-0.031]	GRIA1,LINC01861	Depression	"major depressive disorder"	-	GCST90319327	5:153837173	37464041	"Als TD"
rs2279020-G	2E-9	-	0.35515	-	"0.0172995 unit increase"	[0.012-0.023]	GABRA1	Depression	"major depressive disorder"	-	GCST90319327	5:161895883	37464041	"Als TD"
rs4434398-G	9E-19	-	0.461829	-	"0.0292023 unit decrease"	[0.023-0.036]	LINC03000	Depression	"major depressive disorder"	-	GCST90319327	5:165053860	37464041	"Als TD"
rs4869058-T	5E-10	-	0.351375	-	"0.0179971 unit increase"	[0.012-0.024]	TENM2	Depression	"major depressive disorder"	-	GCST90319327	5:167565242	37464041	"Als TD"
rs12661596-A	5E-9	-	0.771075	-	"0.0193025 unit increase"	[0.013-0.026]	STMND1,ATXN1-AS1	Depression	"major depressive disorder"	-	GCST90319327	6:17016169	37464041	"Als TD"
rs35883476-G	1E-21	-	0.9158	-	"0.0495994 unit increase"	[0.039-0.06]	RNU2-45P,ZSCAN12	Depression	"major depressive disorder"	-	GCST90319327	6:28400731	37464041	"Als TD"
rs115938232-A	9E-17	-	0.94607	-	"0.0499048 unit decrease"	[0.038-0.062]	HLA-F-AS1	Depression	"major depressive disorder"	-	GCST90319327	6:29757236	37464041	"Als TD"
rs10947690-A	9E-9	-	0.754625	-	"0.0189994 unit decrease"	[0.013-0.025]	MDGA1	Depression	"major depressive disorder"	-	GCST90319327	6:37663992	37464041	"Als TD"
rs3812281-T	2E-9	-	0.605175	-	"0.016902 unit decrease"	[0.011-0.022]	CNOT4	Depression	"major depressive disorder"	-	GCST90319327	7:135397999	37464041	"Als TD"
rs34269011-C	3E-10	-	0.725625	-	"0.0194987 unit increase"	[0.013-0.026]	SGCZ	Depression	"major depressive disorder"	-	GCST90319327	8:14362605	37464041	"Als TD"
rs7017108-C	2E-10	-	0.570275	-	"0.0177974 unit decrease"	[0.012-0.023]	LZTS1,TMEM97P2	Depression	"major depressive disorder"	-	GCST90319327	8:20914821	37464041	"Als TD"
rs6471757-G	7E-11	-	0.395125	-	"0.0189003 unit increase"	[0.013-0.025]	TOX	Depression	"major depressive disorder"	-	GCST90319327	8:58893179	37464041	"Als TD"
rs1425794-G	8E-7	-	0.551025	-	"0.0138048 unit decrease"	[0.0083-0.0193]	LINC01414	Depression	"major depressive disorder"	-	GCST90319327	8:63894010	37464041	"Als TD"
rs7837935-T	2E-12	-	0.1451	-	"0.027402 unit decrease"	[0.02-0.035]	CYP7B1	Depression	"major depressive disorder"	-	GCST90319327	8:64649462	37464041	"Als TD"
rs1433965-T	5E-9	-	0.836375	-	"0.0222047 unit decrease"	[0.015-0.03]	ZFHX4	Depression	"major depressive disorder"	-	GCST90319327	8:76721108	37464041	"Als TD"
rs4478545-G	3E-9	-	0.711925	-	"0.0183997 unit increase"	[0.012-0.024]	CIBAR1-DT	Depression	"major depressive disorder"	-	GCST90319327	8:93660314	37464041	"Als TD"
rs6470670-T	3E-10	-	0.298875	-	"0.0196008 unit decrease"	[0.014-0.026]	CCDC26	Depression	"major depressive disorder"	-	GCST90319327	8:128901202	37464041	"Als TD"
rs10441718-C	1E-10	-	0.401925	-	"0.0181029 unit decrease"	[0.013-0.024]	CARM1P1	Depression	"major depressive disorder"	-	GCST90319327	9:2989299	37464041	"Als TD"
rs1931388-A	2E-16	-	0.5941	-	"0.0238044 unit increase"	[0.018-0.029]	AKAP8P1,JKAMPP1	Depression	"major depressive disorder"	-	GCST90319327	9:11203149	37464041	"Als TD"
rs6474807-G	3E-8	-	0.289925	-	"0.017197 unit decrease"	[0.011-0.023]	RPL3P11,ATP5PDP3	Depression	"major depressive disorder"	-	GCST90319327	9:14061877	37464041	"Als TD"
rs12003380-G	6E-9	-	0.5618	-	"0.0168964 unit increase"	[0.011-0.023]	CNTLN	Depression	"major depressive disorder"	-	GCST90319327	9:17135436	37464041	"Als TD"
rs3793577-A	4E-15	-	0.46935	-	"0.0220002 unit decrease"	[0.017-0.027]	ELAVL2	Depression	"major depressive disorder"	-	GCST90319327	9:23737629	37464041	"Als TD"
rs4531131-A	2E-8	-	0.81945	-	"0.0223973 unit increase"	[0.015-0.03]	CAAP1,LINC03106	Depression	"major depressive disorder"	-	GCST90319327	9:26723704	37464041	"Als TD"
rs13296641-G	2E-12	-	0.682175	-	"0.0212036 unit increase"	[0.015-0.027]	SLC25A6P2,HSPA8P17	Depression	"major depressive disorder"	-	GCST90319327	9:31160245	37464041	"Als TD"
rs1329572-T	1E-17	-	0.599675	-	"0.0248051 unit decrease"	[0.019-0.03]	PAX5	Depression	"major depressive disorder"	-	GCST90319327	9:37001474	37464041	"Als TD"
rs11138500-G	3E-8	-	0.294686	-	"0.0176956 unit decrease"	[0.011-0.024]	LINC01507	Depression	"major depressive disorder"	-	GCST90319327	9:80122619	37464041	"Als TD"
rs7023933-A	5E-13	-	0.833725	-	"0.0267034 unit decrease"	[0.019-0.034]	FAM120A	Depression	"major depressive disorder"	-	GCST90319327	9:93463196	37464041	"Als TD"
rs182923402-T	1E-9	-	0.91455	-	"0.0310986 unit decrease"	[0.021-0.041]	ERCC6L2-AS1,PTCH1	Depression	"major depressive disorder"	-	GCST90319327	9:95537395	37464041	"Als TD"
rs2418449-T	8E-13	-	0.7092	-	"0.0222017 unit increase"	[0.016-0.028]	ASTN2	Depression	"major depressive disorder"	-	GCST90319327	9:116969080	37464041	"Als TD"
rs913930-G	7E-10	-	0.3589	-	"0.0178989 unit increase"	[0.012-0.024]	TLR4	Depression	"major depressive disorder"	-	GCST90319327	9:117721731	37464041	"Als TD"
rs12553064-C	3E-12	-	0.38955	-	"0.0203048 unit decrease"	[0.015-0.026]	LINC01613,BRINP1	Depression	"major depressive disorder"	-	GCST90319327	9:119897776	37464041	"Als TD"
rs667138-A	5E-9	-	0.851686	-	"0.0246001 unit decrease"	[0.016-0.033]	DENND1A	Depression	"major depressive disorder"	-	GCST90319327	9:123896334	37464041	"Als TD"
rs10858298-G	1E-8	-	0.299325	-	"0.0177024 unit increase"	[0.012-0.024]	OLFM1,FCN1	Depression	"major depressive disorder"	-	GCST90319327	9:134947681	37464041	"Als TD"
rs537362-G	3E-7	-	0.0875973	-	"0.0244975 unit increase"	[0.015-0.034]	TFAP2D,DEFB112	Depression	"major depressive disorder"	-	GCST90319327	6:50682987	37464041	"Als TD"
rs17752199-A	3E-8	-	0.89055	-	"0.0254046 unit increase"	[0.016-0.034]	RPS15AP20,PKHD1	Depression	"major depressive disorder"	-	GCST90319327	6:51542050	37464041	"Als TD"
rs632024-T	5E-11	-	0.297825	-	"0.0197028 unit decrease"	[0.014-0.026]	EYS	Depression	"major depressive disorder"	-	GCST90319327	6:63921040	37464041	"Als TD"
rs4574611-T	2E-10	-	0.623426	-	"0.0209001 unit increase"	[0.014-0.027]	NUFIP1P1,ADH5P4	Depression	"major depressive disorder"	-	GCST90319327	6:65892311	37464041	"Als TD"
rs1414592-C	3E-9	-	0.491966	-	"0.016597 unit decrease"	[0.011-0.022]	RPL26P20,H3P27	Depression	"major depressive disorder"	-	GCST90319327	6:75539982	37464041	"Als TD"
rs12530388-A	4E-13	-	0.487724	-	"0.0203025 unit increase"	[0.015-0.026]	ASCC3	Depression	"major depressive disorder"	-	GCST90319327	6:100881297	37464041	"Als TD"
rs1933802-C	3E-12	-	0.4471	-	"0.0194989 unit decrease"	[0.014-0.025]	LIN28B-AS1	Depression	"major depressive disorder"	-	GCST90319327	6:104918016	37464041	"Als TD"
rs7752418-C	3E-8	-	0.769586	-	"0.0188974 unit decrease"	[0.012-0.026]	REV3L	Depression	"major depressive disorder"	-	GCST90319327	6:111466682	37464041	"Als TD"
rs728017-A	9E-11	-	0.4007	-	"0.0187955 unit decrease"	[0.013-0.024]	NKAIN2	Depression	"major depressive disorder"	-	GCST90319327	6:123971449	37464041	"Als TD"
rs12192791-G	1E-8	-	0.709379	-	"0.0177024 unit increase"	[0.012-0.024]	SAMD3	Depression	"major depressive disorder"	-	GCST90319327	6:130231121	37464041	"Als TD"
rs2876520-C	5E-11	-	0.5338	-	"0.0183982 unit decrease"	[0.013-0.024]	ADGRG6,HIVEP2	Depression	"major depressive disorder"	-	GCST90319327	6:142675481	37464041	"Als TD"
rs9479138-T	4E-18	-	0.352825	-	"0.0251998 unit increase"	[0.02-0.031]	ESR1	Depression	"major depressive disorder"	-	GCST90319327	6:151894064	37464041	"Als TD"
rs12190823-G	1E-10	-	0.778207	-	"0.0220002 unit decrease"	[0.015-0.029]	PRKN	Depression	"major depressive disorder"	-	GCST90319327	6:162671611	37464041	"Als TD"
rs2322702-G	3E-10	-	0.55545	-	"0.0177024 unit increase"	[0.012-0.023]	C6orf118,RN7SL366P	Depression	"major depressive disorder"	-	GCST90319327	6:164757844	37464041	"Als TD"
rs10268609-G	3E-18	-	0.190425	-	"0.0313978 unit decrease"	[0.024-0.038]	MAD1L1	Depression	"major depressive disorder"	-	GCST90319327	7:1922527	37464041	"Als TD"
rs957360-C	1E-9	-	0.7053	-	"0.0189003 unit increase"	[0.013-0.025]	SDK1	Depression	"major depressive disorder"	-	GCST90319327	7:3621286	37464041	"Als TD"
rs6460905-A	7E-16	-	0.5947	-	"0.0226035 unit decrease"	[0.017-0.028]	TMEM106B,VWDE	Depression	"major depressive disorder"	-	GCST90319327	7:12243601	37464041	"Als TD"
rs66974425-C	3E-8	-	0.750925	-	"0.0177024 unit increase"	[0.011-0.024]	ETV1	Depression	"major depressive disorder"	-	GCST90319327	7:13915006	37464041	"Als TD"
rs7799431-G	3E-10	-	0.641686	-	"0.0189003 unit increase"	[0.013-0.025]	DPY19L1P2,LINC00997	Depression	"major depressive disorder"	-	GCST90319327	7:32788669	37464041	"Als TD"
rs57389877-G	1E-8	-	0.56735	-	"0.0159973 unit decrease"	[0.011-0.021]	RNU6-832P,RNA5SP231	Depression	"major depressive disorder"	-	GCST90319327	7:68947435	37464041	"Als TD"
rs12707530-G	5E-11	-	0.659725	-	"0.0197028 unit decrease"	[0.014-0.026]	PCLO	Depression	"major depressive disorder"	-	GCST90319327	7:82868656	37464041	"Als TD"
rs9690219-C	9E-12	-	0.42545	-	"0.0191013 unit decrease"	[0.014-0.025]	EIF3IP1,BUB3P1	Depression	"major depressive disorder"	-	GCST90319327	7:109466453	37464041	"Als TD"
rs8180817-G	2E-11	-	0.5542	-	"0.0188021 unit increase"	[0.013-0.024]	FOXP2	Depression	"major depressive disorder"	-	GCST90319327	7:114407487	37464041	"Als TD"
rs1548461-T	2E-11	-	0.47875	-	"0.0187955 unit decrease"	[0.013-0.024]	CTTNBP2,LSM8	Depression	"major depressive disorder"	-	GCST90319327	7:117927522	37464041	"Als TD"
rs1986692-A	2E-9	-	0.61055	-	"0.0172995 unit increase"	[0.012-0.023]	EXOC4	Depression	"major depressive disorder"	-	GCST90319327	7:134058640	37464041	"Als TD"
rs112535944-C	2E-10	-	0.840876	-	"0.0451961 unit decrease"	[0.031-0.059]	EXD3	Depression	"major depressive disorder"	-	GCST90319327	9:137383754	37464041	"Als TD"
chr1:72896783-G	4E-9	-	NR	-	"0.0368 unit decrease"	[0.025-0.049]	-	"ICD10 F32: Depressive episode"	"major depressive disorder"	-	GCST90667774	-	40770095	"UK Biobank Whole-Genome Sequencing Consortium"
chr11:28963445-T	2E-8	-	NR	-	"0.7314 unit increase"	[0.48-0.99]	-	"ICD10 F32: Depressive episode"	"major depressive disorder"	-	GCST90667774	-	40770095	"UK Biobank Whole-Genome Sequencing Consortium"
chr2:211811381-A	9E-9	-	NR	-	"0.0359 unit increase"	[0.024-0.048]	-	"ICD10 F32: Depressive episode"	"major depressive disorder"	-	GCST90667774	-	40770095	"UK Biobank Whole-Genome Sequencing Consortium"
chr2:74149267-C	5E-8	-	NR	-	"1.9122 unit increase"	[1.23-2.6]	-	"ICD10 F32: Depressive episode"	"major depressive disorder"	-	GCST90667774	-	40770095	"UK Biobank Whole-Genome Sequencing Consortium"
chr20:46063959-T	2E-8	-	NR	-	"0.0399 unit increase"	[0.026-0.054]	-	"ICD10 F32: Depressive episode"	"major depressive disorder"	-	GCST90667774	-	40770095	"UK Biobank Whole-Genome Sequencing Consortium"
chr20:61252175-C	4E-9	-	NR	-	"0.0455 unit increase"	[0.03-0.061]	-	"ICD10 F32: Depressive episode"	"major depressive disorder"	-	GCST90667774	-	40770095	"UK Biobank Whole-Genome Sequencing Consortium"
chr3:188956422-CT	5E-8	-	NR	-	"0.0756 unit decrease"	[0.049-0.103]	-	"ICD10 F32: Depressive episode"	"major depressive disorder"	-	GCST90667774	-	40770095	"UK Biobank Whole-Genome Sequencing Consortium"
chr5:165043685-G	9E-9	-	NR	-	"0.0367 unit increase"	[0.024-0.049]	-	"ICD10 F32: Depressive episode"	"major depressive disorder"	-	GCST90667774	-	40770095	"UK Biobank Whole-Genome Sequencing Consortium"
chr6:27688929-C	6E-10	-	NR	-	"0.0608 unit decrease"	[0.042-0.08]	-	"ICD10 F32: Depressive episode"	"major depressive disorder"	-	GCST90667774	-	40770095	"UK Biobank Whole-Genome Sequencing Consortium"
chr7:12241104-A	2E-9	-	NR	-	"0.0379 unit increase"	[0.026-0.05]	-	"ICD10 F32: Depressive episode"	"major depressive disorder"	-	GCST90667774	-	40770095	"UK Biobank Whole-Genome Sequencing Consortium"
chr7:15514236-T	2E-8	-	NR	-	"0.9396 unit decrease"	[0.61-1.27]	-	"ICD10 F32: Depressive episode"	"major depressive disorder"	-	GCST90667774	-	40770095	"UK Biobank Whole-Genome Sequencing Consortium"
chr7:80505822-T	2E-8	-	NR	-	"2.1699 unit increase"	[1.41-2.93]	-	"ICD10 F32: Depressive episode"	"major depressive disorder"	-	GCST90667774	-	40770095	"UK Biobank Whole-Genome Sequencing Consortium"
chr8:138286922-T	7E-9	-	NR	-	"0.0377 unit increase"	[0.025-0.05]	-	"ICD10 F32: Depressive episode"	"major depressive disorder"	-	GCST90667774	-	40770095	"UK Biobank Whole-Genome Sequencing Consortium"
chr8:57257359-A	3E-9	-	NR	-	"1.2929 unit increase"	[0.87-1.72]	-	"ICD10 F32: Depressive episode"	"major depressive disorder"	-	GCST90667774	-	40770095	"UK Biobank Whole-Genome Sequencing Consortium"
chr1:37200888-C	2E-9	-	NR	-	"0.0402 unit increase"	[0.027-0.053]	-	"ICD10 F32: Depressive episode"	"major depressive disorder"	-	GCST90667774	-	40770095	"UK Biobank Whole-Genome Sequencing Consortium"
rs59283172-?	3E-6	-	NR	-	"0.013266 unit decrease"	[0.0077-0.0188]	TUSC1,RN7SKP120	"Depression (broad)"	"major depressive disorder"	-	GCST90281045	9:25232980	36750733	"Silveira PP"
rs10282032-?	6E-6	-	NR	-	"0.0081313 unit increase"	[0.0046-0.0116]	LSM8,CTTNBP2	"Depression (broad)"	"major depressive disorder"	-	GCST90281045	7:117988501	36750733	"Silveira PP"
rs2523734-?	3E-12	-	NR	-	"0.013082 unit increase"	[0.0094-0.0167]	TRIM10,TRIM15	"Depression (broad)"	"major depressive disorder"	-	GCST90281043	6:30161899	36750733	"Silveira PP"
rs263575-?	2E-6	-	NR	-	"0.0061199 unit decrease"	[0.0036-0.0086]	BNC2,RN7SL720P	"Depression (broad)"	"major depressive disorder"	-	GCST90281043	9:17033842	36750733	"Silveira PP"
rs4863729-?	2E-6	-	NR	-	"0.0061744 unit increase"	[0.0036-0.0087]	MAML3	"Depression (broad)"	"major depressive disorder"	-	GCST90281043	4:140035145	36750733	"Silveira PP"
rs200973-?	1E-10	-	NR	-	"0.010408 unit decrease"	[0.0073-0.0136]	H3C12	"Depression (broad)"	"major depressive disorder"	-	GCST90281043	6:27890643	36750733	"Silveira PP"
rs76573413-?	2E-10	-	NR	-	"0.031049 unit increase"	[0.021-0.041]	MOG	"Depression (broad)"	"major depressive disorder"	-	GCST90281043	6:29670697	36750733	"Silveira PP"
rs10501696-?	1E-9	-	NR	-	"0.0079294 unit decrease"	[0.0054-0.0105]	GRM5	"Depression (broad)"	"major depressive disorder"	-	GCST90281043	11:89014994	36750733	"Silveira PP"
rs534815-?	4E-8	-	NR	-	"0.010029 unit decrease"	[0.0064-0.0136]	GRM5	"Depression (broad)"	"major depressive disorder"	-	GCST90281044	11:88971750	36750733	"Silveira PP"
rs528267747-?	3E-9	-	NR	-	"0.024654 unit decrease"	[0.016-0.033]	LINC01556	"Depression (broad)"	"major depressive disorder"	-	GCST90281043	6:28937498	36750733	"Silveira PP"
rs75488969-?	8E-8	-	NR	-	"0.016086 unit increase"	[0.01-0.022]	Y_RNA,CXCR5	"Depression (broad)"	"major depressive disorder"	-	GCST90281044	11:118841800	36750733	"Silveira PP"
rs40465-?	5E-7	-	NR	-	"0.009764 unit increase"	[0.006-0.0136]	NIHCOLE,RNU6-334P	"Depression (broad)"	"major depressive disorder"	-	GCST90281044	5:104646025	36750733	"Silveira PP"
rs2151719-?	5E-7	-	NR	-	"0.011526 unit decrease"	[0.007-0.016]	JKAMPP1,AKAP8P1	"Depression (broad)"	"major depressive disorder"	-	GCST90281044	9:11136403	36750733	"Silveira PP"
rs6460894-?	7E-7	-	NR	-	"0.0095523 unit increase"	[0.0058-0.0133]	TMEM106B,THSD7A	"Depression (broad)"	"major depressive disorder"	-	GCST90281044	7:12207704	36750733	"Silveira PP"
rs1002446-?	5E-6	-	NR	-	"0.0093023 unit decrease"	[0.0053-0.0133]	WIPI1	"Depression (broad)"	"major depressive disorder"	-	GCST90281044	17:68428782	36750733	"Silveira PP"
rs12926421-?	7E-6	-	NR	-	"0.010188 unit increase"	[0.0057-0.0146]	ERCC4,TMF1P1	"Depression (broad)"	"major depressive disorder"	-	GCST90281044	16:13692102	36750733	"Silveira PP"
rs4475190-?	3E-8	-	NR	-	"0.0080903 unit decrease"	[0.0052-0.011]	LINC00499,NOCT	"Depression (broad)"	"major depressive disorder"	-	GCST90281043	4:138715045	36750733	"Silveira PP"
rs11100449-?	5E-10	-	NR	-	"0.011493 unit decrease"	[0.0079-0.0151]	MAML3	"Depression (broad)"	"major depressive disorder"	-	GCST90281044	4:140030956	36750733	"Silveira PP"
rs2535319-?	4E-8	-	NR	-	"0.0071071 unit decrease"	[0.0046-0.0096]	HCG20	"Depression (broad)"	"major depressive disorder"	-	GCST90281043	6:30746702	36750733	"Silveira PP"
rs7772160-?	5E-9	-	NR	-	"0.010693 unit increase"	[0.0071-0.0143]	MCFD2P1,ZNF184	"Depression (broad)"	"major depressive disorder"	-	GCST90281044	6:27444607	36750733	"Silveira PP"
rs76573413-?	1E-8	-	NR	-	"0.039977 unit increase"	[0.026-0.054]	MOG	"Depression (broad)"	"major depressive disorder"	-	GCST90281044	6:29670697	36750733	"Silveira PP"
rs3132685-?	4E-8	-	NR	-	"0.014299 unit decrease"	[0.0092-0.0194]	HCG9,POLR1HASP	"Depression (broad)"	"major depressive disorder"	-	GCST90281045	6:29978172	36750733	"Silveira PP"
rs201721118-?	5E-7	-	NR	-	"0.070929 unit decrease"	[0.043-0.099]	NKAPL	"Depression (broad)"	"major depressive disorder"	-	GCST90281045	6:28259615	36750733	"Silveira PP"
rs11811067-?	1E-6	-	NR	-	"0.0094876 unit increase"	[0.0057-0.0133]	SGIP1	"Depression (broad)"	"major depressive disorder"	-	GCST90281045	1:66740039	36750733	"Silveira PP"
rs7785087-?	2E-6	-	NR	-	"0.0085377 unit increase"	[0.005-0.012]	TMEM106B	"Depression (broad)"	"major depressive disorder"	-	GCST90281045	7:12217923	36750733	"Silveira PP"
rs112348907-?	2E-7	-	NR	-	"0.0072939 unit increase"	[0.0045-0.0101]	KCNQ5	"Depression (broad)"	"major depressive disorder"	-	GCST90281043	6:72878230	36750733	"Silveira PP"
rs1002446-?	2E-7	-	NR	-	"0.0073457 unit decrease"	[0.0046-0.0101]	WIPI1	"Depression (broad)"	"major depressive disorder"	-	GCST90281043	17:68428782	36750733	"Silveira PP"
rs10264984-?	3E-7	-	NR	-	"0.0066795 unit increase"	[0.0041-0.0092]	CTTNBP2,LSM8	"Depression (broad)"	"major depressive disorder"	-	GCST90281043	7:117984319	36750733	"Silveira PP"
rs6131010-?	9E-7	-	NR	-	"0.0071452 unit decrease"	[0.0043-0.01]	NCOA5,RPL13P2	"Depression (broad)"	"major depressive disorder"	-	GCST90281043	20:46095666	36750733	"Silveira PP"
rs6689138-?	1E-6	-	NR	-	"0.0088878 unit increase"	[0.0053-0.0125]	SGIP1	"Depression (broad)"	"major depressive disorder"	-	GCST90281043	1:66586574	36750733	"Silveira PP"
rs2568961-?	1E-11	-	NR	-	"0.0088434 unit increase"	[0.0063-0.0114]	LINC02796	"Depression (broad)"	"major depressive disorder"	-	GCST90281043	1:72347064	36750733	"Silveira PP"
rs3807866-?	3E-11	-	NR	-	"0.0085823 unit increase"	[0.006-0.0111]	THSD7A,TMEM106B	"Depression (broad)"	"major depressive disorder"	-	GCST90281043	7:12210752	36750733	"Silveira PP"
rs539014-?	2E-6	-	NR	-	"0.0061192 unit decrease"	[0.0036-0.0086]	SGIP1	"Depression (broad)"	"major depressive disorder"	-	GCST90281043	1:66746204	36750733	"Silveira PP"
rs1021363-?	4E-6	-	NR	-	"0.006172 unit decrease"	[0.0036-0.0088]	SORCS3	"Depression (broad)"	"major depressive disorder"	-	GCST90281043	10:104851081	36750733	"Silveira PP"
rs11579246-?	1E-8	-	NR	-	"0.018231 unit decrease"	[0.012-0.025]	ELAVL4	"Depression (broad)"	"major depressive disorder"	-	GCST90281044	1:50093490	36750733	"Silveira PP"
rs2568961-?	4E-8	-	NR	-	"0.010272 unit increase"	[0.0066-0.0139]	LINC02796	"Depression (broad)"	"major depressive disorder"	-	GCST90281044	1:72347064	36750733	"Silveira PP"
rs2151719-?	3E-9	-	NR	-	"0.0095469 unit decrease"	[0.0064-0.0127]	JKAMPP1,AKAP8P1	"Depression (broad)"	"major depressive disorder"	-	GCST90281043	9:11136403	36750733	"Silveira PP"
rs11665070-?	5E-8	-	NR	-	"0.010551 unit decrease"	[0.0068-0.0144]	CELF4,MIR4318	"Depression (broad)"	"major depressive disorder"	-	GCST90281044	18:37572600	36750733	"Silveira PP"
rs8035777-?	7E-9	-	NR	-	"0.0087737 unit decrease"	[0.0058-0.0117]	MRPL46,NTRK3-AS1	"Depression (broad)"	"major depressive disorder"	-	GCST90281043	15:88400576	36750733	"Silveira PP"
rs30266-?	1E-8	-	NR	-	"0.0077907 unit increase"	[0.0051-0.0105]	RNU6-334P,NIHCOLE	"Depression (broad)"	"major depressive disorder"	-	GCST90281043	5:104636656	36750733	"Silveira PP"
rs61059752-?	1E-8	-	NR	-	"0.0095845 unit increase"	[0.0063-0.0129]	UBE4A	"Depression (broad)"	"major depressive disorder"	-	GCST90281043	11:118375356	36750733	"Silveira PP"
rs6456788-?	1E-8	-	NR	-	"0.0075543 unit increase"	[0.0049-0.0102]	ZNF184	"Depression (broad)"	"major depressive disorder"	-	GCST90281043	6:27454287	36750733	"Silveira PP"
rs4801146-?	2E-8	-	NR	-	"0.0072262 unit increase"	[0.0047-0.0097]	RNA5SP459,TCF4	"Depression (broad)"	"major depressive disorder"	-	GCST90281043	18:55173694	36750733	"Silveira PP"
rs2535319-?	1E-5	-	NR	-	"0.0081981 unit decrease"	[0.0046-0.0118]	HCG20	"Depression (broad)"	"major depressive disorder"	-	GCST90281044	6:30746702	36750733	"Silveira PP"
rs111945524-?	4E-8	-	NR	-	"0.016822 unit decrease"	[0.011-0.023]	LINC02946,FHL2	"Depression (broad)"	"major depressive disorder"	-	GCST90281043	2:105482561	36750733	"Silveira PP"
rs2523734-?	3E-9	-	NR	-	"0.015918 unit increase"	[0.011-0.021]	TRIM10,TRIM15	"Depression (broad)"	"major depressive disorder"	-	GCST90281044	6:30161899	36750733	"Silveira PP"
rs1050538-?	5E-8	-	NR	-	"0.010859 unit increase"	[0.007-0.0148]	HLA-B	"Depression (broad)"	"major depressive disorder"	-	GCST90281043	6:31356822	36750733	"Silveira PP"
rs6424532-?	5E-8	-	NR	-	"0.006958 unit increase"	[0.0045-0.0095]	RN7SKP19,LINC01360	"Depression (broad)"	"major depressive disorder"	-	GCST90281043	1:73198339	36750733	"Silveira PP"
rs71559051-?	6E-8	-	NR	-	"0.018913 unit decrease"	[0.012-0.026]	H4C12,H2AC15	"Depression (broad)"	"major depressive disorder"	-	GCST90281043	6:27831692	36750733	"Silveira PP"
rs1668966-?	6E-8	-	NR	-	"0.01101 unit decrease"	[0.007-0.015]	TUSC1,RN7SKP120	"Depression (broad)"	"major depressive disorder"	-	GCST90281043	9:25253719	36750733	"Silveira PP"
rs7339288-?	2E-7	-	NR	-	"0.0081717 unit increase"	[0.0051-0.0112]	B3GLCT	"Depression (broad)"	"major depressive disorder"	-	GCST90281043	13:31328398	36750733	"Silveira PP"
rs12926421-?	2E-7	-	NR	-	"0.0082292 unit increase"	[0.0051-0.0113]	ERCC4,TMF1P1	"Depression (broad)"	"major depressive disorder"	-	GCST90281043	16:13692102	36750733	"Silveira PP"
rs4936271-T	4E-13	-	0.5124	-	"0.03486 unit decrease"	[0.026-0.044]	DRD2	"Major depressive disorder (PheCode 296.22)"	"major depressive disorder"	-	GCST90480749	11:113447983	39024449	"Verma A"
rs17781288-C	1E-13	-	0.5757	-	"0.03496 unit increase"	[0.025-0.044]	LRFN5-DT	"Major depressive disorder (PheCode 296.22)"	"major depressive disorder"	-	GCST90480749	14:41603205	39024449	"Verma A"
chr6:152227421-C	7E-12	-	0.3319	-	"0.03545 unit increase"	[0.025-0.046]	-	"Major depressive disorder (PheCode 296.22)"	"major depressive disorder"	-	GCST90476512	-	39024449	"Verma A"
chr7:2035798-G	3E-14	-	0.8161	-	"0.04633 unit increase"	[0.034-0.059]	-	"Major depressive disorder (PheCode 296.22)"	"major depressive disorder"	-	GCST90476512	-	39024449	"Verma A"
chr11:113370758-G	1E-17	-	0.6416	-	"0.04049 unit increase"	[0.031-0.05]	-	"Major depressive disorder (PheCode 296.22)"	"major depressive disorder"	-	GCST90476512	-	39024449	"Verma A"
chr14:42076434-C	1E-14	-	0.493	-	"0.03351 unit increase"	[0.024-0.043]	-	"Major depressive disorder (PheCode 296.22)"	"major depressive disorder"	-	GCST90476512	-	39024449	"Verma A"
rs6877087-?	8E-8	-	NR	-	-	-	FGF18,SMIM23	"Major depressive disorder (PheCode 296.22)"	"major depressive disorder"	-	GCST90651796	5:171554586	40465716	"Liu TY"
rs3950186-T	8E-6	-	0.338	1.319	-	[NR]	ADTRP,AMD1P4	"Anxiety and major depressive disorder"	"Anxiety,major depressive disorder"	-	GCST002200	6:11811081	24047446	"Schosser A"
rs294856-?	2E-6	-	0.58	1.34	-	[NR]	PTPRD	"Anxiety and major depressive disorder"	"Anxiety,major depressive disorder"	-	GCST002200	9:10192290	24047446	"Schosser A"
rs4796827-A	2E-6	-	0.409	1.326	-	[NR]	CYTH1,SCAT1	"Anxiety and major depressive disorder"	"Anxiety,major depressive disorder"	-	GCST002200	17:78637883	24047446	"Schosser A"
rs1395241-?	8E-6	-	NR	-	-	-	FAT4	"Bipolar disorder or major depressive disorder"	"bipolar disorder,major depressive disorder"	-	GCST000641	4:125438301	20351715	"Liu Y"
rs12912251-?	1E-6	-	NR	-	-	-	LINC02694	"Bipolar disorder or major depressive disorder"	"bipolar disorder,major depressive disorder"	-	GCST000641	15:38694167	20351715	"Liu Y"
rs11773103-?	1E-6	-	NR	-	-	-	DMTF1	"Bipolar disorder or major depressive disorder"	"bipolar disorder,major depressive disorder"	-	GCST000641	7:87192664	20351715	"Liu Y"
rs1006737-?	3E-8	-	NR	-	-	-	CACNA1C	"Bipolar disorder or major depressive disorder"	"bipolar disorder,major depressive disorder"	-	GCST000641	12:2236129	20351715	"Liu Y"
rs17082664-?	1E-6	-	NR	-	-	-	SYNE1	"Bipolar disorder or major depressive disorder"	"bipolar disorder,major depressive disorder"	-	GCST000641	6:152417619	20351715	"Liu Y"
rs1262778-?	8E-6	-	NR	-	-	-	DLEU1	"Bipolar disorder or major depressive disorder"	"bipolar disorder,major depressive disorder"	-	GCST000641	13:50492487	20351715	"Liu Y"
rs10994338-?	5E-7	-	NR	-	-	-	ANK3	"Bipolar disorder or major depressive disorder"	"bipolar disorder,major depressive disorder"	-	GCST000641	10:60421370	20351715	"Liu Y"
rs7226677-?	4E-6	-	NR	-	-	-	THOC1-DT	"Bipolar disorder or major depressive disorder"	"bipolar disorder,major depressive disorder"	-	GCST000641	18:278796	20351715	"Liu Y"
rs4972755-?	3E-6	-	NR	-	-	-	RPS15AP14,EXTL2P1	"Bipolar disorder or major depressive disorder"	"bipolar disorder,major depressive disorder"	-	GCST000641	2:175375121	20351715	"Liu Y"
rs2855812-?	2E-16	-	NR	-	-	-	MICB	"Asthma and major depressive disorder"	"asthma,major depressive disorder"	-	GCST008921	6:31504943	31619474	"Zhu Z"
rs2854275-?	3E-13	-	NR	-	-	-	HLA-DQB1-AS1,HLA-DQB1	"Asthma and major depressive disorder"	"asthma,major depressive disorder"	-	GCST008921	6:32660651	31619474	"Zhu Z"
rs396755-?	2E-11	-	NR	-	-	-	NIHCOLE,RNU6-334P	"Asthma and major depressive disorder"	"asthma,major depressive disorder"	-	GCST008921	5:104686538	31619474	"Zhu Z"
rs150814685-?	2E-11	-	NR	-	-	-	LINC00533,RPSAP2	"Asthma and major depressive disorder"	"asthma,major depressive disorder"	-	GCST008921	6:28728995	31619474	"Zhu Z"
rs149702363-?	4E-10	-	NR	-	-	-	LINC03003	"Asthma and major depressive disorder"	"asthma,major depressive disorder"	-	GCST008921	6:29257248	31619474	"Zhu Z"
rs493161-?	1E-9	-	NR	-	-	-	H4C13,H3C12	"Asthma and major depressive disorder"	"asthma,major depressive disorder"	-	GCST008921	6:27882936	31619474	"Zhu Z"
rs301817-?	3E-9	-	NR	-	-	-	RERE	"Asthma and major depressive disorder"	"asthma,major depressive disorder"	-	GCST008921	1:8443319	31619474	"Zhu Z"
rs148696809-?	5E-9	-	NR	-	-	-	KRT18P1,LINC01556	"Asthma and major depressive disorder"	"asthma,major depressive disorder"	-	GCST008921	6:28966575	31619474	"Zhu Z"
rs147121091-?	3E-8	-	NR	-	-	-	POM121L2	"Asthma and major depressive disorder"	"asthma,major depressive disorder"	-	GCST008921	6:27303811	31619474	"Zhu Z"
rs10789340-?	3E-8	-	NR	-	-	-	LINC02796	"Asthma and major depressive disorder"	"asthma,major depressive disorder"	-	GCST008921	1:72474590	31619474	"Zhu Z"
rs10510908-A	2E-6	-	NR	-	"0.23672 unit increase"	NR	CDHR18P	"Stress sensitivity (neuroticism score x major depressive disorder status interaction)"	"neuroticism measurement,major depressive disorder"	-	GCST008506	3:63777318	30571770	"Arnau-Soler A"
rs7934698-A	2E-6	-	NR	-	"0.2774 unit increase"	NR	LINC02706,B3GAT1-DT	"Stress sensitivity (neuroticism score x major depressive disorder status interaction)"	"neuroticism measurement,major depressive disorder"	-	GCST008506	11:134542845	30571770	"Arnau-Soler A"
rs7606549-A	2E-6	-	NR	-	"0.17774 unit decrease"	NR	DPP10	"Stress sensitivity (neuroticism score x major depressive disorder status interaction)"	"neuroticism measurement,major depressive disorder"	-	GCST008506	2:114732621	30571770	"Arnau-Soler A"
rs6851779-A	3E-6	-	NR	-	"0.31734 unit decrease"	NR	RN7SKP199,RNU6-931P	"Stress sensitivity (neuroticism score x major depressive disorder status interaction)"	"neuroticism measurement,major depressive disorder"	-	GCST008506	4:45485662	30571770	"Arnau-Soler A"
rs319858-G	4E-6	-	NR	-	"0.17288 unit decrease"	NR	DPP10	"Stress sensitivity (neuroticism score x major depressive disorder status interaction)"	"neuroticism measurement,major depressive disorder"	-	GCST008506	2:114773264	30571770	"Arnau-Soler A"
rs13098181-A	7E-6	-	NR	-	"0.22507 unit increase"	NR	CDHR18P	"Stress sensitivity (neuroticism score x major depressive disorder status interaction)"	"neuroticism measurement,major depressive disorder"	-	GCST008506	3:63763729	30571770	"Arnau-Soler A"
rs12108177-G	8E-6	-	NR	-	"0.21682 unit increase"	NR	SNTN,CDHR18P	"Stress sensitivity (neuroticism score x major depressive disorder status interaction)"	"neuroticism measurement,major depressive disorder"	-	GCST008506	3:63688119	30571770	"Arnau-Soler A"
rs6063840-G	8E-6	-	NR	-	"0.17969 unit decrease"	NR	LINC01524	"Stress sensitivity (neuroticism score x major depressive disorder status interaction)"	"neuroticism measurement,major depressive disorder"	-	GCST008506	20:52592410	30571770	"Arnau-Soler A"
rs4765723-C	8E-6	-	NR	-	"0.19597 unit increase"	NR	TSPAN9	"Stress sensitivity (neuroticism score x major depressive disorder status interaction)"	"neuroticism measurement,major depressive disorder"	-	GCST008506	12:3243377	30571770	"Arnau-Soler A"
rs6068235-A	8E-6	-	NR	-	"0.18046 unit decrease"	NR	LINC01524	"Stress sensitivity (neuroticism score x major depressive disorder status interaction)"	"neuroticism measurement,major depressive disorder"	-	GCST008506	20:52550630	30571770	"Arnau-Soler A"
rs2221540-G	4E-7	-	NR	-	"0.6395 unit increase"	NR	OPCML	"Stress sensitivity (neuroticism score x major depressive disorder status interaction)"	"neuroticism measurement,major depressive disorder"	-	GCST008507	11:132846474	30571770	"Arnau-Soler A"
rs4783107-T	2E-6	-	NR	-	"0.4538 unit increase"	NR	ZDHHC7,LINC02176	"Stress sensitivity (neuroticism score x major depressive disorder status interaction)"	"neuroticism measurement,major depressive disorder"	-	GCST008507	16:84962841	30571770	"Arnau-Soler A"
rs4575282-C	3E-6	-	NR	-	"0.5776 unit increase"	NR	OPCML	"Stress sensitivity (neuroticism score x major depressive disorder status interaction)"	"neuroticism measurement,major depressive disorder"	-	GCST008507	11:132849751	30571770	"Arnau-Soler A"
rs246565-A	3E-6	-	NR	-	"4.684 z score decrease"	NR	TNPO1-DT,ZNF366	"Stress sensitivity (neuroticism score x major depressive disorder status interaction)"	"neuroticism measurement,major depressive disorder"	-	GCST008508	5:72513420	30571770	"Arnau-Soler A"
rs319924-A	5E-7	-	NR	-	"5.024 z score increase"	NR	EYS,PHF3	"Stress sensitivity (neuroticism score x major depressive disorder status interaction)"	"neuroticism measurement,major depressive disorder"	-	GCST008508	6:63777354	30571770	"Arnau-Soler A"
rs10485358-A	5E-6	-	NR	-	"4.546 z score decrease"	NR	PHF3	"Stress sensitivity (neuroticism score x major depressive disorder status interaction)"	"neuroticism measurement,major depressive disorder"	-	GCST008508	6:63676159	30571770	"Arnau-Soler A"
rs10987199-A	9E-6	-	NR	-	"4.442 z score decrease"	NR	MVB12B,PBX3	"Stress sensitivity (neuroticism score x major depressive disorder status interaction)"	"neuroticism measurement,major depressive disorder"	-	GCST008508	9:126206708	30571770	"Arnau-Soler A"
rs2265265-A	4E-6	-	NR	-	"4.604 z score increase"	NR	KIAA1217,ARHGAP21	"Stress sensitivity (neuroticism score x major depressive disorder status interaction)"	"neuroticism measurement,major depressive disorder"	-	GCST008508	10:24565947	30571770	"Arnau-Soler A"
rs3762096-A	6E-6	-	NR	-	"4.521 z score decrease"	NR	TLL2	"Stress sensitivity (neuroticism score x major depressive disorder status interaction)"	"neuroticism measurement,major depressive disorder"	-	GCST008508	10:96376493	30571770	"Arnau-Soler A"
rs2221540-A	7E-6	-	NR	-	"4.492 z score decrease"	NR	OPCML	"Stress sensitivity (neuroticism score x major depressive disorder status interaction)"	"neuroticism measurement,major depressive disorder"	-	GCST008508	11:132846474	30571770	"Arnau-Soler A"
rs10778077-A	6E-6	-	NR	-	"4.54 z score increase"	NR	ANO4	"Stress sensitivity (neuroticism score x major depressive disorder status interaction)"	"neuroticism measurement,major depressive disorder"	-	GCST008508	12:100800210	30571770	"Arnau-Soler A"
rs7199110-A	5E-6	-	NR	-	"4.553 z score decrease"	NR	WWOX	"Stress sensitivity (neuroticism score x major depressive disorder status interaction)"	"neuroticism measurement,major depressive disorder"	-	GCST008508	16:78756868	30571770	"Arnau-Soler A"
rs853679-A	1E-7	-	NR	-	"5.298256 z score decrease"	[NR]	ZSCAN31	Depression	"depressive symptom measurement,major depressive disorder"	-	GCST003769	6:28329086	27089181	"Okbay A"
rs62100776-A	1E-8	-	NR	-	"5.6640935 z score decrease"	[NR]	DCC	Depression	"depressive symptom measurement,major depressive disorder"	-	GCST003769	18:53228263	27089181	"Okbay A"
rs2017122-T	1E-6	-	NR	-	"4.811745 z score increase"	[NR]	KMT2A	Depression	"depressive symptom measurement,major depressive disorder"	-	GCST003769	11:118444134	27089181	"Okbay A"
rs1877075-A	2E-6	-	NR	-	"4.810405 z score decrease"	[NR]	MAML3	Depression	"depressive symptom measurement,major depressive disorder"	-	GCST003769	4:140004716	27089181	"Okbay A"
rs7074335-T	2E-6	-	NR	-	"4.758858 z score increase"	[NR]	SORCS3	Depression	"depressive symptom measurement,major depressive disorder"	-	GCST003769	10:104940636	27089181	"Okbay A"
rs7973260-A	2E-8	-	NR	-	"5.6011147 z score increase"	[NR]	KSR2	Depression	"depressive symptom measurement,major depressive disorder"	-	GCST003769	12:117937681	27089181	"Okbay A"
rs6828666-A	3E-6	-	NR	-	"4.6532216 z score decrease"	[NR]	FNIP2	Depression	"depressive symptom measurement,major depressive disorder"	-	GCST003769	4:158858089	27089181	"Okbay A"
rs4810896-A	4E-9	-	NR	-	"5.8794484 z score decrease"	[NR]	PREX1,ARFGEF2	Depression	"depressive symptom measurement,major depressive disorder"	-	GCST003769	20:48918761	27089181	"Okbay A"
rs59659806-T	5E-6	-	NR	-	"4.563033 z score decrease"	[NR]	LINC02694	Depression	"depressive symptom measurement,major depressive disorder"	-	GCST003769	15:38627763	27089181	"Okbay A"
rs10884216-T	6E-7	-	NR	-	"4.994715 z score decrease"	[NR]	LINC02627	Depression	"depressive symptom measurement,major depressive disorder"	-	GCST003769	10:105701367	27089181	"Okbay A"
rs10809520-T	6E-9	-	NR	-	"5.8197784 z score decrease"	[NR]	AKAP8P1,JKAMPP1	Depression	"depressive symptom measurement,major depressive disorder"	-	GCST003769	9:11557797	27089181	"Okbay A"
rs1690818-T	6E-8	-	NR	-	"5.4051075 z score decrease"	[NR]	CNTN5	Depression	"depressive symptom measurement,major depressive disorder"	-	GCST003769	11:99625823	27089181	"Okbay A"
rs1961982-A	7E-7	-	NR	-	"4.971417 z score decrease"	[NR]	C12orf42-AS1,C12orf42	Depression	"depressive symptom measurement,major depressive disorder"	-	GCST003769	12:103218955	27089181	"Okbay A"
rs782212-T	7E-11	-	NR	-	"6.516477 z score decrease"	[NR]	LINC02796	Depression	"depressive symptom measurement,major depressive disorder"	-	GCST003769	1:72479983	27089181	"Okbay A"
rs10233018-A	9E-8	-	NR	-	"5.3463354 z score decrease"	[NR]	CTTNBP2,LSM8	Depression	"depressive symptom measurement,major depressive disorder"	-	GCST003769	7:117883655	27089181	"Okbay A"
rs16836940-A	6E-8	-	0.22	-	-	-	RPRD2	"Broad depression or bipolar disorder"	"bipolar disorder,major depressive disorder"	-	GCST007255	1:150444437	30626913	"Amare AT"
rs2535629-A	1E-9	-	0.33	-	-	-	ITIH3	"Broad depression or bipolar disorder"	"bipolar disorder,major depressive disorder"	-	GCST007255	3:52799203	30626913	"Amare AT"
rs4765914-T	5E-9	-	0.79	-	-	-	CACNA1C	"Broad depression or bipolar disorder"	"bipolar disorder,major depressive disorder"	-	GCST007255	12:2311211	30626913	"Amare AT"
rs12407717-T	2E-8	-	0.13	-	-	-	LINC01648,LINC01756	"Broad depression or schizophrenia"	"schizophrenia,major depressive disorder"	-	GCST007257	1:29953167	30626913	"Amare AT"
rs12128108-T	3E-9	-	0.23	-	-	-	AGBL4	"Broad depression or schizophrenia"	"schizophrenia,major depressive disorder"	-	GCST007257	1:49827749	30626913	"Amare AT"
rs2318763-A	5E-11	-	0.17	-	-	-	VPS45	"Broad depression or schizophrenia"	"schizophrenia,major depressive disorder"	-	GCST007257	1:150143798	30626913	"Amare AT"
rs7597593-T	3E-12	-	0.62	-	-	-	ZNF804A	"Broad depression or schizophrenia"	"schizophrenia,major depressive disorder"	-	GCST007257	2:184668853	30626913	"Amare AT"
rs2535629-A	2E-11	-	0.33	-	-	-	ITIH3	"Broad depression or schizophrenia"	"schizophrenia,major depressive disorder"	-	GCST007257	3:52799203	30626913	"Amare AT"
rs1966136-A	6E-11	-	0.41	-	-	-	FHIT	"Broad depression or schizophrenia"	"schizophrenia,major depressive disorder"	-	GCST007257	3:61167905	30626913	"Amare AT"
rs911186-A	4E-18	-	0.23	-	-	-	RPL10P2,MIR3143	"Broad depression or schizophrenia"	"schizophrenia,major depressive disorder"	-	GCST007257	6:27182820	30626913	"Amare AT"
rs1265099-A	2E-10	-	0.41	-	-	-	PSORS1C1,PSORS1C2	"Broad depression or schizophrenia"	"schizophrenia,major depressive disorder"	-	GCST007257	6:31137636	30626913	"Amare AT"
rs389883-T	1E-12	-	0.68	-	-	-	STK19	"Broad depression or schizophrenia"	"schizophrenia,major depressive disorder"	-	GCST007257	6:31979683	30626913	"Amare AT"
rs4976976-A	4E-12	-	0.4	-	-	-	TSNARE1	"Broad depression or schizophrenia"	"schizophrenia,major depressive disorder"	-	GCST007257	8:142230292	30626913	"Amare AT"
rs2026194-T	2E-9	-	0.24	-	-	-	MTCO3P40,RPS6P12	"Broad depression or schizophrenia"	"schizophrenia,major depressive disorder"	-	GCST007257	9:82467984	30626913	"Amare AT"
rs10774037-A	8E-12	-	0.79	-	-	-	CACNA1C	"Broad depression or schizophrenia"	"schizophrenia,major depressive disorder"	-	GCST007257	12:2311360	30626913	"Amare AT"
rs2182139-T	8E-10	-	0.75	-	-	-	RTN1	"Broad depression or schizophrenia"	"schizophrenia,major depressive disorder"	-	GCST007257	14:59682515	30626913	"Amare AT"
rs4906335-A	9E-16	-	0.28	-	-	-	RNU7-160P,BAG5	"Broad depression or schizophrenia"	"schizophrenia,major depressive disorder"	-	GCST007257	14:103554804	30626913	"Amare AT"
rs4843613-T	5E-9	-	0.83	-	-	-	ZCCHC14	"Broad depression or schizophrenia"	"schizophrenia,major depressive disorder"	-	GCST007257	16:87456092	30626913	"Amare AT"
rs9951150-A	7E-9	-	0.46	-	-	-	TCF4,RNA5SP459	"Broad depression or schizophrenia"	"schizophrenia,major depressive disorder"	-	GCST007257	18:55153893	30626913	"Amare AT"
rs9323497-?	4E-6	(European)	NR	-	"4.61 Z score increase"	-	PLEK2	"Depressive symptom measurement or major depressive disorder"	"depressive symptom measurement,major depressive disorder"	-	GCST004024	14:67406411	28049566	"Direk N"
rs9825823-?	7E-10	-	NR	-	"6.2 Z score increase"	-	FHIT	"Depressive symptom measurement or major depressive disorder"	"depressive symptom measurement,major depressive disorder"	-	GCST004024	3:61096480	28049566	"Direk N"
rs1074145-?	2E-16	"(S-DCT/S-CT ratio)"	0.162	-	-	-	CYP2C9,RPL7AP52	"Response to serotonin reuptake inhibitors in major depressive disorder (plasma drug and metabolite levels)"	"response to selective serotonin reuptake inhibitor,major depressive disorder"	-	GCST002549	10:94922089	24528284	"Ji Y"
rs1074145-?	4E-9	"(S-CT concentration)"	0.162	-	-	-	CYP2C9,RPL7AP52	"Response to serotonin reuptake inhibitors in major depressive disorder (plasma drug and metabolite levels)"	"response to selective serotonin reuptake inhibitor,major depressive disorder"	-	GCST002549	10:94922089	24528284	"Ji Y"
rs9747992-?	2E-7	"(S-DCT concentration)"	0.086	-	-	-	LINC01977,CBX4	"Response to serotonin reuptake inhibitors in major depressive disorder (plasma drug and metabolite levels)"	"response to selective serotonin reuptake inhibitor,major depressive disorder"	-	GCST002549	17:79831041	24528284	"Ji Y"
rs2059865-?	3E-7	"(S-DCT concentration)"	0.235	-	-	-	PDZD2	"Response to serotonin reuptake inhibitors in major depressive disorder (plasma drug and metabolite levels)"	"response to selective serotonin reuptake inhibitor,major depressive disorder"	-	GCST002549	5:31766326	24528284	"Ji Y"
rs55734731-?	4E-7	"(S-CT concentration, adjusted for CYP2C19)"	0.124	-	-	-	HSPE1P1,LINC01370	"Response to serotonin reuptake inhibitors in major depressive disorder (plasma drug and metabolite levels)"	"response to selective serotonin reuptake inhibitor,major depressive disorder"	-	GCST002549	20:39943772	24528284	"Ji Y"
rs71607999-?	7E-9	"(S-DCT/S-CT ratio, adjusted for CYP2C19)"	0.165	-	-	-	LINC02434,RPL7AP27	"Response to serotonin reuptake inhibitors in major depressive disorder (plasma drug and metabolite levels)"	"response to selective serotonin reuptake inhibitor,major depressive disorder"	-	GCST002549	4:188269957	24528284	"Ji Y"
rs11934750-?	1E-7	"(S-DCT/S-CT ratio, adjusted for CYP2C19)"	0.160	-	-	-	IGBP1P5,RN7SL101P	"Response to serotonin reuptake inhibitors in major depressive disorder (plasma drug and metabolite levels)"	"response to selective serotonin reuptake inhibitor,major depressive disorder"	-	GCST002549	4:27962783	24528284	"Ji Y"
rs77724872-?	7E-7	"(S-DCT concentration, adjusted for CYP2C19)"	0.047	-	-	-	CHST11,TXNRD1	"Response to serotonin reuptake inhibitors in major depressive disorder (plasma drug and metabolite levels)"	"response to selective serotonin reuptake inhibitor,major depressive disorder"	-	GCST002549	12:104360722	24528284	"Ji Y"
rs8102150-?	7E-7	"(S-DCT concentration, adjusted for CYP2C19)"	0.028	-	-	-	TSKS,CPT1C	"Response to serotonin reuptake inhibitors in major depressive disorder (plasma drug and metabolite levels)"	"response to selective serotonin reuptake inhibitor,major depressive disorder"	-	GCST002549	19:49727070	24528284	"Ji Y"
rs1722229-?	1E-6	"(S-CT concentration, adjusted for CYP2C19)"	0.034	-	-	-	CUX1,MYL10	"Response to serotonin reuptake inhibitors in major depressive disorder (plasma drug and metabolite levels)"	"response to selective serotonin reuptake inhibitor,major depressive disorder"	-	GCST002549	7:101642897	24528284	"Ji Y"
rs117020818-?	7E-7	"(S-DCT concentration)"	0.046	-	-	-	RASSF10,BMAL1	"Response to serotonin reuptake inhibitors in major depressive disorder (plasma drug and metabolite levels)"	"response to selective serotonin reuptake inhibitor,major depressive disorder"	-	GCST002549	11:13107616	24528284	"Ji Y"
rs1058172-?	2E-16	"(S-DDCT concentration)"	0.155	-	-	-	SEPTIN3	"Response to serotonin reuptake inhibitors in major depressive disorder (plasma drug and metabolite levels)"	"response to selective serotonin reuptake inhibitor,major depressive disorder"	-	GCST002549	22:41996807	24528284	"Ji Y"
rs1058172-?	8E-16	"(S-DDCT/S-DCT ratio)"	0.155	-	-	-	NDUFA6-DT,CYP2D6	"Response to serotonin reuptake inhibitors in major depressive disorder (plasma drug and metabolite levels)"	"response to selective serotonin reuptake inhibitor,major depressive disorder"	-	GCST002549	22:42127526	24528284	"Ji Y"
rs1065852-?	2E-16	"(S-DDCT concentration)"	0.215	-	-	-	CYP2D6,NDUFA6-DT	"Response to serotonin reuptake inhibitors in major depressive disorder (plasma drug and metabolite levels)"	"response to selective serotonin reuptake inhibitor,major depressive disorder"	-	GCST002549	22:42130692	24528284	"Ji Y"
rs1065852-?	8E-16	"(S-DDCT/S-DCT ratio)"	0.215	-	-	-	CYP2D6,NDUFA6-DT	"Response to serotonin reuptake inhibitors in major depressive disorder (plasma drug and metabolite levels)"	"response to selective serotonin reuptake inhibitor,major depressive disorder"	-	GCST002549	22:42130692	24528284	"Ji Y"
rs72737330-C	9E-7	(AA)	0.163	-	"1.003 unit decrease"	-	ESRRG	"Major depression and alcohol dependence"	"alcohol dependence,major depressive disorder"	-	GCST005022	1:216600151	29071344	"Zhou H"
rs11825659-G	1E-6	(AA)	NR	-	"0.484 unit decrease"	-	IGSF9B	"Major depression and alcohol dependence"	"alcohol dependence,major depressive disorder"	-	GCST005022	11:133925624	29071344	"Zhou H"
rs74067914-C	7E-6	(AA)	NR	-	"0.646 unit increase"	-	RERGL,Y_RNA	"Major depression and alcohol dependence"	"alcohol dependence,major depressive disorder"	-	GCST005022	12:18036994	29071344	"Zhou H"
rs11179306-C	3E-6	(AA)	0.924	-	"0.821 unit decrease"	-	TRHDE	"Major depression and alcohol dependence"	"alcohol dependence,major depressive disorder"	-	GCST005022	12:72653857	29071344	"Zhou H"
rs544475121-AT	5E-6	(AA)	NR	-	"0.561 unit increase"	-	RB1,LPAR6	"Major depression and alcohol dependence"	"alcohol dependence,major depressive disorder"	-	GCST005022	13:48442207	29071344	"Zhou H"
rs1471450-G	2E-6	(AA)	0.25	-	"0.789 unit increase"	-	LINC02335,RPL13AP25	"Major depression and alcohol dependence"	"alcohol dependence,major depressive disorder"	-	GCST005022	13:54670721	29071344	"Zhou H"
rs10198241-C	1E-6	(AA)	0.608	-	"0.487 unit increase"	-	NYAP2,MIR5702	"Major depression and alcohol dependence"	"alcohol dependence,major depressive disorder"	-	GCST005022	2:226115660	29071344	"Zhou H"
rs13064447-C	4E-6	(AA)	0.454	-	"0.437 unit decrease"	-	TMEM40,CRIP1P1	"Major depression and alcohol dependence"	"alcohol dependence,major depressive disorder"	-	GCST005022	3:12711632	29071344	"Zhou H"
rs11919880-G	6E-6	(AA)	0.313	-	"0.509 unit decrease"	-	CCR4,TRIM71	"Major depression and alcohol dependence"	"alcohol dependence,major depressive disorder"	-	GCST005022	3:32920559	29071344	"Zhou H"
rs73459955-C	2E-6	(AA)	0.839	-	"0.603 unit decrease"	-	LINC02852,LETR1	"Major depression and alcohol dependence"	"alcohol dependence,major depressive disorder"	-	GCST005022	15:95109294	29071344	"Zhou H"
rs1693457-C	7E-6	(AA)	0.206	-	"0.514 unit decrease"	-	ADH1B	"Major depression and alcohol dependence"	"alcohol dependence,major depressive disorder"	-	GCST005022	4:99315605	29071344	"Zhou H"
rs2345546-C	2E-6	(AA)	0.882	-	"0.855 unit increase"	-	ZKSCAN2-DT,LINC02191	"Major depression and alcohol dependence"	"alcohol dependence,major depressive disorder"	-	GCST005022	16:25416151	29071344	"Zhou H"
rs12180309-C	5E-7	(AA)	NR	-	"0.947 unit increase"	-	MIR4643,MAP3K7	"Major depression and alcohol dependence"	"alcohol dependence,major depressive disorder"	-	GCST005022	6:91209048	29071344	"Zhou H"
rs7595950-C	3E-6	(EA)	0.388	-	"0.521 unit increase"	-	MIR4432HG,RNA5SP94	"Major depression and alcohol dependence"	"alcohol dependence,major depressive disorder"	-	GCST005022	2:59916057	29071344	"Zhou H"
rs73017046-G	6E-6	(AA)	0.853	-	"0.83 unit increase"	-	SNRPEP6,SASH1	"Major depression and alcohol dependence"	"alcohol dependence,major depressive disorder"	-	GCST005022	6:148560592	29071344	"Zhou H"
rs2905347-G	6E-6	(AA)	0.439	-	"0.455 unit increase"	-	STEAP1B-AS1,STEAP1B	"Major depression and alcohol dependence"	"alcohol dependence,major depressive disorder"	-	GCST005022	7:22580700	29071344	"Zhou H"
rs55702914-G	1E-6	-	0.354	-	"0.371 unit decrease"	[0.22-0.52]	NPM1P46,ANKRD44-DT	"Major depression and alcohol dependence"	"alcohol dependence,major depressive disorder"	-	GCST005022	2:197349672	29071344	"Zhou H"
rs60617249-G	4E-6	(AA)	0.505	-	"0.436 unit decrease"	-	COBL,GRB10	"Major depression and alcohol dependence"	"alcohol dependence,major depressive disorder"	-	GCST005022	7:50944161	29071344	"Zhou H"
rs9844985-C	2E-6	-	0.552	-	"0.364 unit increase"	[0.22-0.51]	LSAMP	"Major depression and alcohol dependence"	"alcohol dependence,major depressive disorder"	-	GCST005022	3:117163885	29071344	"Zhou H"
rs79246196-C	1E-6	(AA)	NR	-	"1.016 unit increase"	-	STAG3	"Major depression and alcohol dependence"	"alcohol dependence,major depressive disorder"	-	GCST005022	7:100185286	29071344	"Zhou H"
rs10940051-C	6E-6	-	0.706	-	"0.366 unit increase"	[0.21-0.52]	NLN	"Major depression and alcohol dependence"	"alcohol dependence,major depressive disorder"	-	GCST005022	5:65811762	29071344	"Zhou H"
rs115357105-G	9E-7	(AA)	NR	-	"1.132 unit increase"	-	TOPORSLP,OR13F1	"Major depression and alcohol dependence"	"alcohol dependence,major depressive disorder"	-	GCST005022	9:104376689	29071344	"Zhou H"
rs2886497-G	6E-6	(AA)	0.547	-	"0.44 unit decrease"	-	OTUD1,C10orf67-AS1	"Major depression and alcohol dependence"	"alcohol dependence,major depressive disorder"	-	GCST005022	10:23381413	29071344	"Zhou H"
rs2243668-G	9E-6	(AA)	0.909	-	"0.868 unit increase"	-	NRP1	"Major depression and alcohol dependence"	"alcohol dependence,major depressive disorder"	-	GCST005022	10:33274965	29071344	"Zhou H"
rs12222290-G	4E-6	(AA)	0.503	-	"0.447 unit decrease"	-	GALNT18	"Major depression and alcohol dependence"	"alcohol dependence,major depressive disorder"	-	GCST005022	11:11455298	29071344	"Zhou H"
rs3018100-G	5E-6	(AA)	0.275	-	"0.616 unit increase"	-	RPS3	"Major depression and alcohol dependence"	"alcohol dependence,major depressive disorder"	-	GCST005022	11:75417295	29071344	"Zhou H"
rs73513496-G	4E-6	(AA)	NR	-	"0.939 unit decrease"	-	COX6A1P4,LINC02720	"Major depression and alcohol dependence"	"alcohol dependence,major depressive disorder"	-	GCST005022	11:80799224	29071344	"Zhou H"
rs488109-G	4E-6	(AA)	0.395	-	"0.475 unit decrease"	-	SPMIP3,RN7SL148P	"Major depression and alcohol dependence"	"alcohol dependence,major depressive disorder"	-	GCST005022	1:244265229	29071344	"Zhou H"
rs7556950-C	8E-6	(AA)	0.099	-	"0.655 unit increase"	-	HNRNPA1P57,LDHAP3	"Major depression and alcohol dependence"	"alcohol dependence,major depressive disorder"	-	GCST005022	2:41582921	29071344	"Zhou H"
rs112525781-C	9E-6	(AA)	NR	-	"0.911 unit decrease"	-	SNORA72,AHCYP4	"Major depression and alcohol dependence"	"alcohol dependence,major depressive disorder"	-	GCST005022	2:138961777	29071344	"Zhou H"
rs115182184-G	8E-6	(AA)	NR	-	"0.952 unit increase"	-	NR4A2	"Major depression and alcohol dependence"	"alcohol dependence,major depressive disorder"	-	GCST005022	2:156342049	29071344	"Zhou H"
rs75104126-C	3E-6	(AA)	0.878	-	"1.011 unit decrease"	-	RPL13AP25,LINC02335	"Major depression and alcohol dependence"	"alcohol dependence,major depressive disorder"	-	GCST005022	13:54883367	29071344	"Zhou H"
rs58598658-C	1E-6	(AA)	0.446	-	"0.465 unit increase"	-	KLF12	"Major depression and alcohol dependence"	"alcohol dependence,major depressive disorder"	-	GCST005022	13:73887726	29071344	"Zhou H"
rs77993859-G	8E-6	(AA)	NR	-	"0.82 unit decrease"	-	ANXA2,FOXB1	"Major depression and alcohol dependence"	"alcohol dependence,major depressive disorder"	-	GCST005022	15:60155639	29071344	"Zhou H"
rs797003128-C	5E-6	(AA)	NR	-	"0.651 unit decrease"	-	BBS4	"Major depression and alcohol dependence"	"alcohol dependence,major depressive disorder"	-	GCST005022	15:72730279	29071344	"Zhou H"
rs11129574-C	4E-6	(AA)	0.936	-	"1.079 unit increase"	-	LINC01811	"Major depression and alcohol dependence"	"alcohol dependence,major depressive disorder"	-	GCST005022	3:33972800	29071344	"Zhou H"
rs12597282-C	7E-6	(AA)	0.534	-	"0.446 unit decrease"	-	LINC02152,RBFOX1	"Major depression and alcohol dependence"	"alcohol dependence,major depressive disorder"	-	GCST005022	16:7794410	29071344	"Zhou H"
rs113942939-G	3E-6	(AA)	NR	-	"1.158 unit decrease"	-	EBF1,LINC02227	"Major depression and alcohol dependence"	"alcohol dependence,major depressive disorder"	-	GCST005022	5:158659196	29071344	"Zhou H"
rs2094081-G	4E-7	(EA)	NR	-	"1.519 unit decrease"	-	RHBDL2,RRAGC-DT	"Major depression and alcohol dependence"	"alcohol dependence,major depressive disorder"	-	GCST005022	1:38927359	29071344	"Zhou H"
rs6930781-C	3E-6	(AA)	0.514	-	"0.46 unit increase"	-	WASF1,GPR6	"Major depression and alcohol dependence"	"alcohol dependence,major depressive disorder"	-	GCST005022	6:110006481	29071344	"Zhou H"
rs13031275-C	5E-6	(EA)	NR	-	"1.032 unit increase"	-	NEB,RIF1	"Major depression and alcohol dependence"	"alcohol dependence,major depressive disorder"	-	GCST005022	2:151489980	29071344	"Zhou H"
rs12109691-G	2E-6	(EA)	0.72	-	"0.601 unit decrease"	-	HSD17B4,FAM170A	"Major depression and alcohol dependence"	"alcohol dependence,major depressive disorder"	-	GCST005022	5:119630805	29071344	"Zhou H"
rs34929064-C	7E-6	(AA)	0.247	-	"0.498 unit decrease"	-	STEAP1B	"Major depression and alcohol dependence"	"alcohol dependence,major depressive disorder"	-	GCST005022	7:22688653	29071344	"Zhou H"
rs58335266-G	6E-6	-	0.364	-	"0.341 unit increase"	[0.19-0.49]	HSPE1-MOB4,HSPD1	"Major depression and alcohol dependence"	"alcohol dependence,major depressive disorder"	-	GCST005022	2:197505616	29071344	"Zhou H"
rs139438618-G	2E-11	(AA)	NR	-	"0.869 unit increase"	-	SEMA3A	"Major depression and alcohol dependence"	"alcohol dependence,major depressive disorder"	-	GCST005022	7:84008281	29071344	"Zhou H"
rs543964416-AA	7E-6	-	0.258	-	"0.404 unit decrease"	[0.23-0.58]	ADH1A,ADH1B	"Major depression and alcohol dependence"	"alcohol dependence,major depressive disorder"	-	GCST005022	4:99302636	29071344	"Zhou H"
rs12544026-G	1E-6	(AA)	0.136	-	"0.969 unit decrease"	-	NCALD	"Major depression and alcohol dependence"	"alcohol dependence,major depressive disorder"	-	GCST005022	8:101819970	29071344	"Zhou H"
rs61453857-?	1E-8	-	NR	-	-	-	HNRNPA1P64,HMGB1P18	"Major depressive disorder or stroke (pleiotropy)"	"stroke,major depressive disorder"	-	GCST90095484	1:80427425	34859065	"Zhang F"
rs1568452-?	1E-8	-	NR	-	-	-	ACTG1P22,VRK2	"Major depressive disorder or stroke (pleiotropy)"	"stroke,major depressive disorder"	-	GCST90095484	2:57785698	34859065	"Zhang F"
rs76485002-?	3E-10	-	NR	-	-	-	GYPC,YWHAZP2	"Major depressive disorder or stroke (pleiotropy)"	"stroke,major depressive disorder"	-	GCST90095484	2:126584690	34859065	"Zhang F"
rs12994955-?	3E-8	-	NR	-	-	-	LINC01876	"Major depressive disorder or stroke (pleiotropy)"	"stroke,major depressive disorder"	-	GCST90095484	2:156260463	34859065	"Zhang F"
rs73102900-?	9E-9	-	NR	-	-	-	FHIT,PTPRG	"Major depressive disorder or stroke (pleiotropy)"	"stroke,major depressive disorder"	-	GCST90095484	3:61351632	34859065	"Zhang F"
rs12658032-?	1E-11	-	NR	-	-	-	RNU6-334P,NIHCOLE	"Major depressive disorder or stroke (pleiotropy)"	"stroke,major depressive disorder"	-	GCST90095484	5:104568525	34859065	"Zhang F"
rs4721058-?	2E-9	-	NR	-	-	-	TMEM106B	"Major depressive disorder or stroke (pleiotropy)"	"stroke,major depressive disorder"	-	GCST90095484	7:12227630	34859065	"Zhang F"
rs4741790-?	5E-10	-	NR	-	-	-	CARM1P1	"Major depressive disorder or stroke (pleiotropy)"	"stroke,major depressive disorder"	-	GCST90095484	9:2977388	34859065	"Zhang F"
rs3824344-?	7E-9	-	NR	-	-	-	PAX5	"Major depressive disorder or stroke (pleiotropy)"	"stroke,major depressive disorder"	-	GCST90095484	9:37000690	34859065	"Zhang F"
rs7029033-?	2E-8	-	NR	-	-	-	DENND1A	"Major depressive disorder or stroke (pleiotropy)"	"stroke,major depressive disorder"	-	GCST90095484	9:123919789	34859065	"Zhang F"
rs7968921-?	9E-9	-	NR	-	-	-	SOX5	"Major depressive disorder or stroke (pleiotropy)"	"stroke,major depressive disorder"	-	GCST90095484	12:23807243	34859065	"Zhang F"
rs7152906-?	4E-9	-	NR	-	-	-	AREL1	"Major depressive disorder or stroke (pleiotropy)"	"stroke,major depressive disorder"	-	GCST90095484	14:74658837	34859065	"Zhang F"
rs2163544-?	7E-9	-	NR	-	-	-	MIR924HG	"Major depressive disorder or stroke (pleiotropy)"	"stroke,major depressive disorder"	-	GCST90095484	18:39305111	34859065	"Zhang F"
rs2807852-?	2E-8	-	NR	-	-	-	HLX-AS1	"Major depressive disorder or glomerular filtration rate estimated from creatine (MTAG)"	"glomerular filtration rate,major depressive disorder"	-	GCST90446215	1:220850814	38858783	"Yu S"
rs9393715-?	6E-18	-	NR	-	-	-	BTN3A2	"Major depressive disorder or glomerular filtration rate estimated from creatine (MTAG)"	"glomerular filtration rate,major depressive disorder"	-	GCST90446215	6:26375417	38858783	"Yu S"
rs35984974-?	2E-19	-	NR	-	-	-	MCFD2P1,ZNF184	"Major depressive disorder or glomerular filtration rate estimated from creatine (MTAG)"	"glomerular filtration rate,major depressive disorder"	-	GCST90446215	6:27442643	38858783	"Yu S"
rs148696809-?	1E-19	-	NR	-	-	-	KRT18P1,LINC01556	"Major depressive disorder or glomerular filtration rate estimated from creatine (MTAG)"	"glomerular filtration rate,major depressive disorder"	-	GCST90446215	6:28966575	38858783	"Yu S"
rs2523593-?	2E-26	-	NR	-	-	-	HLA-B	"Major depressive disorder or glomerular filtration rate estimated from creatine (MTAG)"	"glomerular filtration rate,major depressive disorder"	-	GCST90446215	6:31358926	38858783	"Yu S"
rs3828906-?	4E-8	-	NR	-	-	-	MICB	"Major depressive disorder or glomerular filtration rate estimated from creatine (MTAG)"	"glomerular filtration rate,major depressive disorder"	-	GCST90446215	6:31497141	38858783	"Yu S"
rs1008438-?	1E-20	-	NR	-	-	-	HSPA1L,HSPA1A	"Major depressive disorder or glomerular filtration rate estimated from creatine (MTAG)"	"glomerular filtration rate,major depressive disorder"	-	GCST90446215	6:31815431	38858783	"Yu S"
rs665058-?	7E-13	-	NR	-	-	-	CTNND1	"Major depressive disorder or glomerular filtration rate estimated from creatine (MTAG)"	"glomerular filtration rate,major depressive disorder"	-	GCST90446215	11:57811694	38858783	"Yu S"
rs56263644-?	5E-8	-	NR	-	-	-	KDM3A	"Major depressive disorder or glomerular filtration rate estimated from cystatin (MTAG)"	"glomerular filtration rate,major depressive disorder"	-	GCST90446216	2:86443951	38858783	"Yu S"
rs13200921-?	3E-14	-	NR	-	-	-	SLC17A1	"Major depressive disorder or glomerular filtration rate estimated from cystatin (MTAG)"	"glomerular filtration rate,major depressive disorder"	-	GCST90446216	6:25790150	38858783	"Yu S"
rs57440165-?	6E-24	-	NR	-	-	-	GUSBP2,ZNF322	"Major depressive disorder or glomerular filtration rate estimated from cystatin (MTAG)"	"glomerular filtration rate,major depressive disorder"	-	GCST90446216	6:26875738	38858783	"Yu S"
rs71537572-?	3E-27	-	NR	-	-	-	OR2W4P,ZSCAN16-AS1	"Major depressive disorder or glomerular filtration rate estimated from cystatin (MTAG)"	"glomerular filtration rate,major depressive disorder"	-	GCST90446216	6:28002937	38858783	"Yu S"
rs2859368-?	6E-15	-	NR	-	-	-	COX11P1,OR2E1P	"Major depressive disorder or glomerular filtration rate estimated from cystatin (MTAG)"	"glomerular filtration rate,major depressive disorder"	-	GCST90446216	6:28450262	38858783	"Yu S"
rs144447022-?	2E-29	-	NR	-	-	-	LINC03003	"Major depressive disorder or glomerular filtration rate estimated from cystatin (MTAG)"	"glomerular filtration rate,major depressive disorder"	-	GCST90446216	6:29276442	38858783	"Yu S"
rs139747027-?	2E-8	-	NR	-	-	-	HCG18	"Major depressive disorder or glomerular filtration rate estimated from cystatin (MTAG)"	"glomerular filtration rate,major depressive disorder"	-	GCST90446216	6:30248409	38858783	"Yu S"
rs2233960-?	2E-16	-	NR	-	-	-	PSORS1C1,C6orf15	"Major depressive disorder or glomerular filtration rate estimated from cystatin (MTAG)"	"glomerular filtration rate,major depressive disorder"	-	GCST90446216	6:31113275	38858783	"Yu S"
rs2442722-?	3E-43	-	NR	-	-	-	LINC02571,HLA-B	"Major depressive disorder or glomerular filtration rate estimated from cystatin (MTAG)"	"glomerular filtration rate,major depressive disorder"	-	GCST90446216	6:31352464	38858783	"Yu S"
rs1008438-?	8E-22	-	NR	-	-	-	HSPA1L,HSPA1A	"Major depressive disorder or glomerular filtration rate estimated from cystatin (MTAG)"	"glomerular filtration rate,major depressive disorder"	-	GCST90446216	6:31815431	38858783	"Yu S"
rs487762-?	2E-9	-	NR	-	-	-	ITPR3,LINC00336	"Major depressive disorder or glomerular filtration rate estimated from cystatin (MTAG)"	"glomerular filtration rate,major depressive disorder"	-	GCST90446216	6:33598381	38858783	"Yu S"
rs17035646-?	1E-8	-	NR	-	-	-	CASZ1	"Major depressive disorder or urinary albumin-to-creatinine ratio (MTAG)"	"urinary albumin to creatinine ratio,major depressive disorder"	-	GCST90446217	1:10736490	38858783	"Yu S"
rs7531118-?	2E-9	-	NR	-	-	-	LINC02796	"Major depressive disorder or urate levels (MTAG)"	"urate measurement,major depressive disorder"	-	GCST90446218	1:72371556	38858783	"Yu S"
rs4665390-?	2E-11	-	NR	-	-	-	LINC01460,MRPL33	"Major depressive disorder or urate levels (MTAG)"	"urate measurement,major depressive disorder"	-	GCST90446218	2:27767042	38858783	"Yu S"
rs115557272-?	4E-11	-	NR	-	-	-	IBSP	"Major depressive disorder or urate levels (MTAG)"	"urate measurement,major depressive disorder"	-	GCST90446218	4:87809940	38858783	"Yu S"
rs10086261-?	4E-10	-	NR	-	-	-	RNU2-54P,HNF4G	"Major depressive disorder or urate levels (MTAG)"	"urate measurement,major depressive disorder"	-	GCST90446218	8:75608860	38858783	"Yu S"
rs76088737-?	3E-8	-	NR	-	-	-	PTPRJ	"Major depressive disorder or urate levels (MTAG)"	"urate measurement,major depressive disorder"	-	GCST90446218	11:48050165	38858783	"Yu S"
rs4714291-?	7E-9	-	NR	-	-	-	TUBBP9,TDRG1	"Major depressive disorder or blood urea nitrogen levels (MTAG)"	"blood urea nitrogen amount,major depressive disorder"	-	GCST90446214	6:40035893	38858783	"Yu S"
rs7893954-?	2E-12	-	NR	-	-	-	SUFU	"Major depressive disorder or blood urea nitrogen levels (MTAG)"	"blood urea nitrogen amount,major depressive disorder"	-	GCST90446214	10:102559209	38858783	"Yu S"
rs76400970-?	9E-9	-	NR	-	-	-	LINC02710	"Major depressive disorder or blood urea nitrogen levels (MTAG)"	"blood urea nitrogen amount,major depressive disorder"	-	GCST90446214	11:46210340	38858783	"Yu S"
rs1468662-?	4E-9	-	NR	-	-	-	DPF3	"Major depressive disorder or urate levels (MTAG)"	"urate measurement,major depressive disorder"	-	GCST90446218	14:72817034	38858783	"Yu S"
rs10514650-A	2E-6	-	NR	4.2	-	NR	NUTF2P8,TDRD15	"Depression in multiple sclerosis (pre-diagnosis)"	"major depressive disorder,multiple sclerosis"	-	GCST011679	2:21296299	33296963	"Brugger SW"
rs10832000-G	2E-6	-	NR	4.27	-	NR	RASSF10,BMAL1	"Depression in multiple sclerosis (pre-diagnosis)"	"major depressive disorder,multiple sclerosis"	-	GCST011679	11:13228852	33296963	"Brugger SW"
rs28758178-A	3E-6	-	NR	4.44	-	NR	TM2D3	"Depression in multiple sclerosis (pre-diagnosis)"	"major depressive disorder,multiple sclerosis"	-	GCST011679	15:101648782	33296963	"Brugger SW"
rs74696548-G	3E-6	-	NR	5.1	-	NR	SGO1-AS1	"Depression in multiple sclerosis (pre-diagnosis)"	"major depressive disorder,multiple sclerosis"	-	GCST011679	3:20734902	33296963	"Brugger SW"
rs12612334-C	3E-6	-	NR	1.91	-	NR	SUCLA2P2,GCFC2	"Depression in multiple sclerosis (post-diagnosis)"	"major depressive disorder,multiple sclerosis"	-	GCST011678	2:75885737	33296963	"Brugger SW"
rs898-C	4E-6	-	NR	2.02	-	NR	PTGFR	"Depression in multiple sclerosis (post-diagnosis)"	"major depressive disorder,multiple sclerosis"	-	GCST011678	1:78537573	33296963	"Brugger SW"
rs10513196-A	4E-7	-	NR	1.9	-	NR	LINC01990,BBX	"Depression in multiple sclerosis"	"major depressive disorder,multiple sclerosis"	-	GCST011680	3:107506831	33296963	"Brugger SW"
rs3003482-G	3E-6	-	NR	1.83	-	NR	PADI1	"Depression in multiple sclerosis"	"major depressive disorder,multiple sclerosis"	-	GCST011680	1:17224106	33296963	"Brugger SW"
rs114086183-?	4E-8	-	NR	-	"0.16 unit increase"	[0.1-0.22]	LRRTM4	"Depression x vitamin D PRS interaction (COJO adjusted)"	"vitamin D amount,major depressive disorder"	-	GCST90085906	2:76868815	34684344	"Zhang Z"
rs117102029-?	4E-8	-	NR	-	"0.01 unit increase"	[0.0061-0.0139]	HIGD1C	"Depression score x vitamin D interaction"	"vitamin D amount,major depressive disorder"	-	GCST90085911	12:50969674	34684344	"Zhang Z"
rs139747326-T	4E-10	-	0.99	-	"2.08 unit increase"	[1.43-2.73]	PTAR1	"Cognitive function (global cognition) x major depressive disorder interaction (1df)"	"cognitive function measurement,major depressive disorder"	-	GCST90096940	9:69734188	34782712	"Thalamuthu A"
rs117658905-A	4E-10	-	0.99	-	"2.1 unit increase"	[1.43-2.77]	RPL19P1,CPXM1	"Cognitive function (global cognition) x major depressive disorder interaction (1df)"	"cognitive function measurement,major depressive disorder"	-	GCST90096940	20:2781903	34782712	"Thalamuthu A"
rs148528269-T	2E-8	-	0.99	-	"2.59 unit increase"	[1.69-3.49]	DBF4P1,RPL7AP50	"Cognitive function (global cognition) x major depressive disorder interaction (1df)"	"cognitive function measurement,major depressive disorder"	-	GCST90096940	10:64011591	34782712	"Thalamuthu A"
rs72635025-A	2E-11	-	0.99	-	-	-	ADAMTS5	"Cognitive function (global cognition) x major depressive disorder interaction (2df)"	"cognitive function measurement,major depressive disorder"	-	GCST90096941	21:26959907	34782712	"Thalamuthu A"
rs139747326-T	5E-11	-	0.99	-	-	-	PTAR1	"Cognitive function (global cognition) x major depressive disorder interaction (2df)"	"cognitive function measurement,major depressive disorder"	-	GCST90096941	9:69734188	34782712	"Thalamuthu A"
rs141570953-A	5E-10	-	0.01	-	-	-	ARFGEF1-DT	"Cognitive function (global cognition) x major depressive disorder interaction (2df)"	"cognitive function measurement,major depressive disorder"	-	GCST90096941	8:67362229	34782712	"Thalamuthu A"
rs112979588-T	9E-10	-	0.99	-	-	-	DCAF6	"Cognitive function (global cognition) x major depressive disorder interaction (2df)"	"cognitive function measurement,major depressive disorder"	-	GCST90096941	1:168019313	34782712	"Thalamuthu A"
rs117658905-A	2E-9	-	0.99	-	-	-	RPL19P1,CPXM1	"Cognitive function (global cognition) x major depressive disorder interaction (2df)"	"cognitive function measurement,major depressive disorder"	-	GCST90096941	20:2781903	34782712	"Thalamuthu A"
rs148528269-T	2E-9	-	0.99	-	-	-	DBF4P1,RPL7AP50	"Cognitive function (global cognition) x major depressive disorder interaction (2df)"	"cognitive function measurement,major depressive disorder"	-	GCST90096941	10:64011591	34782712	"Thalamuthu A"
rs111479436-T	8E-9	-	0.01	-	-	-	SGK3,C8orf44-SGK3	"Cognitive function (global cognition) x major depressive disorder interaction (2df)"	"cognitive function measurement,major depressive disorder"	-	GCST90096941	8:66721108	34782712	"Thalamuthu A"
rs6835108-A	2E-8	-	0.77	-	-	-	REST,SPINK2	"Cognitive function (global cognition) x major depressive disorder interaction (2df)"	"cognitive function measurement,major depressive disorder"	-	GCST90096941	4:56874168	34782712	"Thalamuthu A"
rs117823280-T	2E-9	-	0.01	-	-	-	ZNF839	"Cognitive function (delayed memory) x major depressive disorder interaction (2df)"	"cognitive function measurement,major depressive disorder"	-	GCST90096935	14:102329516	34782712	"Thalamuthu A"
rs117688348-C	2E-8	-	0.02	-	-	-	MYH10	"Cognitive function (delayed memory) x major depressive disorder interaction (2df)"	"cognitive function measurement,major depressive disorder"	-	GCST90096935	17:8532498	34782712	"Thalamuthu A"
rs7531118-T	4E-10	-	NR	-	-	-	LINC02796	"Education attainment or major depressive disorder"	"educational attainment,major depressive disorder"	-	GCST90455648	1:72371556	38250258	"Chen D"
rs76025409-C	6E-11	-	NR	-	-	-	NIHCOLE,RNU6-334P	"Education attainment or major depressive disorder"	"educational attainment,major depressive disorder"	-	GCST90455648	5:104448100	38250258	"Chen D"
rs7231178-?	2E-9	-	NR	-	-	-	DCC	"Depression (time to event)"	"age at diagnosis,major depressive disorder"	-	GCST90102282	18:53227371	35017462	"Meng P"
rs8092490-?	3E-9	-	NR	-	-	-	DCC	"Depression (time to event)"	"age at diagnosis,major depressive disorder"	-	GCST90102282	18:53228261	35017462	"Meng P"
rs146002209-?	4E-9	-	NR	-	-	-	DCC	"Depression (time to event)"	"age at diagnosis,major depressive disorder"	-	GCST90102282	18:53345762	35017462	"Meng P"
rs142610580-?	6E-10	-	NR	0.364	-	[0.045-0.683]	THSD7A,TMEM106B	"Major depressive disorder and major depressive episode treated with electroconvulsive therapy"	"major depressive episode,major depressive disorder"	-	GCST012094	7:11999309	33483693	"Clements CC"
rs144631932-?	8E-8	-	NR	0.4001	-	[0.066-0.735]	ENPP2	"Major depressive disorder and major depressive episode treated with electroconvulsive therapy"	"major depressive episode,major depressive disorder"	-	GCST012094	8:119634494	33483693	"Clements CC"
rs114583506-?	1E-7	-	NR	0.5845	-	[0.39-0.78]	LINC02571	"Major depressive disorder and major depressive episode treated with electroconvulsive therapy"	"major depressive episode,major depressive disorder"	-	GCST012094	6:31296024	33483693	"Clements CC"
rs2019562-?	4E-7	-	NR	1.3036	-	[1.2-1.41]	SETD1B	"Major depressive disorder and major depressive episode treated with electroconvulsive therapy"	"major depressive episode,major depressive disorder"	-	GCST012094	12:121812585	33483693	"Clements CC"
rs8029518-?	5E-7	-	NR	0.8	-	[0.71-0.89]	PGAM1P12,RN7SKP254	"Major depressive disorder and major depressive episode treated with electroconvulsive therapy"	"major depressive episode,major depressive disorder"	-	GCST012094	15:96445427	33483693	"Clements CC"
rs12901487-?	1E-6	-	NR	0.6539	-	[0.48-0.83]	LINC02351,LINC01582	"Major depressive disorder and major depressive episode treated with electroconvulsive therapy"	"major depressive episode,major depressive disorder"	-	GCST012094	15:98176644	33483693	"Clements CC"
rs61882930-?	1E-6	-	NR	0.6229	-	[0.43-0.82]	TENM4,RNU6-544P	"Major depressive disorder and major depressive episode treated with electroconvulsive therapy"	"major depressive episode,major depressive disorder"	-	GCST012094	11:80153511	33483693	"Clements CC"
rs6089573-?	4E-6	-	NR	1.2186	-	[1.13-1.3]	TAF4	"Major depressive disorder and major depressive episode treated with electroconvulsive therapy"	"major depressive episode,major depressive disorder"	-	GCST012094	20:61963596	33483693	"Clements CC"
rs111704153-?	5E-6	-	NR	0.6717	-	[0.5-0.84]	RNU1-89P,TERF1P3	"Major depressive disorder and major depressive episode treated with electroconvulsive therapy"	"major depressive episode,major depressive disorder"	-	GCST012094	4:136037334	33483693	"Clements CC"
rs111644425-?	5E-6	-	NR	1.6062	-	[1.4-1.81]	LZTS2	"Major depressive disorder and major depressive episode treated with electroconvulsive therapy"	"major depressive episode,major depressive disorder"	-	GCST012094	10:101004334	33483693	"Clements CC"
rs75021006-?	5E-6	-	NR	0.6615	-	[0.48-0.84]	ACTR5	"Major depressive disorder and major depressive episode treated with electroconvulsive therapy"	"major depressive episode,major depressive disorder"	-	GCST012094	20:38760885	33483693	"Clements CC"
rs76424112-?	2E-6	-	NR	0.4797	-	[0.18-0.78]	ZC2HC1A,PKIA	"Major depressive disorder and major depressive episode treated with electroconvulsive therapy"	"major depressive episode,major depressive disorder"	-	GCST012094	8:78642056	33483693	"Clements CC"
rs12661598-?	2E-6	-	NR	0.5981	-	[0.39-0.81]	MAP3K7,MIR4643	"Major depressive disorder and major depressive episode treated with electroconvulsive therapy"	"major depressive episode,major depressive disorder"	-	GCST012094	6:90692117	33483693	"Clements CC"
rs78015931-?	3E-6	-	NR	0.5406	-	[0.28-0.8]	PRR11P1,MTMR9P1	"Major depressive disorder and major depressive episode treated with electroconvulsive therapy"	"major depressive episode,major depressive disorder"	-	GCST012094	6:49003645	33483693	"Clements CC"
rs34167917-?	3E-6	-	NR	1.2225	-	[1.14-1.31]	PVT1	"Major depressive disorder and major depressive episode treated with electroconvulsive therapy"	"major depressive episode,major depressive disorder"	-	GCST012094	8:128091749	33483693	"Clements CC"
rs16863859-?	4E-6	-	NR	0.7154	-	[0.57-0.86]	MROH9	"Major depressive disorder and major depressive episode treated with electroconvulsive therapy"	"major depressive episode,major depressive disorder"	-	GCST012094	1:170951918	33483693	"Clements CC"
rs118090245-?	6E-6	-	NR	0.5022	-	[0.2-0.8]	MAN1A2P1,LINC02987	"Major depressive disorder and major depressive episode treated with electroconvulsive therapy"	"major depressive episode,major depressive disorder"	-	GCST012094	19:28436949	33483693	"Clements CC"
rs10735008-?	7E-6	-	NR	1.2548	-	[1.16-1.35]	CACNA1C	"Major depressive disorder and major depressive episode treated with electroconvulsive therapy"	"major depressive episode,major depressive disorder"	-	GCST012094	12:2428921	33483693	"Clements CC"
rs10133132-?	7E-6	-	NR	1.268	-	[1.16-1.37]	OR4E2	"Major depressive disorder and major depressive episode treated with electroconvulsive therapy"	"major depressive episode,major depressive disorder"	-	GCST012094	14:21657740	33483693	"Clements CC"
rs9554995-?	8E-6	-	NR	0.5024	-	[0.2-0.8]	RPL7P45,ATP6V1G1P7	"Major depressive disorder and major depressive episode treated with electroconvulsive therapy"	"major depressive episode,major depressive disorder"	-	GCST012094	13:103810177	33483693	"Clements CC"
rs142865693-?	2E-7	"(Additive model)"	NR	-	-	-	OR5AK3P,OR5AK2	"Depression x maternal smoking during pregnancy interaction"	"smoking behavior trait,major depressive disorder"	-	GCST012444	11:56977155	34118634	"Chu X"
rs142865693-?	5E-8	"(Dominant model)"	NR	-	-	-	OR5AK3P,OR5AK2	"Depression x maternal smoking during pregnancy interaction"	"smoking behavior trait,major depressive disorder"	-	GCST012443	11:56977155	34118634	"Chu X"
rs28385404-?	1E-7	"(Dominant model)"	NR	-	-	-	LINC01582,LINC02251	"Depression x maternal smoking during pregnancy interaction"	"smoking behavior trait,major depressive disorder"	-	GCST012443	15:98034365	34118634	"Chu X"
rs17107300-?	5E-7	"(Dominant model)"	NR	-	-	-	NRXN3	"Depression x maternal smoking during pregnancy interaction"	"smoking behavior trait,major depressive disorder"	-	GCST012443	14:78306980	34118634	"Chu X"
chr1:118832069-?	1E-7	-	0.5877	-	"0.2402 unit decrease"	[0.15-0.33]	-	"Recurrent major depressive disorder x sex interaction"	"sex interaction measurement,major depressive disorder"	-	GCST012303	-	34099189	"Blokland GAM"
rs34136325-A	2E-6	-	0.4007	-	"0.182 unit decrease"	[0.11-0.26]	GUSBP5	"Recurrent major depressive disorder x sex interaction"	"sex interaction measurement,major depressive disorder"	-	GCST012303	4:144224187	34099189	"Blokland GAM"
chr2:169366410-?	2E-6	-	0.9695	-	"0.4873 unit increase"	[0.29-0.69]	-	"Recurrent major depressive disorder x sex interaction"	"sex interaction measurement,major depressive disorder"	-	GCST012303	-	34099189	"Blokland GAM"
rs758593-A	4E-6	-	0.6091	-	"0.163 unit increase"	[0.094-0.232]	SLC6A7	"Recurrent major depressive disorder x sex interaction"	"sex interaction measurement,major depressive disorder"	-	GCST012303	5:150198356	34099189	"Blokland GAM"
rs6727599-T	5E-6	-	0.2099	-	"0.2572 unit decrease"	[0.15-0.37]	LINC01850,ATP5PBP4	"Recurrent major depressive disorder x sex interaction"	"sex interaction measurement,major depressive disorder"	-	GCST012303	2:153308738	34099189	"Blokland GAM"
rs16864755-A	6E-6	-	0.0935	-	"0.3187 unit decrease"	[0.18-0.46]	SCG2,HIGD1AP4	"Recurrent major depressive disorder x sex interaction"	"sex interaction measurement,major depressive disorder"	-	GCST012303	2:223409904	34099189	"Blokland GAM"
rs144999906-T	6E-6	-	0.1197	-	"0.252 unit increase"	[0.14-0.36]	KCTD12,RN7SL571P	"Recurrent major depressive disorder x sex interaction"	"sex interaction measurement,major depressive disorder"	-	GCST012303	13:76762043	34099189	"Blokland GAM"
rs7801945-C	7E-6	-	0.4229	-	"0.2077 unit decrease"	[0.12-0.3]	DNAH11	"Recurrent major depressive disorder x sex interaction"	"sex interaction measurement,major depressive disorder"	-	GCST012303	7:21613837	34099189	"Blokland GAM"
rs6490784-C	1E-5	-	0.5921	-	"0.1652 unit increase"	[0.092-0.238]	SGCG	"Recurrent major depressive disorder x sex interaction"	"sex interaction measurement,major depressive disorder"	-	GCST012303	13:23217636	34099189	"Blokland GAM"
rs10923531-T	9E-6	-	0.2631	-	"0.2313 unit increase"	[0.13-0.33]	RNA5SP56,PSMC1P12	"Recurrent major depressive disorder x sex interaction"	"sex interaction measurement,major depressive disorder"	-	GCST012303	1:118280942	34099189	"Blokland GAM"
rs10736716-C	2E-6	-	0.3652	-	"0.1312 unit increase"	[0.077-0.185]	FTH1,LINC02733	"Major depressive disorder x sex interaction"	"sex interaction measurement,major depressive disorder"	-	GCST012305	11:61997661	34099189	"Blokland GAM"
chr4:145186141-?	2E-6	-	0.407	-	"0.2145 unit decrease"	[0.13-0.3]	-	"Major depressive disorder x sex interaction"	"sex interaction measurement,major depressive disorder"	-	GCST012305	-	34099189	"Blokland GAM"
rs2498828-T	2E-6	-	0.8798	-	"0.2341 unit increase"	[0.14-0.33]	FBLN5,TRIP11	"Major depressive disorder x sex interaction"	"sex interaction measurement,major depressive disorder"	-	GCST012305	14:91954931	34099189	"Blokland GAM"
rs139414355-T	3E-6	-	0.0199	-	"0.416 unit decrease"	[0.24-0.59]	DNAJC7	"Major depressive disorder x sex interaction"	"sex interaction measurement,major depressive disorder"	-	GCST012305	17:41993935	34099189	"Blokland GAM"
rs7621844-A	3E-6	-	0.1431	-	"0.1666 unit decrease"	[0.097-0.237]	SNX4	"Major depressive disorder x sex interaction"	"sex interaction measurement,major depressive disorder"	-	GCST012305	3:125488321	34099189	"Blokland GAM"
rs75365287-T	4E-6	-	0.0139	-	"0.5101 unit decrease"	[0.29-0.73]	EIPR1	"Major depressive disorder x sex interaction"	"sex interaction measurement,major depressive disorder"	-	GCST012305	2:3195846	34099189	"Blokland GAM"
rs12640002-A	4E-6	-	0.362	-	"0.1437 unit decrease"	[0.083-0.205]	ADAM29,TSEN2P1	"Major depressive disorder x sex interaction"	"sex interaction measurement,major depressive disorder"	-	GCST012305	4:175149400	34099189	"Blokland GAM"
rs6541857-A	4E-6	-	0.729	-	"0.1321 unit increase"	[0.076-0.189]	LINC01823,LINC01826	"Major depressive disorder x sex interaction"	"sex interaction measurement,major depressive disorder"	-	GCST012305	2:122763931	34099189	"Blokland GAM"
rs3825992-T	5E-6	-	0.9645	-	"0.4087 unit increase"	[0.23-0.58]	MFGE8	"Major depressive disorder x sex interaction"	"sex interaction measurement,major depressive disorder"	-	GCST012305	15:88904970	34099189	"Blokland GAM"
rs114777548-T	6E-6	-	0.0194	-	"0.4242 unit decrease"	[0.24-0.61]	LINC02160	"Major depressive disorder x sex interaction"	"sex interaction measurement,major depressive disorder"	-	GCST012305	5:33260771	34099189	"Blokland GAM"
rs261996-A	6E-6	-	0.5874	-	"0.1727 unit decrease"	[0.098-0.247]	CAST	"Major depressive disorder x sex interaction"	"sex interaction measurement,major depressive disorder"	-	GCST012305	5:96562131	34099189	"Blokland GAM"
rs750781-A	6E-6	-	0.2066	-	"0.2127 unit decrease"	[0.12-0.3]	CAPRIN1,LMO2	"Major depressive disorder x sex interaction"	"sex interaction measurement,major depressive disorder"	-	GCST012305	11:33895919	34099189	"Blokland GAM"
rs11047571-A	7E-6	-	0.0264	-	"0.4794 unit decrease"	[0.27-0.69]	RN7SL38P,KNOP1P1	"Major depressive disorder x sex interaction"	"sex interaction measurement,major depressive disorder"	-	GCST012305	12:24681285	34099189	"Blokland GAM"
rs1815909-T	7E-6	-	0.8189	-	"0.1619 unit increase"	[0.091-0.233]	LINC02713,RNA5SP347	"Major depressive disorder x sex interaction"	"sex interaction measurement,major depressive disorder"	-	GCST012305	11:97865449	34099189	"Blokland GAM"
rs56858262-A	7E-6	-	0.1363	-	"0.2992 unit increase"	[0.17-0.43]	WWOX	"Major depressive disorder x sex interaction"	"sex interaction measurement,major depressive disorder"	-	GCST012305	16:78331095	34099189	"Blokland GAM"
rs147496540-T	8E-6	-	0.0175	-	"0.4292 unit decrease"	[0.24-0.62]	LINC01082,LINC02132	"Major depressive disorder x sex interaction"	"sex interaction measurement,major depressive disorder"	-	GCST012305	16:86133193	34099189	"Blokland GAM"
rs7814405-A	8E-6	-	0.2547	-	"0.1299 unit increase"	[0.073-0.187]	RPL23AP54,RN7SL318P	"Major depressive disorder x sex interaction"	"sex interaction measurement,major depressive disorder"	-	GCST012305	8:5238786	34099189	"Blokland GAM"
rs11172463-A	9E-6	-	0.7505	-	"0.1272 unit increase"	[0.071-0.183]	LINC02403,RPL21P103	"Major depressive disorder x sex interaction"	"sex interaction measurement,major depressive disorder"	-	GCST012305	12:58107432	34099189	"Blokland GAM"
rs12143113-T	9E-6	-	0.1739	-	"0.2061 unit increase"	[0.11-0.3]	ARHGEF10L	"Major depressive disorder x sex interaction"	"sex interaction measurement,major depressive disorder"	-	GCST012305	1:17692362	34099189	"Blokland GAM"
rs73968924-T	9E-6	-	0.0291	-	"0.3272 unit decrease"	[0.18-0.47]	CCDC148	"Major depressive disorder x sex interaction"	"sex interaction measurement,major depressive disorder"	-	GCST012305	2:158346417	34099189	"Blokland GAM"
rs147515485-T	5E-7	-	0.0181	-	"0.4724 unit decrease"	[0.29-0.66]	ZNF385C	"Major depressive disorder x sex interaction"	"sex interaction measurement,major depressive disorder"	-	GCST012305	17:42030081	34099189	"Blokland GAM"
rs9848399-A	3E-6	-	0.8716	-	"0.1726 unit increase"	[0.1-0.245]	SNX4	"Major depressive disorder x sex interaction"	"sex interaction measurement,major depressive disorder"	-	GCST012305	3:125486262	34099189	"Blokland GAM"
rs72763716-A	4E-6	-	0.984	-	"0.4956 unit increase"	[0.29-0.71]	LINC01250,EIPR1	"Major depressive disorder x sex interaction"	"sex interaction measurement,major depressive disorder"	-	GCST012305	2:3173220	34099189	"Blokland GAM"
rs10495514-A	8E-6	-	0.0137	-	"0.4996 unit decrease"	[0.28-0.72]	EIPR1,LINC01250	"Major depressive disorder x sex interaction"	"sex interaction measurement,major depressive disorder"	-	GCST012305	2:3169079	34099189	"Blokland GAM"
rs143452812-C	9E-6	-	0.022	-	"0.3997 unit decrease"	[0.22-0.58]	JUP	"Major depressive disorder x sex interaction"	"sex interaction measurement,major depressive disorder"	-	GCST012305	17:41774233	34099189	"Blokland GAM"
rs9428240-T	2E-7	-	0.5907	-	"0.1806 unit decrease"	[0.11-0.25]	PSMC1P12,RNA5SP56	"Major depressive disorder x sex interaction"	"sex interaction measurement,major depressive disorder"	-	GCST012305	1:118289053	34099189	"Blokland GAM"
chr17:39908602-?	5E-7	-	0.0176	-	"0.4862 unit decrease"	[0.3-0.68]	-	"Major depressive disorder x sex interaction"	"sex interaction measurement,major depressive disorder"	-	GCST012305	-	34099189	"Blokland GAM"
rs325506-C	3E-11	-	0.423	-	"0.057 unit increase"	[0.039-0.075]	RNU6-334P,NIHCOLE	"Autism and major depressive disorder (MTAG)"	"autism spectrum disorder,major depressive disorder"	-	GCST007553	5:104676602	30804558	"Grove J"
rs10149470-A	9E-9	-	0.487	-	"0.049 unit increase"	[0.033-0.065]	RNU7-160P,BAG5	"Autism and major depressive disorder (MTAG)"	"autism spectrum disorder,major depressive disorder"	-	GCST007553	14:103551616	30804558	"Grove J"
rs1620977-A	7E-9	-	0.26	-	"0.056 unit increase"	[0.036-0.076]	NEGR1	"Autism and major depressive disorder (MTAG)"	"autism spectrum disorder,major depressive disorder"	-	GCST007553	1:72263459	30804558	"Grove J"
rs16854048-A	1E-8	-	0.858	-	"0.069 unit increase"	[0.045-0.093]	BEND4	"Autism and major depressive disorder (MTAG)"	"autism spectrum disorder,major depressive disorder"	-	GCST007553	4:42121711	30804558	"Grove J"
rs1806153-T	4E-8	-	0.213	-	"0.057 unit increase"	[0.037-0.077]	PAUPAR	"Autism and major depressive disorder (MTAG)"	"autism spectrum disorder,major depressive disorder"	-	GCST007553	11:31828558	30804558	"Grove J"
rs12552-A	4E-8	-	0.424	-	"0.047 unit increase"	[0.029-0.065]	OLFM4	"Autism and major depressive disorder (MTAG)"	"autism spectrum disorder,major depressive disorder"	-	GCST007553	13:53051646	30804558	"Grove J"
rs8063603-A	7E-6	-	0.673	-	"0.041 unit decrease"	[0.023-0.059]	RBFOX1	"Autism and major depressive disorder (MTAG)"	"autism spectrum disorder,major depressive disorder"	-	GCST007553	16:6260644	30804558	"Grove J"
rs61867293-T	1E-6	-	0.216	-	"0.05 unit decrease"	[0.03-0.07]	SORCS3	"Autism and major depressive disorder (MTAG)"	"autism spectrum disorder,major depressive disorder"	-	GCST007553	10:104804166	30804558	"Grove J"
rs465787-?	1E-6	(dominant)	NR	-	-	-	LSINCT5,Y_RNA	"Depression x herpes simplex 1 infection interaction"	"herpes virus seropositivity,major depressive disorder"	-	GCST010561	5:2388741	32564518	"Ye J"
rs377094-?	2E-6	(dominant)	NR	-	-	-	LSINCT5,Y_RNA	"Depression x herpes simplex 1 infection interaction"	"herpes virus seropositivity,major depressive disorder"	-	GCST010561	5:2391248	32564518	"Ye J"
rs414421-?	2E-6	(dominant)	NR	-	-	-	Y_RNA,LSINCT5	"Depression x herpes simplex 1 infection interaction"	"herpes virus seropositivity,major depressive disorder"	-	GCST010561	5:2391247	32564518	"Ye J"
rs113444436-?	2E-6	(additive)	NR	-	-	-	CMPK1P1,ARMC12	"Depression x herpes simplex 1 infection interaction"	"herpes virus seropositivity,major depressive disorder"	-	GCST010561	6:35749084	32564518	"Ye J"
rs160730-?	2E-6	(dominant)	NR	-	-	-	LSINCT5,Y_RNA	"Depression x herpes simplex 1 infection interaction"	"herpes virus seropositivity,major depressive disorder"	-	GCST010561	5:2392717	32564518	"Ye J"
rs2892380-?	9E-6	-	NR	0.7486	-	[0.62-0.88]	LINC02665,LINP1	"Major depressive disorder and major depressive episode treated with electroconvulsive therapy"	"major depressive episode,major depressive disorder"	-	GCST012094	10:7043695	33483693	"Clements CC"
rs77613638-?	1E-5	-	NR	0.5751	-	[0.33-0.82]	TM4SF4	"Major depressive disorder and major depressive episode treated with electroconvulsive therapy"	"major depressive episode,major depressive disorder"	-	GCST012094	3:149488832	33483693	"Clements CC"
rs9835157-A	4E-10	-	NR	-	"0.0334667 unit increase"	[0.023-0.044]	IP6K1	"Endometriosis or depression (pleiotropy)"	"endometriosis,major depressive disorder"	-	GCST010859	3:49760336	32959083	"Adewuyi EO"
rs13118306-C	4E-8	-	NR	-	"0.0231304 unit decrease"	[0.015-0.031]	CC2D2A	"Endometriosis or depression (pleiotropy)"	"endometriosis,major depressive disorder"	-	GCST010859	4:15476188	32959083	"Adewuyi EO"
rs2134025-A	1E-8	-	NR	-	"0.0282905 unit increase"	[0.019-0.038]	LINC02503	"Endometriosis or depression (pleiotropy)"	"endometriosis,major depressive disorder"	-	GCST010859	4:104011140	32959083	"Adewuyi EO"
rs12512642-T	5E-8	-	NR	-	"0.0274113 unit increase"	[0.018-0.037]	LINC02479,LINC02465	"Endometriosis or depression (pleiotropy)"	"endometriosis,major depressive disorder"	-	GCST010859	4:130288732	32959083	"Adewuyi EO"
rs57273516-A	5E-8	-	NR	-	"0.0255575 unit increase"	[0.016-0.035]	NICN1,RNA5SP130	"Endometriosis or depression (pleiotropy)"	"endometriosis,major depressive disorder"	-	GCST010859	3:49445641	32959083	"Adewuyi EO"
rs13164188-T	9E-9	-	NR	-	"0.0242283 unit increase"	[0.016-0.032]	RNU6-334P,NIHCOLE	"Endometriosis or depression (pleiotropy)"	"endometriosis,major depressive disorder"	-	GCST010859	5:104578822	32959083	"Adewuyi EO"
rs9885896-A	4E-9	-	NR	-	"0.0241602 unit decrease"	[0.016-0.032]	NUFIP1P1,ADH5P4	"Endometriosis or depression (pleiotropy)"	"endometriosis,major depressive disorder"	-	GCST010859	6:65886038	32959083	"Adewuyi EO"
rs12206488-T	2E-9	-	NR	-	"0.0302724 unit increase"	[0.02-0.04]	NUFIP1P1,RNU7-66P	"Endometriosis or depression (pleiotropy)"	"endometriosis,major depressive disorder"	-	GCST010859	6:66290024	32959083	"Adewuyi EO"
rs2328370-A	3E-8	-	NR	-	"0.0231486 unit increase"	[0.015-0.031]	ADGRG6,HIVEP2	"Endometriosis or depression (pleiotropy)"	"endometriosis,major depressive disorder"	-	GCST010859	6:142685569	32959083	"Adewuyi EO"
rs9347896-A	1E-8	-	NR	-	"0.0281251 unit increase"	[0.018-0.038]	C6orf118,RN7SL366P	"Endometriosis or depression (pleiotropy)"	"endometriosis,major depressive disorder"	-	GCST010859	6:164656716	32959083	"Adewuyi EO"
rs11561993-T	2E-9	-	NR	-	"0.0244869 unit increase"	[0.016-0.033]	EIF3IP1,BUB3P1	"Endometriosis or depression (pleiotropy)"	"endometriosis,major depressive disorder"	-	GCST010859	7:109462798	32959083	"Adewuyi EO"
rs11784932-A	3E-8	-	NR	-	"0.0258772 unit increase"	[0.017-0.035]	CCDC26	"Endometriosis or depression (pleiotropy)"	"endometriosis,major depressive disorder"	-	GCST010859	8:129083232	32959083	"Adewuyi EO"
rs1931391-A	8E-9	-	NR	-	"0.0235744 unit increase"	[0.016-0.032]	JKAMPP1,AKAP8P1	"Endometriosis or depression (pleiotropy)"	"endometriosis,major depressive disorder"	-	GCST010859	9:11213674	32959083	"Adewuyi EO"
rs62553458-A	9E-9	-	NR	-	"0.0499565 unit decrease"	[0.033-0.067]	JKAMPP1,AKAP8P1	"Endometriosis or depression (pleiotropy)"	"endometriosis,major depressive disorder"	-	GCST010859	9:11695224	32959083	"Adewuyi EO"
rs13299293-A	2E-8	-	NR	-	"0.0241789 unit decrease"	[0.016-0.033]	SLC25A6P2,HSPA8P17	"Endometriosis or depression (pleiotropy)"	"endometriosis,major depressive disorder"	-	GCST010859	9:31234707	32959083	"Adewuyi EO"
rs2212333-A	8E-9	-	NR	-	"0.0242113 unit increase"	[0.016-0.032]	GRM5	"Endometriosis or depression (pleiotropy)"	"endometriosis,major depressive disorder"	-	GCST010859	11:89035729	32959083	"Adewuyi EO"
rs7358418-T	6E-9	-	NR	-	"0.0260823 unit decrease"	[0.017-0.035]	TYR	"Endometriosis or depression (pleiotropy)"	"endometriosis,major depressive disorder"	-	GCST010859	11:89236970	32959083	"Adewuyi EO"
rs9538160-A	3E-8	-	NR	-	"0.0238311 unit decrease"	[0.015-0.032]	DNAJA1P1,CTAGE16P	"Endometriosis or depression (pleiotropy)"	"endometriosis,major depressive disorder"	-	GCST010859	13:58680025	32959083	"Adewuyi EO"
rs35625885-A	1E-8	-	NR	-	"0.0357605 unit decrease"	[0.023-0.048]	PGAM1P12,TUBAP12	"Endometriosis or depression (pleiotropy)"	"endometriosis,major depressive disorder"	-	GCST010859	15:96414739	32959083	"Adewuyi EO"
rs1395455-A	4E-8	-	NR	-	"0.0245324 unit increase"	[0.016-0.033]	FTLP18,GRIK3	"Endometriosis or depression (pleiotropy)"	"endometriosis,major depressive disorder"	-	GCST010859	1:36719589	32959083	"Adewuyi EO"
rs1620977-A	1E-8	-	NR	-	"0.02653 unit increase"	[0.017-0.036]	NEGR1	"Endometriosis or depression (pleiotropy)"	"endometriosis,major depressive disorder"	-	GCST010859	1:72263459	32959083	"Adewuyi EO"
rs6680839-T	9E-10	-	NR	-	"0.025214 unit decrease"	[0.017-0.033]	RPS29P5,COP1	"Endometriosis or depression (pleiotropy)"	"endometriosis,major depressive disorder"	-	GCST010859	1:175933460	32959083	"Adewuyi EO"
rs2175177-A	1E-8	-	NR	-	"0.0234815 unit decrease"	[0.015-0.032]	COP1-DT	"Endometriosis or depression (pleiotropy)"	"endometriosis,major depressive disorder"	-	GCST010859	1:176214920	32959083	"Adewuyi EO"
rs11809140-T	2E-8	-	NR	-	"0.0229278 unit decrease"	[0.015-0.031]	COP1-DT	"Endometriosis or depression (pleiotropy)"	"endometriosis,major depressive disorder"	-	GCST010859	1:176349468	32959083	"Adewuyi EO"
rs72740410-T	1E-8	-	NR	-	"0.0465852 unit increase"	[0.031-0.063]	HNRNPA1P46,LINC01720	"Endometriosis or depression (pleiotropy)"	"endometriosis,major depressive disorder"	-	GCST010859	1:191145969	32959083	"Adewuyi EO"
rs78108344-T	2E-9	-	NR	-	"0.0299671 unit decrease"	[0.02-0.04]	CRB1	"Endometriosis or depression (pleiotropy)"	"endometriosis,major depressive disorder"	-	GCST010859	1:197419740	32959083	"Adewuyi EO"
rs12118913-T	2E-9	-	NR	-	"0.0292513 unit increase"	[0.02-0.039]	DENND1B	"Endometriosis or depression (pleiotropy)"	"endometriosis,major depressive disorder"	-	GCST010859	1:197543274	32959083	"Adewuyi EO"
rs2224873-A	1E-9	-	NR	-	"0.0300135 unit decrease"	[0.02-0.04]	DENND1B	"Endometriosis or depression (pleiotropy)"	"endometriosis,major depressive disorder"	-	GCST010859	1:197676319	32959083	"Adewuyi EO"
rs12121863-A	4E-10	-	NR	-	"0.0328269 unit increase"	[0.023-0.043]	DENND1B,C1orf53	"Endometriosis or depression (pleiotropy)"	"endometriosis,major depressive disorder"	-	GCST010859	1:197816290	32959083	"Adewuyi EO"
rs9586-T	2E-10	-	NR	-	"0.0313868 unit decrease"	[0.022-0.041]	KLHDC8B	"Endometriosis or depression (pleiotropy)"	"endometriosis,major depressive disorder"	-	GCST010859	3:49176204	32959083	"Adewuyi EO"
rs6778080-T	3E-9	-	NR	-	"0.0271179 unit increase"	[0.018-0.036]	USP4	"Endometriosis or depression (pleiotropy)"	"endometriosis,major depressive disorder"	-	GCST010859	3:49279905	32959083	"Adewuyi EO"
rs557042-?	6E-19	-	NR	-	-	-	H4C13,H3C12	"Decaffeinated coffee consumption or major depression disorder"	"coffee consumption measurement,major depressive disorder"	-	GCST90134529	6:27877351	35898629	"Yin B"
rs62401383-?	1E-13	-	NR	-	-	-	RNU6-471P,RPL8P1	"Decaffeinated coffee consumption or major depression disorder"	"coffee consumption measurement,major depressive disorder"	-	GCST90134529	6:27596768	35898629	"Yin B"
rs67777156-?	2E-15	-	NR	-	-	-	ZNF322,ABT1	"Decaffeinated coffee consumption or major depression disorder"	"coffee consumption measurement,major depressive disorder"	-	GCST90134529	6:26633483	35898629	"Yin B"
rs67981811-?	2E-19	-	NR	-	-	-	ZSCAN12	"Decaffeinated coffee consumption or major depression disorder"	"coffee consumption measurement,major depressive disorder"	-	GCST90134529	6:28387058	35898629	"Yin B"
rs7147721-?	1E-11	-	NR	-	-	-	FCF1	"Decaffeinated coffee consumption or major depression disorder"	"coffee consumption measurement,major depressive disorder"	-	GCST90134529	14:74719307	35898629	"Yin B"
rs72676198-?	9E-9	-	NR	-	-	-	SGIP1	"Decaffeinated coffee consumption or major depression disorder"	"coffee consumption measurement,major depressive disorder"	-	GCST90134529	1:66588311	35898629	"Yin B"
rs72839477-?	9E-17	-	NR	-	-	-	ZNF204P	"Decaffeinated coffee consumption or major depression disorder"	"coffee consumption measurement,major depressive disorder"	-	GCST90134529	6:27359221	35898629	"Yin B"
rs7428847-?	4E-8	-	NR	-	-	-	LINC03051,LSAMP	"Decaffeinated coffee consumption or major depression disorder"	"coffee consumption measurement,major depressive disorder"	-	GCST90134529	3:117810620	35898629	"Yin B"
rs1263674-?	1E-9	-	NR	-	-	-	MYOSLID,MYOSLID-AS1	"Decaffeinated coffee consumption or major depression disorder"	"coffee consumption measurement,major depressive disorder"	-	GCST90134529	2:207190999	35898629	"Yin B"
rs12719532-?	1E-8	-	NR	-	-	-	RNU6-334P,NIHCOLE	"Decaffeinated coffee consumption or major depression disorder"	"coffee consumption measurement,major depressive disorder"	-	GCST90134529	5:104487237	35898629	"Yin B"
rs12969553-?	1E-10	-	NR	-	-	-	TCF4	"Decaffeinated coffee consumption or major depression disorder"	"coffee consumption measurement,major depressive disorder"	-	GCST90134529	18:55434673	35898629	"Yin B"
rs13107325-?	2E-16	-	NR	-	-	-	SLC39A8	"Decaffeinated coffee consumption or major depression disorder"	"coffee consumption measurement,major depressive disorder"	-	GCST90134529	4:102267552	35898629	"Yin B"
rs13353100-?	3E-8	-	NR	-	-	-	PCDH8P1,RN7SL618P	"Decaffeinated coffee consumption or major depression disorder"	"coffee consumption measurement,major depressive disorder"	-	GCST90134529	13:53252646	35898629	"Yin B"
rs150864553-?	7E-9	-	NR	-	-	-	CGGBP1,ZNF654	"Decaffeinated coffee consumption or major depression disorder"	"coffee consumption measurement,major depressive disorder"	-	GCST90134529	3:88087155	35898629	"Yin B"
rs2276882-?	1E-8	-	NR	-	-	-	HTT	"Decaffeinated coffee consumption or major depression disorder"	"coffee consumption measurement,major depressive disorder"	-	GCST90134529	4:3225865	35898629	"Yin B"
rs4649957-?	2E-13	-	NR	-	-	-	LINC02796	"Decaffeinated coffee consumption or major depression disorder"	"coffee consumption measurement,major depressive disorder"	-	GCST90134529	1:72484065	35898629	"Yin B"
rs4937872-?	8E-9	-	NR	-	-	-	NCAM1,LINC02763	"Decaffeinated coffee consumption or major depression disorder"	"coffee consumption measurement,major depressive disorder"	-	GCST90134529	11:112956992	35898629	"Yin B"
rs56285315-?	2E-8	-	NR	-	-	-	CNTLN	"Decaffeinated coffee consumption or major depression disorder"	"coffee consumption measurement,major depressive disorder"	-	GCST90134529	9:17421062	35898629	"Yin B"
rs6783233-?	5E-11	-	NR	-	-	-	LSAMP,LINC03051	"Decaffeinated coffee consumption or major depression disorder"	"coffee consumption measurement,major depressive disorder"	-	GCST90134529	3:117791137	35898629	"Yin B"
rs10946917-?	6E-13	-	NR	-	-	-	MCFD2P1,ZNF184	"Decaffeinated coffee consumption or major depression disorder"	"coffee consumption measurement,major depressive disorder"	-	GCST90134529	6:27413199	35898629	"Yin B"
rs1116690-?	1E-8	-	NR	-	-	-	INPP4B	"Decaffeinated coffee consumption or major depression disorder"	"coffee consumption measurement,major depressive disorder"	-	GCST90134529	4:142588995	35898629	"Yin B"
rs12438687-?	9E-9	-	NR	-	-	-	PGAM1P12,TUBAP12	"Decaffeinated coffee consumption or major depression disorder"	"coffee consumption measurement,major depressive disorder"	-	GCST90134529	15:96412546	35898629	"Yin B"
rs12631196-?	5E-10	-	NR	-	-	-	RSRC1	"Decaffeinated coffee consumption or major depression disorder"	"coffee consumption measurement,major depressive disorder"	-	GCST90134529	3:158453666	35898629	"Yin B"
rs7525662-?	6E-12	-	NR	-	-	-	LINC02796,KRT8P21	"Decaffeinated coffee consumption or major depression disorder"	"coffee consumption measurement,major depressive disorder"	-	GCST90134529	1:73067516	35898629	"Yin B"
rs12967855-?	1E-11	-	NR	-	-	-	CELF4	"Decaffeinated coffee consumption or major depression disorder"	"coffee consumption measurement,major depressive disorder"	-	GCST90134529	18:37558282	35898629	"Yin B"
rs166418-?	1E-9	-	NR	-	-	-	RN7SL720P,BNC2	"Decaffeinated coffee consumption or major depression disorder"	"coffee consumption measurement,major depressive disorder"	-	GCST90134529	9:17029944	35898629	"Yin B"
rs2194028-?	2E-9	-	NR	-	-	-	MIR9-2HG	"Decaffeinated coffee consumption or major depression disorder"	"coffee consumption measurement,major depressive disorder"	-	GCST90134529	5:88529672	35898629	"Yin B"
rs77549102-A	3E-8	-	NR	-	"0.016907 unit increase"	[0.011-0.023]	GPR55	"Depression/anxiety (standard GWA)"	"Anxiety,major depressive disorder"	-	GCST90267276	2:230917175	37106081	"Schoeler T"
rs853676-T	5E-8	-	NR	-	"0.00614 unit decrease"	[0.0039-0.0083]	ZSCAN31	"Depression/anxiety (standard GWA)"	"Anxiety,major depressive disorder"	-	GCST90267276	6:28331910	37106081	"Schoeler T"
rs60393230-A	2E-8	-	NR	-	"0.0048048 unit decrease"	[0.0031-0.0065]	BRINP1,LINC01613	"Depression/anxiety (standard GWA)"	"Anxiety,major depressive disorder"	-	GCST90267276	9:119893005	37106081	"Schoeler T"
rs115023982-T	1E-8	-	NR	-	"0.021769 unit decrease"	[0.014-0.029]	LRRC7	"Depression/anxiety (weighted GWA)"	"Anxiety,major depressive disorder"	-	GCST90267277	1:69596210	37106081	"Schoeler T"
rs142393916-C	3E-8	-	NR	-	"0.029036 unit decrease"	[0.019-0.039]	CCDC88A	"Depression/anxiety (weighted GWA)"	"Anxiety,major depressive disorder"	-	GCST90267277	2:55350164	37106081	"Schoeler T"
rs72705573-C	4E-9	-	NR	-	"0.024983 unit decrease"	[0.017-0.033]	CDKN2AIP,FBLP1	"Depression/anxiety (weighted GWA)"	"Anxiety,major depressive disorder"	-	GCST90267277	4:183421680	37106081	"Schoeler T"
rs11039149-G	6E-14	-	NR	-	"0.01936 unit increase"	[0.014-0.024]	NR1H3	"Depressed affect"	"mood disorder,major depressive disorder"	-	GCST006475	11:47255124	29942085	"Nagel M"
rs11826064-T	7E-10	-	NR	-	"0.01562 unit decrease"	[0.011-0.021]	LINC02750,OR4C50P	"Depressed affect"	"mood disorder,major depressive disorder"	-	GCST006475	11:50818695	29942085	"Nagel M"
rs2688708-C	4E-9	-	NR	-	"0.01501 unit decrease"	[0.01-0.02]	OR4A6P,TRIM48	"Depressed affect"	"mood disorder,major depressive disorder"	-	GCST006475	11:55073194	29942085	"Nagel M"
rs1940709-A	3E-9	-	NR	-	"0.01576 unit increase"	[0.011-0.021]	NCAM1	"Depressed affect"	"mood disorder,major depressive disorder"	-	GCST006475	11:112978997	29942085	"Nagel M"
rs11605020-G	4E-9	-	NR	-	"0.01387 unit decrease"	[0.0093-0.0185]	LINC02712,KIRREL3-AS3	"Depressed affect"	"mood disorder,major depressive disorder"	-	GCST006475	11:127110970	29942085	"Nagel M"
rs11608355-C	5E-9	-	NR	-	"0.01457 unit increase"	[0.0097-0.0195]	MYO1H	"Depressed affect"	"mood disorder,major depressive disorder"	-	GCST006475	12:109441487	29942085	"Nagel M"
rs3843954-C	4E-8	-	NR	-	"0.01402 unit increase"	[0.009-0.019]	RNA5SP30,PCDH17	"Depressed affect"	"mood disorder,major depressive disorder"	-	GCST006475	13:57974377	29942085	"Nagel M"
rs77607745-C	5E-8	-	NR	-	"0.01614 unit increase"	[0.01-0.022]	ZDHHC20P4,SNRPFP3	"Depressed affect"	"mood disorder,major depressive disorder"	-	GCST006475	13:69001052	29942085	"Nagel M"
rs1782179-T	2E-8	-	NR	-	"0.01471 unit decrease"	[0.0096-0.0198]	LRFN5-DT,LINC02315	"Depressed affect"	"mood disorder,major depressive disorder"	-	GCST006475	14:41224737	29942085	"Nagel M"
rs4902704-G	1E-8	-	NR	-	"0.01353 unit decrease"	[0.0089-0.0182]	EXD2	"Depressed affect"	"mood disorder,major depressive disorder"	-	GCST006475	14:69236871	29942085	"Nagel M"
rs10144845-C	1E-10	-	NR	-	"0.01604 unit decrease"	[0.011-0.021]	YLPM1	"Depressed affect"	"mood disorder,major depressive disorder"	-	GCST006475	14:74771067	29942085	"Nagel M"
rs35755513-T	4E-8	-	NR	-	"0.02414 unit increase"	[0.016-0.033]	CSNK1G1	"Depressed affect"	"mood disorder,major depressive disorder"	-	GCST006475	15:64355987	29942085	"Nagel M"
rs7175083-T	2E-10	-	NR	-	"0.01467 unit increase"	[0.01-0.019]	LINGO1	"Depressed affect"	"mood disorder,major depressive disorder"	-	GCST006475	15:77714500	29942085	"Nagel M"
rs9930139-A	1E-8	-	NR	-	"0.01351 unit decrease"	[0.0089-0.0182]	RBFOX1	"Depressed affect"	"mood disorder,major depressive disorder"	-	GCST006475	16:7239569	29942085	"Nagel M"
rs12938775-G	2E-8	-	NR	-	"0.01288 unit increase"	[0.0084-0.0174]	PAFAH1B1	"Depressed affect"	"mood disorder,major depressive disorder"	-	GCST006475	17:2671527	29942085	"Nagel M"
rs62057061-G	2E-22	-	NR	-	"0.02689 unit increase"	[0.021-0.032]	LINC02210-CRHR1	"Depressed affect"	"mood disorder,major depressive disorder"	-	GCST006475	17:45779273	29942085	"Nagel M"
rs7502590-G	3E-8	-	NR	-	"0.01801 unit decrease"	[0.012-0.024]	BAIAP2	"Depressed affect"	"mood disorder,major depressive disorder"	-	GCST006475	17:81108281	29942085	"Nagel M"
rs12967855-A	2E-12	-	NR	-	"0.01741 unit increase"	[0.013-0.022]	CELF4	"Depressed affect"	"mood disorder,major depressive disorder"	-	GCST006475	18:37558282	29942085	"Nagel M"
rs17487484-T	2E-12	-	NR	-	"0.0163 unit decrease"	[0.012-0.021]	DCC	"Depressed affect"	"mood disorder,major depressive disorder"	-	GCST006475	18:53196913	29942085	"Nagel M"
rs28687557-G	4E-8	-	NR	-	"0.0152 unit decrease"	[0.0098-0.0206]	RAB27B	"Depressed affect"	"mood disorder,major depressive disorder"	-	GCST006475	18:54879826	29942085	"Nagel M"
rs10405382-G	7E-11	-	NR	-	"0.02012 unit decrease"	[0.014-0.026]	DPY19L3,DPY19L3-DT	"Depressed affect"	"mood disorder,major depressive disorder"	-	GCST006475	19:32405810	29942085	"Nagel M"
rs6130328-A	2E-9	-	NR	-	"0.01467 unit decrease"	[0.0099-0.0195]	RNU6-743P,PPIAP21	"Depressed affect"	"mood disorder,major depressive disorder"	-	GCST006475	20:43256482	29942085	"Nagel M"
rs4578918-T	1E-11	-	NR	-	"0.01792 unit increase"	[0.013-0.023]	NCOA5,RPL13P2	"Depressed affect"	"mood disorder,major depressive disorder"	-	GCST006475	20:46093017	29942085	"Nagel M"
rs10429537-?	1E-8	-	NR	-	"0.01332 unit decrease"	[0.0087-0.0179]	SUMO2P2,LINC01239	"Depressed affect"	"mood disorder,major depressive disorder"	-	GCST006475	9:23346844	29942085	"Nagel M"
rs1055447-?	6E-12	-	NR	-	"0.01623 unit decrease"	[0.012-0.021]	ARFGAP2	"Depressed affect"	"mood disorder,major depressive disorder"	-	GCST006475	11:47164873	29942085	"Nagel M"
rs9852417-C	3E-8	-	NR	-	"0.0131 unit increase"	[0.0085-0.0177]	LINC02040	"Depressed affect"	"mood disorder,major depressive disorder"	-	GCST006475	3:65175479	29942085	"Nagel M"
rs600011-C	2E-10	-	NR	-	"0.01613 unit increase"	[0.011-0.021]	BBX	"Depressed affect"	"mood disorder,major depressive disorder"	-	GCST006475	3:107576545	29942085	"Nagel M"
rs59382200-G	2E-11	-	NR	-	"0.01581 unit decrease"	[0.011-0.02]	LSAMP	"Depressed affect"	"mood disorder,major depressive disorder"	-	GCST006475	3:117240427	29942085	"Nagel M"
rs6795372-G	1E-9	-	NR	-	"0.0145 unit increase"	[0.0098-0.0192]	STAG1-DT	"Depressed affect"	"mood disorder,major depressive disorder"	-	GCST006475	3:136765048	29942085	"Nagel M"
rs10020288-A	3E-8	-	NR	-	"0.01346 unit decrease"	[0.0087-0.0182]	IGBP1P5,RN7SL101P	"Depressed affect"	"mood disorder,major depressive disorder"	-	GCST006475	4:28686220	29942085	"Nagel M"
rs13122395-A	4E-8	-	NR	-	"0.01356 unit increase"	[0.0087-0.0184]	EMCN	"Depressed affect"	"mood disorder,major depressive disorder"	-	GCST006475	4:100829496	29942085	"Nagel M"
rs77087420-G	1E-10	-	NR	-	"0.03284 unit decrease"	[0.023-0.043]	BLTP1	"Depressed affect"	"mood disorder,major depressive disorder"	-	GCST006475	4:122201701	29942085	"Nagel M"
rs6818081-T	3E-8	-	NR	-	"0.01805 unit increase"	[0.012-0.024]	GPM6A	"Depressed affect"	"mood disorder,major depressive disorder"	-	GCST006475	4:175919665	29942085	"Nagel M"
rs55965054-C	3E-9	-	NR	-	"0.01391 unit increase"	[0.0093-0.0185]	LINC02899	"Depressed affect"	"mood disorder,major depressive disorder"	-	GCST006475	5:24032269	29942085	"Nagel M"
rs1422192-A	1E-9	-	NR	-	"0.01917 unit increase"	[0.013-0.025]	MIR9-2HG	"Depressed affect"	"mood disorder,major depressive disorder"	-	GCST006475	5:88663205	29942085	"Nagel M"
rs7714426-C	1E-8	-	NR	-	"0.01829 unit increase"	[0.012-0.025]	PRR16	"Depressed affect"	"mood disorder,major depressive disorder"	-	GCST006475	5:120683373	29942085	"Nagel M"
rs28893517-G	5E-10	-	NR	-	"0.02848 unit increase"	[0.019-0.037]	GABBR1	"Depressed affect"	"mood disorder,major depressive disorder"	-	GCST006475	6:29597596	29942085	"Nagel M"
rs6900114-A	2E-8	-	NR	-	"0.01464 unit decrease"	[0.0095-0.0198]	EYS	"Depressed affect"	"mood disorder,major depressive disorder"	-	GCST006475	6:64099644	29942085	"Nagel M"
rs11514731-G	3E-8	-	NR	-	"0.01657 unit decrease"	[0.011-0.022]	MAD1L1	"Depressed affect"	"mood disorder,major depressive disorder"	-	GCST006475	7:2011868	29942085	"Nagel M"
rs10950393-C	2E-11	-	NR	-	"0.01561 unit increase"	[0.011-0.02]	TMEM106B	"Depressed affect"	"mood disorder,major depressive disorder"	-	GCST006475	7:12223920	29942085	"Nagel M"
rs2396133-G	1E-8	-	NR	-	"0.01326 unit increase"	[0.0087-0.0178]	BUB3P1,EIF3IP1	"Depressed affect"	"mood disorder,major depressive disorder"	-	GCST006475	7:109557010	29942085	"Nagel M"
rs7827176-T	2E-8	-	NR	-	"0.01316 unit decrease"	[0.0086-0.0177]	RN7SKP231,PRR13P7	"Depressed affect"	"mood disorder,major depressive disorder"	-	GCST006475	8:91637324	29942085	"Nagel M"
rs10156548-G	3E-13	-	NR	-	"0.01776 unit increase"	[0.013-0.023]	SUMO2P2,LINC01239	"Depressed affect"	"mood disorder,major depressive disorder"	-	GCST006475	9:23318435	29942085	"Nagel M"
rs2895249-A	2E-8	-	NR	-	"0.0133 unit decrease"	[0.0086-0.018]	PHF2	"Depressed affect"	"mood disorder,major depressive disorder"	-	GCST006475	9:93603471	29942085	"Nagel M"
rs2149351-T	2E-9	-	NR	-	"0.0162 unit increase"	[0.011-0.022]	TPT1P9,TLR4	"Depressed affect"	"mood disorder,major depressive disorder"	-	GCST006475	9:117739366	29942085	"Nagel M"
rs60393230-A	4E-9	-	NR	-	"0.01397 unit decrease"	[0.0093-0.0186]	BRINP1,LINC01613	"Depressed affect"	"mood disorder,major depressive disorder"	-	GCST006475	9:119893005	29942085	"Nagel M"
rs11599236-C	3E-11	-	NR	-	"0.01585 unit decrease"	[0.011-0.021]	SORCS3	"Depressed affect"	"mood disorder,major depressive disorder"	-	GCST006475	10:104694914	29942085	"Nagel M"
rs7912226-A	8E-10	-	NR	-	"0.01462 unit decrease"	[0.01-0.0193]	LINC02624,LINC02627	"Depressed affect"	"mood disorder,major depressive disorder"	-	GCST006475	10:105892386	29942085	"Nagel M"
rs297346-A	2E-11	-	NR	-	"0.0162 unit increase"	[0.011-0.021]	SOX6	"Depressed affect"	"mood disorder,major depressive disorder"	-	GCST006475	11:16334225	29942085	"Nagel M"
rs7927724-A	4E-8	-	NR	-	"0.01416 unit increase"	[0.0091-0.0192]	CREB3L1	"Depressed affect"	"mood disorder,major depressive disorder"	-	GCST006475	11:46301658	29942085	"Nagel M"
rs10891564-?	2E-9	-	NR	-	"0.01424 unit increase"	[0.0096-0.0189]	DRD2,TMPRSS5	"Depressed affect"	"mood disorder,major depressive disorder"	-	GCST006475	11:113503291	29942085	"Nagel M"
rs10965780-?	2E-9	-	NR	-	"0.01412 unit increase"	[0.0095-0.0187]	SUMO2P2,LINC01239	"Depressed affect"	"mood disorder,major depressive disorder"	-	GCST006475	9:23341717	29942085	"Nagel M"
rs11039409-?	9E-10	-	NR	-	"0.01574 unit increase"	[0.011-0.021]	NUP160	"Depressed affect"	"mood disorder,major depressive disorder"	-	GCST006475	11:47814169	29942085	"Nagel M"
rs11152363-?	1E-10	-	NR	-	"0.01941 unit increase"	[0.013-0.025]	TCF4	"Depressed affect"	"mood disorder,major depressive disorder"	-	GCST006475	18:55389957	29942085	"Nagel M"
rs11214589-?	2E-8	-	NR	-	"0.01339 unit increase"	[0.0087-0.018]	TTC12	"Depressed affect"	"mood disorder,major depressive disorder"	-	GCST006475	11:113374326	29942085	"Nagel M"
rs11214607-?	2E-9	-	NR	-	"0.01928 unit increase"	[0.013-0.026]	DRD2	"Depressed affect"	"mood disorder,major depressive disorder"	-	GCST006475	11:113441417	29942085	"Nagel M"
rs11663393-?	7E-9	-	NR	-	"0.01346 unit increase"	[0.0089-0.018]	DCC	"Depressed affect"	"mood disorder,major depressive disorder"	-	GCST006475	18:53088362	29942085	"Nagel M"
rs11664123-?	2E-8	-	NR	-	"0.01428 unit decrease"	[0.0093-0.0193]	DCC	"Depressed affect"	"mood disorder,major depressive disorder"	-	GCST006475	18:53440658	29942085	"Nagel M"
rs12420205-?	7E-11	-	NR	-	"0.01631 unit decrease"	[0.011-0.021]	DRD2,TMPRSS5	"Depressed affect"	"mood disorder,major depressive disorder"	-	GCST006475	11:113523313	29942085	"Nagel M"
rs12457157-?	4E-9	-	NR	-	"0.01366 unit decrease"	[0.0091-0.0182]	TCF4	"Depressed affect"	"mood disorder,major depressive disorder"	-	GCST006475	18:55629696	29942085	"Nagel M"
rs1261070-?	6E-12	-	NR	-	"0.02838 unit decrease"	[0.02-0.036]	TCF4	"Depressed affect"	"mood disorder,major depressive disorder"	-	GCST006475	18:55235854	29942085	"Nagel M"
rs1261114-?	5E-8	-	NR	-	"0.01303 unit increase"	[0.0084-0.0177]	TCF4	"Depressed affect"	"mood disorder,major depressive disorder"	-	GCST006475	18:55271138	29942085	"Nagel M"
rs12938031-?	1E-9	-	NR	-	"0.01436 unit increase"	[0.0097-0.019]	LINC02210-CRHR1	"Depressed affect"	"mood disorder,major depressive disorder"	-	GCST006475	17:45777136	29942085	"Nagel M"
rs12963463-?	3E-8	-	NR	-	"0.01434 unit increase"	[0.0093-0.0194]	TCF4	"Depressed affect"	"mood disorder,major depressive disorder"	-	GCST006475	18:55431862	29942085	"Nagel M"
rs13060816-?	3E-9	-	NR	-	"0.01381 unit increase"	[0.0093-0.0184]	BBX	"Depressed affect"	"mood disorder,major depressive disorder"	-	GCST006475	3:107561639	29942085	"Nagel M"
rs13296664-?	5E-9	-	NR	-	"0.01521 unit increase"	[0.01-0.02]	RPL35AP22,ASTN2	"Depressed affect"	"mood disorder,major depressive disorder"	-	GCST006475	9:117684418	29942085	"Nagel M"
rs13381817-?	2E-8	-	NR	-	"0.02374 unit increase"	[0.015-0.032]	TCF4	"Depressed affect"	"mood disorder,major depressive disorder"	-	GCST006475	18:55230988	29942085	"Nagel M"
rs1360380-?	2E-10	-	NR	-	"0.01503 unit increase"	[0.01-0.02]	LINC01239,SUMO2P2	"Depressed affect"	"mood disorder,major depressive disorder"	-	GCST006475	9:23378490	29942085	"Nagel M"
rs1427027-?	1E-8	-	NR	-	"0.015 unit increase"	[0.0099-0.0201]	MIR4318,RPL12P40	"Depressed affect"	"mood disorder,major depressive disorder"	-	GCST006475	18:37666359	29942085	"Nagel M"
rs145097508-?	2E-9	-	NR	-	"0.03206 unit increase"	[0.022-0.043]	LINC00533,RPSAP2	"Depressed affect"	"mood disorder,major depressive disorder"	-	GCST006475	6:28714629	29942085	"Nagel M"
rs1490176-?	2E-8	-	NR	-	"0.01435 unit increase"	[0.0093-0.0194]	SORCS3	"Depressed affect"	"mood disorder,major depressive disorder"	-	GCST006475	10:104800467	29942085	"Nagel M"
rs1560312-?	1E-16	-	NR	-	"0.02016 unit increase"	[0.015-0.025]	MAPT	"Depressed affect"	"mood disorder,major depressive disorder"	-	GCST006475	17:45901622	29942085	"Nagel M"
rs1724422-?	1E-11	-	NR	-	"0.01616 unit increase"	[0.012-0.021]	LINC02210-CRHR1	"Depressed affect"	"mood disorder,major depressive disorder"	-	GCST006475	17:45699947	29942085	"Nagel M"
rs17508548-?	1E-8	-	NR	-	"0.02016 unit increase"	[0.013-0.027]	GABBR1	"Depressed affect"	"mood disorder,major depressive disorder"	-	GCST006475	6:29595290	29942085	"Nagel M"
rs17570807-?	2E-8	-	NR	-	"0.03203 unit increase"	[0.021-0.043]	MIR4318,RPL12P40	"Depressed affect"	"mood disorder,major depressive disorder"	-	GCST006475	18:37662673	29942085	"Nagel M"
rs1875560-?	3E-11	-	NR	-	"0.01545 unit increase"	[0.011-0.02]	DCC	"Depressed affect"	"mood disorder,major depressive disorder"	-	GCST006475	18:53434318	29942085	"Nagel M"
rs1940728-?	1E-8	-	NR	-	"0.01354 unit increase"	[0.0089-0.0182]	NCAM1	"Depressed affect"	"mood disorder,major depressive disorder"	-	GCST006475	11:112981473	29942085	"Nagel M"
rs199505-?	1E-18	-	NR	-	"0.02469 unit increase"	[0.019-0.03]	WNT3	"Depressed affect"	"mood disorder,major depressive disorder"	-	GCST006475	17:46782044	29942085	"Nagel M"
rs2090408-?	2E-9	-	NR	-	"0.01416 unit decrease"	[0.0095-0.0188]	BBX,LINC01990	"Depressed affect"	"mood disorder,major depressive disorder"	-	GCST006475	3:107479604	29942085	"Nagel M"
rs2215939-?	5E-8	-	NR	-	"0.0135 unit decrease"	[0.0087-0.0183]	LINC01122	"Depressed affect"	"mood disorder,major depressive disorder"	-	GCST006475	2:58492312	29942085	"Nagel M"
rs2278609-?	9E-9	-	NR	-	"0.01622 unit increase"	[0.011-0.022]	PLCL2	"Depressed affect"	"mood disorder,major depressive disorder"	-	GCST006475	3:16882947	29942085	"Nagel M"
rs2298489-?	2E-11	-	NR	-	"0.01668 unit increase"	[0.012-0.022]	TTC12	"Depressed affect"	"mood disorder,major depressive disorder"	-	GCST006475	11:113364697	29942085	"Nagel M"
rs242947-?	6E-9	-	NR	-	"0.01361 unit increase"	[0.009-0.0182]	MAPT-AS1	"Depressed affect"	"mood disorder,major depressive disorder"	-	GCST006475	17:45839770	29942085	"Nagel M"
rs2435200-?	6E-9	-	NR	-	"0.01363 unit increase"	[0.009-0.0182]	MAPT	"Depressed affect"	"mood disorder,major depressive disorder"	-	GCST006475	17:45994485	29942085	"Nagel M"
rs2867972-?	2E-9	-	NR	-	"0.01654 unit increase"	[0.011-0.022]	ARFGAP2	"Depressed affect"	"mood disorder,major depressive disorder"	-	GCST006475	11:47169687	29942085	"Nagel M"
rs34030812-?	3E-8	-	NR	-	"0.01334 unit increase"	[0.0086-0.018]	ARHGAP15	"Depressed affect"	"mood disorder,major depressive disorder"	-	GCST006475	2:143491336	29942085	"Nagel M"
rs34186148-?	7E-13	-	NR	-	"0.01715 unit increase"	[0.012-0.022]	LINC02210-CRHR1	"Depressed affect"	"mood disorder,major depressive disorder"	-	GCST006475	17:45777289	29942085	"Nagel M"
rs34467936-?	4E-11	-	NR	-	"0.01605 unit decrease"	[0.011-0.021]	PTPRJ,NUP160	"Depressed affect"	"mood disorder,major depressive disorder"	-	GCST006475	11:47893747	29942085	"Nagel M"
rs35609938-?	2E-8	-	NR	-	"0.01321 unit decrease"	[0.0086-0.0178]	LINC01122	"Depressed affect"	"mood disorder,major depressive disorder"	-	GCST006475	2:58529594	29942085	"Nagel M"
rs35738585-?	2E-13	-	NR	-	"0.01722 unit decrease"	[0.013-0.022]	TMPRSS5,DRD2	"Depressed affect"	"mood disorder,major depressive disorder"	-	GCST006475	11:113515625	29942085	"Nagel M"
rs35825582-?	3E-8	-	NR	-	"0.01277 unit decrease"	[0.0082-0.0173]	ARHGAP15	"Depressed affect"	"mood disorder,major depressive disorder"	-	GCST006475	2:143491193	29942085	"Nagel M"
rs35909029-?	2E-8	-	NR	-	"0.01299 unit increase"	[0.0085-0.0175]	LINC02210-CRHR1	"Depressed affect"	"mood disorder,major depressive disorder"	-	GCST006475	17:45774132	29942085	"Nagel M"
rs3758667-?	3E-11	-	NR	-	"0.01798 unit decrease"	[0.013-0.023]	DDB2	"Depressed affect"	"mood disorder,major depressive disorder"	-	GCST006475	11:47214747	29942085	"Nagel M"
rs3819325-?	3E-8	-	NR	-	"0.0129 unit increase"	[0.0084-0.0174]	UBA7	"Depressed affect"	"mood disorder,major depressive disorder"	-	GCST006475	3:49806290	29942085	"Nagel M"
rs3936093-?	1E-8	-	NR	-	"0.01338 unit decrease"	[0.0088-0.018]	LINGO1	"Depressed affect"	"mood disorder,major depressive disorder"	-	GCST006475	15:77809567	29942085	"Nagel M"
rs4257287-?	2E-9	-	NR	-	"0.02217 unit decrease"	[0.015-0.029]	LINC01929,CCDC68	"Depressed affect"	"mood disorder,major depressive disorder"	-	GCST006475	18:55076600	29942085	"Nagel M"
rs4373974-?	2E-8	-	NR	-	"0.01295 unit decrease"	[0.0084-0.0175]	TMPRSS5,DRD2	"Depressed affect"	"mood disorder,major depressive disorder"	-	GCST006475	11:113559764	29942085	"Nagel M"
rs4800995-?	7E-13	-	NR	-	"0.01996 unit decrease"	[0.015-0.025]	TCF4,LINC01415	"Depressed affect"	"mood disorder,major depressive disorder"	-	GCST006475	18:55748146	29942085	"Nagel M"
rs4801157-?	2E-10	-	NR	-	"0.01921 unit increase"	[0.013-0.025]	TCF4	"Depressed affect"	"mood disorder,major depressive disorder"	-	GCST006475	18:55497462	29942085	"Nagel M"
rs56403421-?	2E-10	-	NR	-	"0.01579 unit increase"	[0.011-0.021]	LINC01929,CCDC68	"Depressed affect"	"mood disorder,major depressive disorder"	-	GCST006475	18:55098052	29942085	"Nagel M"
rs4846314-A	6E-6	-	0.25004333	-	"0.14602003 unit increase"	[0.083-0.209]	RPL7AP81,RPLP0P5	"Menstruation quality of life impact (depression)"	"quality of life,major depressive disorder"	-	GCST006644	1:220325294	29855537	"Hirata T"
rs7937477-?	1E-8	-	NR	-	"0.01326 unit decrease"	[0.0087-0.0178]	TMPRSS5,DRD2	"Depressed affect"	"mood disorder,major depressive disorder"	-	GCST006475	11:113545374	29942085	"Nagel M"
rs7939345-?	9E-11	-	NR	-	"0.01846 unit increase"	[0.013-0.024]	PTPRJ,NUP160	"Depressed affect"	"mood disorder,major depressive disorder"	-	GCST006475	11:47959016	29942085	"Nagel M"
rs80035064-?	3E-11	-	NR	-	"0.01852 unit increase"	[0.013-0.024]	CELF4,MIR4318	"Depressed affect"	"mood disorder,major depressive disorder"	-	GCST006475	18:37566403	29942085	"Nagel M"
rs8004430-?	4E-8	-	NR	-	"0.01426 unit decrease"	[0.0092-0.0193]	AREL1	"Depressed affect"	"mood disorder,major depressive disorder"	-	GCST006475	14:74704980	29942085	"Nagel M"
rs8067056-?	1E-12	-	NR	-	"0.017 unit increase"	[0.012-0.022]	MAPT	"Depressed affect"	"mood disorder,major depressive disorder"	-	GCST006475	17:46006582	29942085	"Nagel M"
rs8089865-?	6E-9	-	NR	-	"0.01369 unit decrease"	[0.0091-0.0183]	DCC	"Depressed affect"	"mood disorder,major depressive disorder"	-	GCST006475	18:53431552	29942085	"Nagel M"
rs8097041-?	2E-11	-	NR	-	"0.01603 unit decrease"	[0.011-0.021]	DCC	"Depressed affect"	"mood disorder,major depressive disorder"	-	GCST006475	18:53371847	29942085	"Nagel M"
rs8100891-?	2E-9	-	NR	-	"0.01578 unit decrease"	[0.011-0.021]	ZNF507,RNA5SP472	"Depressed affect"	"mood disorder,major depressive disorder"	-	GCST006475	19:32338607	29942085	"Nagel M"
rs836927-?	4E-10	-	NR	-	"0.01484 unit increase"	[0.01-0.019]	BBX,LINC01990	"Depressed affect"	"mood disorder,major depressive disorder"	-	GCST006475	3:107482581	29942085	"Nagel M"
rs896686-?	5E-8	-	NR	-	"0.01717 unit decrease"	[0.011-0.023]	TCF4,TCF4-AS1	"Depressed affect"	"mood disorder,major depressive disorder"	-	GCST006475	18:55455800	29942085	"Nagel M"
rs913687-?	2E-8	-	NR	-	"0.01442 unit decrease"	[0.0094-0.0195]	RABGAP1L	"Depressed affect"	"mood disorder,major depressive disorder"	-	GCST006475	1:174805993	29942085	"Nagel M"
rs9303521-?	1E-9	-	NR	-	"0.01413 unit increase"	[0.0096-0.0187]	LINC02210-CRHR1	"Depressed affect"	"mood disorder,major depressive disorder"	-	GCST006475	17:45727828	29942085	"Nagel M"
rs9586-?	4E-9	-	NR	-	"0.01634 unit increase"	[0.011-0.022]	KLHDC8B	"Depressed affect"	"mood disorder,major depressive disorder"	-	GCST006475	3:49176204	29942085	"Nagel M"
rs9904290-?	2E-9	-	NR	-	"0.01443 unit decrease"	[0.0097-0.0191]	MAPT	"Depressed affect"	"mood disorder,major depressive disorder"	-	GCST006475	17:45924905	29942085	"Nagel M"
rs12137398-T	1E-8	-	NR	-	"0.01683 unit increase"	[0.011-0.023]	CAMTA1	"Depressed affect"	"mood disorder,major depressive disorder"	-	GCST006475	1:7730488	29942085	"Nagel M"
rs3795310-T	3E-9	-	NR	-	"0.01376 unit increase"	[0.0092-0.0183]	RERE	"Depressed affect"	"mood disorder,major depressive disorder"	-	GCST006475	1:8371547	29942085	"Nagel M"
rs11209175-C	2E-9	-	NR	-	"0.01453 unit increase"	[0.0098-0.0193]	GNG12-AS1	"Depressed affect"	"mood disorder,major depressive disorder"	-	GCST006475	1:67909145	29942085	"Nagel M"
rs12137936-G	3E-8	-	NR	-	"0.01381 unit increase"	[0.0089-0.0187]	NEGR1	"Depressed affect"	"mood disorder,major depressive disorder"	-	GCST006475	1:72254674	29942085	"Nagel M"
rs116362708-A	4E-8	-	NR	-	"0.02983 unit decrease"	[0.019-0.04]	SLC44A5	"Depressed affect"	"mood disorder,major depressive disorder"	-	GCST006475	1:75464629	29942085	"Nagel M"
rs12030991-G	3E-8	-	NR	-	"0.01502 unit decrease"	[0.0097-0.0203]	MTATP6P14,LINC01677	"Depressed affect"	"mood disorder,major depressive disorder"	-	GCST006475	1:106683737	29942085	"Nagel M"
rs75650221-T	3E-9	-	NR	-	"0.03572 unit decrease"	[0.024-0.048]	RABGAP1L	"Depressed affect"	"mood disorder,major depressive disorder"	-	GCST006475	1:174452856	29942085	"Nagel M"
rs17432675-C	4E-8	-	NR	-	"0.01373 unit decrease"	[0.0088-0.0186]	LMOD1	"Depressed affect"	"mood disorder,major depressive disorder"	-	GCST006475	1:201918593	29942085	"Nagel M"
rs34668726-G	1E-11	-	NR	-	"0.02109 unit increase"	[0.015-0.027]	KLHL29	"Depressed affect"	"mood disorder,major depressive disorder"	-	GCST006475	2:23673031	29942085	"Nagel M"
rs2717043-C	2E-10	-	NR	-	"0.01528 unit decrease"	[0.011-0.02]	VRK2	"Depressed affect"	"mood disorder,major depressive disorder"	-	GCST006475	2:57951884	29942085	"Nagel M"
rs13413953-G	3E-9	-	NR	-	"0.01436 unit decrease"	[0.0096-0.0191]	ARHGAP15	"Depressed affect"	"mood disorder,major depressive disorder"	-	GCST006475	2:143479467	29942085	"Nagel M"
rs2042555-A	9E-10	-	NR	-	"0.0144 unit increase"	[0.0098-0.019]	ACVR2A,RNA5SP106	"Depressed affect"	"mood disorder,major depressive disorder"	-	GCST006475	2:147797920	29942085	"Nagel M"
rs76923064-C	3E-8	-	NR	-	"0.05634 unit increase"	[0.036-0.076]	LINC01876	"Depressed affect"	"mood disorder,major depressive disorder"	-	GCST006475	2:156300636	29942085	"Nagel M"
rs11693031-G	5E-10	-	NR	-	"0.01573 unit decrease"	[0.011-0.021]	ERBB4	"Depressed affect"	"mood disorder,major depressive disorder"	-	GCST006475	2:211813206	29942085	"Nagel M"
rs17711053-G	4E-8	-	NR	-	"0.01842 unit decrease"	[0.012-0.025]	VWC2L	"Depressed affect"	"mood disorder,major depressive disorder"	-	GCST006475	2:214574984	29942085	"Nagel M"
rs9858071-C	3E-10	-	NR	-	"0.01607 unit increase"	[0.011-0.021]	PLCL2	"Depressed affect"	"mood disorder,major depressive disorder"	-	GCST006475	3:16803898	29942085	"Nagel M"
rs1542212-G	2E-8	-	NR	-	"0.0133 unit increase"	[0.0086-0.018]	ARPP21	"Depressed affect"	"mood disorder,major depressive disorder"	-	GCST006475	3:35642443	29942085	"Nagel M"
rs4625-G	4E-10	-	NR	-	"0.01564 unit decrease"	[0.011-0.021]	DAG1,BSN-DT	"Depressed affect"	"mood disorder,major depressive disorder"	-	GCST006475	3:49534707	29942085	"Nagel M"
rs145410455-G	7E-18	-	NR	1.0638298	-	-	LINC00533	"Bipolar disorder or major depressive disorder"	"bipolar disorder,major depressive disorder"	-	GCST010416	6:28706221	31926635	"Coleman JRI"
rs58235352-G	2E-10	-	NR	1.0526316	-	-	ACADS,SPPL3	"Bipolar disorder or major depressive disorder"	"bipolar disorder,major depressive disorder"	-	GCST010416	12:120748443	31926635	"Coleman JRI"
rs4143229-C	3E-10	-	NR	1.0526316	-	-	ENOX1	"Bipolar disorder or major depressive disorder"	"bipolar disorder,major depressive disorder"	-	GCST010416	13:43753663	31926635	"Coleman JRI"
rs7531118-C	1E-16	-	NR	1.0416667	-	-	LINC02796	"Bipolar disorder or major depressive disorder"	"bipolar disorder,major depressive disorder"	-	GCST010416	1:72371556	31926635	"Coleman JRI"
rs10959753-C	1E-13	-	NR	1.0416667	-	-	AKAP8P1,JKAMPP1	"Bipolar disorder or major depressive disorder"	"bipolar disorder,major depressive disorder"	-	GCST010416	9:11379630	31926635	"Coleman JRI"
rs61867293-C	6E-12	-	NR	1.0416667	-	-	SORCS3	"Bipolar disorder or major depressive disorder"	"bipolar disorder,major depressive disorder"	-	GCST010416	10:104804166	31926635	"Coleman JRI"
rs4529173-C	4E-9	-	NR	1.0309278	-	-	SCAMP1	"Bipolar disorder or major depressive disorder"	"bipolar disorder,major depressive disorder"	-	GCST010416	5:78413606	31926635	"Coleman JRI"
rs113872034-G	1E-9	-	NR	1.0416667	-	-	TUBGCP6	"Bipolar disorder or major depressive disorder"	"bipolar disorder,major depressive disorder"	-	GCST010416	22:50241007	31926635	"Coleman JRI"
rs62099069-T	1E-9	-	NR	1.0309278	-	-	MIR924HG	"Bipolar disorder or major depressive disorder"	"bipolar disorder,major depressive disorder"	-	GCST010416	18:39303773	31926635	"Coleman JRI"
rs7771570-C	1E-9	-	NR	1.0309278	-	-	ASCC3,GRIK2	"Bipolar disorder or major depressive disorder"	"bipolar disorder,major depressive disorder"	-	GCST010416	6:100891524	31926635	"Coleman JRI"
rs78821730-G	3E-8	-	NR	1.0416667	-	-	CNNM2	"Bipolar disorder or major depressive disorder"	"bipolar disorder,major depressive disorder"	-	GCST010416	10:102924787	31926635	"Coleman JRI"
rs1518367-T	1E-8	-	NR	1.0309278	-	-	PLCL1	"Bipolar disorder or major depressive disorder"	"bipolar disorder,major depressive disorder"	-	GCST010416	2:197942291	31926635	"Coleman JRI"
rs11682175-C	2E-11	-	NR	1.0309278	-	-	ACTG1P22,EIF2S2P7	"Bipolar disorder or major depressive disorder"	"bipolar disorder,major depressive disorder"	-	GCST010416	2:57760458	31926635	"Coleman JRI"
rs117763335-C	1E-8	-	NR	1.0309278	-	-	SETBP1	"Bipolar disorder or major depressive disorder"	"bipolar disorder,major depressive disorder"	-	GCST010416	18:44680383	31926635	"Coleman JRI"
rs4261101-G	2E-8	-	NR	1.0309278	-	-	RNU6-695P,LINC02787	"Bipolar disorder or major depressive disorder"	"bipolar disorder,major depressive disorder"	-	GCST010416	1:90330495	31926635	"Coleman JRI"
rs55993664-C	2E-8	-	NR	1.0309278	-	-	EFNA5,PSMC1P5	"Bipolar disorder or major depressive disorder"	"bipolar disorder,major depressive disorder"	-	GCST010416	5:107267781	31926635	"Coleman JRI"
rs1933802-G	1E-8	-	NR	1.0204082	-	-	LIN28B-AS1	"Bipolar disorder or major depressive disorder"	"bipolar disorder,major depressive disorder"	-	GCST010416	6:104918016	31926635	"Coleman JRI"
rs10818400-G	1E-8	-	NR	1.0204082	-	-	BRINP1,LINC01613	"Bipolar disorder or major depressive disorder"	"bipolar disorder,major depressive disorder"	-	GCST010416	9:119902190	31926635	"Coleman JRI"
rs8063603-G	5E-11	-	NR	1.0309278	-	-	RBFOX1	"Bipolar disorder or major depressive disorder"	"bipolar disorder,major depressive disorder"	-	GCST010416	16:6260644	31926635	"Coleman JRI"
rs6667297-G	6E-11	-	NR	1.0309278	-	-	HNRNPA1P64,HMGB1P18	"Bipolar disorder or major depressive disorder"	"bipolar disorder,major depressive disorder"	-	GCST010416	1:80330304	31926635	"Coleman JRI"
rs4721057-G	7E-11	-	NR	1.0309278	-	-	TMEM106B	"Bipolar disorder or major depressive disorder"	"bipolar disorder,major depressive disorder"	-	GCST010416	7:12227595	31926635	"Coleman JRI"
rs1045430-G	1E-10	-	NR	1.0309278	-	-	AREL1	"Bipolar disorder or major depressive disorder"	"bipolar disorder,major depressive disorder"	-	GCST010416	14:74663532	31926635	"Coleman JRI"
rs10149470-G	1E-10	-	NR	1.0309278	-	-	RNU7-160P,BAG5	"Bipolar disorder or major depressive disorder"	"bipolar disorder,major depressive disorder"	-	GCST010416	14:103551616	31926635	"Coleman JRI"
rs10913112-C	1E-10	-	NR	1.0309278	-	-	COP1,RPS29P5	"Bipolar disorder or major depressive disorder"	"bipolar disorder,major depressive disorder"	-	GCST010416	1:175944692	31926635	"Coleman JRI"
rs116755193-C	1E-10	-	NR	1.0309278	-	-	LINC02240	"Bipolar disorder or major depressive disorder"	"bipolar disorder,major depressive disorder"	-	GCST010416	5:124916190	31926635	"Coleman JRI"
rs34215985-G	2E-10	-	NR	1.0309278	-	-	SLC30A9	"Bipolar disorder or major depressive disorder"	"bipolar disorder,major depressive disorder"	-	GCST010416	4:42045761	31926635	"Coleman JRI"
rs61990288-G	2E-10	-	NR	1.0309278	-	-	LRFN5-DT	"Bipolar disorder or major depressive disorder"	"bipolar disorder,major depressive disorder"	-	GCST010416	14:41605523	31926635	"Coleman JRI"
rs2514218-C	3E-10	-	NR	1.0309278	-	-	DRD2,TMPRSS5	"Bipolar disorder or major depressive disorder"	"bipolar disorder,major depressive disorder"	-	GCST010416	11:113522272	31926635	"Coleman JRI"
rs12935276-G	5E-10	-	NR	1.0309278	-	-	SHISA9	"Bipolar disorder or major depressive disorder"	"bipolar disorder,major depressive disorder"	-	GCST010416	16:12944866	31926635	"Coleman JRI"
rs910187-G	3E-9	-	NR	1.0309278	-	-	ZMYND8	"Bipolar disorder or major depressive disorder"	"bipolar disorder,major depressive disorder"	-	GCST010416	20:47212407	31926635	"Coleman JRI"
rs4074723-C	3E-9	-	NR	1.0309278	-	-	SOX5	"Bipolar disorder or major depressive disorder"	"bipolar disorder,major depressive disorder"	-	GCST010416	12:23794803	31926635	"Coleman JRI"
rs4753209-T	4E-9	-	NR	1.0309278	-	-	GRM5	"Bipolar disorder or major depressive disorder"	"bipolar disorder,major depressive disorder"	-	GCST010416	11:89010040	31926635	"Coleman JRI"
rs4526442-C	8E-11	-	NR	1.0416667	-	-	ZCCHC7	"Bipolar disorder or major depressive disorder"	"bipolar disorder,major depressive disorder"	-	GCST010416	9:37207272	31926635	"Coleman JRI"
rs4869056-G	5E-9	-	NR	1.0309278	-	-	TENM2	"Bipolar disorder or major depressive disorder"	"bipolar disorder,major depressive disorder"	-	GCST010416	5:167565073	31926635	"Coleman JRI"
rs1531188-C	2E-9	-	NR	1.0416667	-	-	MYH15	"Bipolar disorder or major depressive disorder"	"bipolar disorder,major depressive disorder"	-	GCST010416	3:108429710	31926635	"Coleman JRI"
rs16851203-C	2E-9	-	NR	1.0416667	-	-	LINC01645	"Bipolar disorder or major depressive disorder"	"bipolar disorder,major depressive disorder"	-	GCST010416	1:177400897	31926635	"Coleman JRI"
rs1828385-C	1E-8	-	NR	1.0309278	-	-	LINC02853	"Bipolar disorder or major depressive disorder"	"bipolar disorder,major depressive disorder"	-	GCST010416	15:36063667	31926635	"Coleman JRI"
rs8037355-C	4E-15	-	NR	1.0309278	-	-	Metazoa_SRP,TMCO5A	"Bipolar disorder or major depressive disorder"	"bipolar disorder,major depressive disorder"	-	GCST010416	15:37351630	31926635	"Coleman JRI"
rs977509-C	1E-8	-	NR	1.0309278	-	-	SOX6	"Bipolar disorder or major depressive disorder"	"bipolar disorder,major depressive disorder"	-	GCST010416	11:16272134	31926635	"Coleman JRI"
rs7430565-G	2E-11	-	NR	1.0309278	-	-	RSRC1	"Bipolar disorder or major depressive disorder"	"bipolar disorder,major depressive disorder"	-	GCST010416	3:158389391	31926635	"Coleman JRI"
rs1002656-C	3E-11	-	NR	1.0309278	-	-	FTLP18,GRIK3	"Bipolar disorder or major depressive disorder"	"bipolar disorder,major depressive disorder"	-	GCST010416	1:36727140	31926635	"Coleman JRI"
rs11135349-C	3E-11	-	NR	1.0309278	-	-	LINC03000	"Bipolar disorder or major depressive disorder"	"bipolar disorder,major depressive disorder"	-	GCST010416	5:165096466	31926635	"Coleman JRI"
rs61533748-C	4E-11	-	NR	1.0309278	-	-	LINC01830	"Bipolar disorder or major depressive disorder"	"bipolar disorder,major depressive disorder"	-	GCST010416	2:22360096	31926635	"Coleman JRI"
rs102275-C	5E-11	-	NR	1.0309278	-	-	TMEM258	"Bipolar disorder or major depressive disorder"	"bipolar disorder,major depressive disorder"	-	GCST010416	11:61790331	31926635	"Coleman JRI"
rs915057-G	2E-8	-	NR	1.0204082	-	-	SYNE2,ESR2	"Bipolar disorder or major depressive disorder"	"bipolar disorder,major depressive disorder"	-	GCST010416	14:64219489	31926635	"Coleman JRI"
rs10792422-G	2E-8	-	NR	1.0204082	-	-	MARK2	"Bipolar disorder or major depressive disorder"	"bipolar disorder,major depressive disorder"	-	GCST010416	11:63865201	31926635	"Coleman JRI"
rs1504721-C	2E-8	-	NR	1.0204082	-	-	CNTN5	"Bipolar disorder or major depressive disorder"	"bipolar disorder,major depressive disorder"	-	GCST010416	11:99397886	31926635	"Coleman JRI"
rs12552-A	1E-23	-	NR	1.04	-	[1.03-1.05]	OLFM4	"Bipolar disorder or major depressive disorder"	"bipolar disorder,major depressive disorder"	-	GCST010416	13:53051646	31926635	"Coleman JRI"
rs12658032-A	2E-16	-	NR	1.04	-	[1.03-1.05]	RNU6-334P,NIHCOLE	"Bipolar disorder or major depressive disorder"	"bipolar disorder,major depressive disorder"	-	GCST010416	5:104568525	31926635	"Coleman JRI"
rs12958048-A	5E-14	-	NR	1.04	-	[1.03-1.05]	TCF4	"Bipolar disorder or major depressive disorder"	"bipolar disorder,major depressive disorder"	-	GCST010416	18:55434367	31926635	"Coleman JRI"
rs1331012-?	8E-8	-	NR	-	-	-	CDK8,WASF3	"Bipolar disorder or major depressive disorder"	"bipolar disorder,major depressive disorder"	-	GCST010416	13:26541287	31926635	"Coleman JRI"
rs420628-?	9E-8	-	NR	-	-	-	LINC00336,GGNBP1	"Bipolar disorder or major depressive disorder"	"bipolar disorder,major depressive disorder"	-	GCST010416	6:33588251	31926635	"Coleman JRI"
rs2388840-?	6E-8	-	NR	-	-	-	BDH2P1,MIR548AI	"Bipolar disorder or major depressive disorder"	"bipolar disorder,major depressive disorder"	-	GCST010416	6:99150880	31926635	"Coleman JRI"
rs4147207-?	2E-7	-	NR	-	-	-	RNU4ATAC8P,RNA5SP50	"Bipolar disorder or major depressive disorder"	"bipolar disorder,major depressive disorder"	-	GCST010416	1:73785442	31926635	"Coleman JRI"
rs9427672-?	3E-7	-	NR	-	-	-	DENND1B,C1orf53	"Bipolar disorder or major depressive disorder"	"bipolar disorder,major depressive disorder"	-	GCST010416	1:197785611	31926635	"Coleman JRI"
rs7649917-?	1E-7	-	NR	-	-	-	ATP13A4	"Bipolar disorder or major depressive disorder"	"bipolar disorder,major depressive disorder"	-	GCST010416	3:193571760	31926635	"Coleman JRI"
rs6471081-?	4E-7	-	NR	-	-	-	LINC00534,LINC01030	"Bipolar disorder or major depressive disorder"	"bipolar disorder,major depressive disorder"	-	GCST010416	8:90451197	31926635	"Coleman JRI"
rs2149351-?	6E-7	-	NR	-	-	-	TPT1P9,TLR4	"Bipolar disorder or major depressive disorder"	"bipolar disorder,major depressive disorder"	-	GCST010416	9:117739366	31926635	"Coleman JRI"
rs41278104-?	1E-7	-	NR	-	-	-	EMILIN3	"Bipolar disorder or major depressive disorder"	"bipolar disorder,major depressive disorder"	-	GCST010416	20:41362060	31926635	"Coleman JRI"
rs9869821-?	1E-7	-	NR	-	-	-	TCAIM	"Bipolar disorder or major depressive disorder"	"bipolar disorder,major depressive disorder"	-	GCST010416	3:44351644	31926635	"Coleman JRI"
rs6842422-?	5E-7	-	NR	-	-	-	HAFML,SPCS3	"Bipolar disorder or major depressive disorder"	"bipolar disorder,major depressive disorder"	-	GCST010416	4:176425164	31926635	"Coleman JRI"
rs13251959-?	1E-7	-	NR	-	-	-	PXDNL	"Bipolar disorder or major depressive disorder"	"bipolar disorder,major depressive disorder"	-	GCST010416	8:51674515	31926635	"Coleman JRI"
rs1354115-?	3E-6	-	NR	-	-	-	CARM1P1	"Bipolar disorder or major depressive disorder"	"bipolar disorder,major depressive disorder"	-	GCST010416	9:2983774	31926635	"Coleman JRI"
rs17229439-?	8E-6	-	NR	-	-	-	ARHGAP15	"Bipolar disorder or major depressive disorder"	"bipolar disorder,major depressive disorder"	-	GCST010416	2:143338665	31926635	"Coleman JRI"
rs301799-?	1E-6	-	NR	-	-	-	RERE,RERE-AS1	"Bipolar disorder or major depressive disorder"	"bipolar disorder,major depressive disorder"	-	GCST010416	1:8429242	31926635	"Coleman JRI"
rs2332571-?	1E-6	-	NR	-	-	-	CACNA1E	"Bipolar disorder or major depressive disorder"	"bipolar disorder,major depressive disorder"	-	GCST010416	1:181656566	31926635	"Coleman JRI"
rs9365760-?	2E-6	-	NR	-	-	-	RN7SL366P,C6orf118	"Bipolar disorder or major depressive disorder"	"bipolar disorder,major depressive disorder"	-	GCST010416	6:164708845	31926635	"Coleman JRI"
rs2179744-A	4E-12	-	NR	1.03	-	[1.02-1.04]	L3MBTL2-AS1,L3MBTL2	"Bipolar disorder or major depressive disorder"	"bipolar disorder,major depressive disorder"	-	GCST010416	22:41225710	31926635	"Coleman JRI"
rs11643192-A	1E-11	-	NR	1.03	-	[1.02-1.04]	LINC01572,PMFBP1	"Bipolar disorder or major depressive disorder"	"bipolar disorder,major depressive disorder"	-	GCST010416	16:72180377	31926635	"Coleman JRI"
rs79879286-C	2E-11	-	NR	1.04	-	[1.03-1.05]	GSDME,OSBPL3	"Bipolar disorder or major depressive disorder"	"bipolar disorder,major depressive disorder"	-	GCST010416	7:24786970	31926635	"Coleman JRI"
rs7403810-T	8E-11	-	NR	1.03	-	[1.02-1.04]	ERCC4,TMF1P1	"Bipolar disorder or major depressive disorder"	"bipolar disorder,major depressive disorder"	-	GCST010416	16:13656400	31926635	"Coleman JRI"
rs11663393-A	2E-10	-	NR	1.03	-	[1.02-1.04]	DCC	"Bipolar disorder or major depressive disorder"	"bipolar disorder,major depressive disorder"	-	GCST010416	18:53088362	31926635	"Coleman JRI"
rs447801-T	2E-10	-	NR	1.03	-	[1.02-1.04]	MEF2C-AS2	"Bipolar disorder or major depressive disorder"	"bipolar disorder,major depressive disorder"	-	GCST010416	5:88706836	31926635	"Coleman JRI"
rs75581564-A	2E-10	-	NR	1.04	-	[1.03-1.05]	PIPOX	"Bipolar disorder or major depressive disorder"	"bipolar disorder,major depressive disorder"	-	GCST010416	17:29036732	31926635	"Coleman JRI"
rs11077206-C	5E-10	-	NR	1.03	-	[1.02-1.04]	RBFOX1	"Bipolar disorder or major depressive disorder"	"bipolar disorder,major depressive disorder"	-	GCST010416	16:7617330	31926635	"Coleman JRI"
rs1806153-T	3E-9	-	NR	1.03	-	[1.02-1.04]	PAUPAR	"Bipolar disorder or major depressive disorder"	"bipolar disorder,major depressive disorder"	-	GCST010416	11:31828558	31926635	"Coleman JRI"
rs71639293-A	6E-9	-	NR	1.03	-	[1.02-1.04]	ARB2A	"Bipolar disorder or major depressive disorder"	"bipolar disorder,major depressive disorder"	-	GCST010416	5:93659307	31926635	"Coleman JRI"
rs58104186-A	7E-9	-	NR	1.03	-	[1.02-1.04]	EIF3IP1,BUB3P1	"Bipolar disorder or major depressive disorder"	"bipolar disorder,major depressive disorder"	-	GCST010416	7:109459862	31926635	"Coleman JRI"
rs10759881-A	9E-9	-	NR	1.03	-	[1.02-1.04]	ASTN2	"Bipolar disorder or major depressive disorder"	"bipolar disorder,major depressive disorder"	-	GCST010416	9:116971101	31926635	"Coleman JRI"
rs4534926-C	9E-9	-	NR	1.03	-	[1.02-1.04]	ASXL3,NOL4	"Bipolar disorder or major depressive disorder"	"bipolar disorder,major depressive disorder"	-	GCST010416	18:33769108	31926635	"Coleman JRI"
rs11137850-A	1E-8	-	NR	1.03	-	[1.02-1.04]	KRT18P24,MTND2P8	"Bipolar disorder or major depressive disorder"	"bipolar disorder,major depressive disorder"	-	GCST010416	9:78798498	31926635	"Coleman JRI"
rs1226412-T	1E-8	-	NR	1.03	-	[1.02-1.04]	LINC01876	"Bipolar disorder or major depressive disorder"	"bipolar disorder,major depressive disorder"	-	GCST010416	2:156254801	31926635	"Coleman JRI"
rs143864773-T	2E-8	-	NR	1.04	-	[1.02-1.06]	CCDC73	"Bipolar disorder or major depressive disorder"	"bipolar disorder,major depressive disorder"	-	GCST010416	11:32744320	31926635	"Coleman JRI"
rs34866621-T	2E-8	-	NR	1.03	-	[1.02-1.04]	PCLO	"Bipolar disorder or major depressive disorder"	"bipolar disorder,major depressive disorder"	-	GCST010416	7:82884773	31926635	"Coleman JRI"
rs7029033-T	3E-8	-	NR	1.04	-	[1.02-1.06]	DENND1A	"Bipolar disorder or major depressive disorder"	"bipolar disorder,major depressive disorder"	-	GCST010416	9:123919789	31926635	"Coleman JRI"
rs769087-A	3E-8	-	NR	1.03	-	[1.02-1.04]	CACNA1C	"Bipolar disorder or major depressive disorder"	"bipolar disorder,major depressive disorder"	-	GCST010416	12:2235478	31926635	"Coleman JRI"
rs7962128-A	4E-8	-	NR	1.02	-	[1.01-1.03]	KDM2B	"Bipolar disorder or major depressive disorder"	"bipolar disorder,major depressive disorder"	-	GCST010416	12:121469533	31926635	"Coleman JRI"
rs7288411-A	4E-8	-	NR	1.03	-	[1.02-1.04]	NFAM1	"Bipolar disorder or major depressive disorder"	"bipolar disorder,major depressive disorder"	-	GCST010416	22:42419352	31926635	"Coleman JRI"
rs33431-T	4E-8	-	NR	1.02	-	[1.01-1.03]	ZNF536	"Bipolar disorder or major depressive disorder"	"bipolar disorder,major depressive disorder"	-	GCST010416	19:30449082	31926635	"Coleman JRI"
rs1833288-A	5E-8	-	NR	1.03	-	[1.02-1.04]	RAB27B	"Bipolar disorder or major depressive disorder"	"bipolar disorder,major depressive disorder"	-	GCST010416	18:54850675	31926635	"Coleman JRI"
rs11140773-?	6E-8	-	NR	-	-	-	NTRK2	"Bipolar disorder or major depressive disorder"	"bipolar disorder,major depressive disorder"	-	GCST010416	9:84829143	31926635	"Coleman JRI"
rs1956351-?	9E-8	-	NR	-	-	-	RTN1	"Bipolar disorder or major depressive disorder"	"bipolar disorder,major depressive disorder"	-	GCST010416	14:59674825	31926635	"Coleman JRI"
rs57506017-?	2E-9	-	NR	-	"0.01519 unit increase"	[0.01-0.02]	THSD7A,TMEM106B	"Depressed affect"	"mood disorder,major depressive disorder"	-	GCST006475	7:12205599	29942085	"Nagel M"
rs599550-?	4E-17	-	NR	-	"0.02725 unit decrease"	[0.021-0.034]	TCF4	"Depressed affect"	"mood disorder,major depressive disorder"	-	GCST006475	18:55585157	29942085	"Nagel M"
rs6074013-?	1E-9	-	NR	-	"0.01402 unit increase"	[0.0095-0.0186]	NCOA5	"Depressed affect"	"mood disorder,major depressive disorder"	-	GCST006475	20:46080900	29942085	"Nagel M"
rs611439-?	6E-12	-	NR	-	"0.02861 unit decrease"	[0.02-0.037]	TCF4	"Depressed affect"	"mood disorder,major depressive disorder"	-	GCST006475	18:55537633	29942085	"Nagel M"
rs61572747-?	4E-11	-	NR	-	"0.01768 unit increase"	[0.012-0.023]	RNA5SP443,ARHGAP27	"Depressed affect"	"mood disorder,major depressive disorder"	-	GCST006475	17:45383525	29942085	"Nagel M"
rs61687445-?	4E-10	-	NR	-	"0.01464 unit decrease"	[0.01-0.019]	DRD2,TMPRSS5	"Depressed affect"	"mood disorder,major depressive disorder"	-	GCST006475	11:113567370	29942085	"Nagel M"
rs62081501-?	2E-8	-	NR	-	"0.02377 unit increase"	[0.015-0.032]	MIR4318,CELF4	"Depressed affect"	"mood disorder,major depressive disorder"	-	GCST006475	18:37627749	29942085	"Nagel M"
rs62183032-?	3E-8	-	NR	-	"0.01331 unit decrease"	[0.0086-0.018]	ERBB4	"Depressed affect"	"mood disorder,major depressive disorder"	-	GCST006475	2:211774137	29942085	"Nagel M"
rs6774721-?	4E-8	-	NR	-	"0.01855 unit decrease"	[0.012-0.025]	GPX1,USP4	"Depressed affect"	"mood disorder,major depressive disorder"	-	GCST006475	3:49344465	29942085	"Nagel M"
rs6779928-?	5E-10	-	NR	-	"0.01827 unit increase"	[0.013-0.024]	CDYLP1,PLCL2	"Depressed affect"	"mood disorder,major depressive disorder"	-	GCST006475	3:16717777	29942085	"Nagel M"
rs6804663-?	3E-8	-	NR	-	"0.01349 unit increase"	[0.0087-0.0182]	PLCL2	"Depressed affect"	"mood disorder,major depressive disorder"	-	GCST006475	3:16833950	29942085	"Nagel M"
rs7104036-?	3E-11	-	NR	-	"0.0158 unit increase"	[0.011-0.02]	RAPSN	"Depressed affect"	"mood disorder,major depressive disorder"	-	GCST006475	11:47440589	29942085	"Nagel M"
rs7107356-?	2E-13	-	NR	-	"0.01703 unit decrease"	[0.013-0.022]	AGBL2,MTCH2	"Depressed affect"	"mood disorder,major depressive disorder"	-	GCST006475	11:47654618	29942085	"Nagel M"
rs7128325-?	2E-8	-	NR	-	"0.01376 unit decrease"	[0.0089-0.0186]	CSTPP1	"Depressed affect"	"mood disorder,major depressive disorder"	-	GCST006475	11:47025003	29942085	"Nagel M"
rs7212450-?	4E-8	-	NR	-	"0.01306 unit decrease"	[0.0084-0.0177]	PAFAH1B1,CLUH	"Depressed affect"	"mood disorder,major depressive disorder"	-	GCST006475	17:2688646	29942085	"Nagel M"
rs7225002-?	3E-9	-	NR	-	"0.01401 unit increase"	[0.0094-0.0186]	KANSL1	"Depressed affect"	"mood disorder,major depressive disorder"	-	GCST006475	17:46111701	29942085	"Nagel M"
rs7225384-?	5E-9	-	NR	-	"0.01379 unit increase"	[0.0092-0.0184]	LINC02210-CRHR1	"Depressed affect"	"mood disorder,major depressive disorder"	-	GCST006475	17:45731730	29942085	"Nagel M"
rs72788286-?	1E-9	-	NR	-	"0.01967 unit increase"	[0.013-0.026]	ATAD2B	"Depressed affect"	"mood disorder,major depressive disorder"	-	GCST006475	2:23875451	29942085	"Nagel M"
rs72789910-?	4E-10	-	NR	-	"0.01638 unit increase"	[0.011-0.022]	FAM228B	"Depressed affect"	"mood disorder,major depressive disorder"	-	GCST006475	2:24165740	29942085	"Nagel M"
rs72995548-?	5E-8	-	NR	-	"0.02569 unit decrease"	[0.016-0.035]	NCAM1,NCAM1-AS1	"Depressed affect"	"mood disorder,major depressive disorder"	-	GCST006475	11:113268199	29942085	"Nagel M"
rs74338595-?	3E-8	-	NR	-	"0.01412 unit decrease"	[0.0091-0.0191]	ERBB4	"Depressed affect"	"mood disorder,major depressive disorder"	-	GCST006475	2:211885061	29942085	"Nagel M"
rs754593-?	3E-9	-	NR	-	"0.01397 unit increase"	[0.0094-0.0186]	MAPT	"Depressed affect"	"mood disorder,major depressive disorder"	-	GCST006475	17:45977330	29942085	"Nagel M"
rs7583068-?	3E-8	-	NR	-	"0.01376 unit increase"	[0.0089-0.0187]	ERBB4	"Depressed affect"	"mood disorder,major depressive disorder"	-	GCST006475	2:211769383	29942085	"Nagel M"
rs7613360-?	2E-8	-	NR	-	"0.01326 unit increase"	[0.0086-0.0179]	ACTL11P,MST1R	"Depressed affect"	"mood disorder,major depressive disorder"	-	GCST006475	3:49879277	29942085	"Nagel M"
rs7927693-?	9E-9	-	NR	-	"0.01361 unit decrease"	[0.009-0.0182]	DRD2,TMPRSS5	"Depressed affect"	"mood disorder,major depressive disorder"	-	GCST006475	11:113554746	29942085	"Nagel M"
rs28565152-?	3E-8	-	NR	-	"0.0153 increase"	-	ADCY2	"Bipolar disorder vs major depressive disorder (ordinary least squares (OLS))"	"bipolar disorder,major depressive disorder"	-	GCST90016607	5:7542798	33686288	"Peyrot WJ"
rs12538191-?	2E-8	-	NR	-	"0.0154 decrease"	-	MYO1G,PURB	"Bipolar disorder vs major depressive disorder (ordinary least squares (OLS))"	"bipolar disorder,major depressive disorder"	-	GCST90016607	7:44941225	33686288	"Peyrot WJ"
rs1024432-?	7E-9	-	NR	-	"0.0159 decrease"	-	LSM8,CTTNBP2	"Bipolar disorder vs major depressive disorder (ordinary least squares (OLS))"	"bipolar disorder,major depressive disorder"	-	GCST90016607	7:117939275	33686288	"Peyrot WJ"
rs12275195-?	7E-9	-	NR	-	"0.016 increase"	-	TENM4	"Bipolar disorder vs major depressive disorder (ordinary least squares (OLS))"	"bipolar disorder,major depressive disorder"	-	GCST90016607	11:79394755	33686288	"Peyrot WJ"
rs4619651-?	4E-8	-	NR	-	"0.0151 decrease"	-	LMAN2L,CNNM4	"Bipolar disorder vs major depressive disorder (ordinary least squares (OLS))"	"bipolar disorder,major depressive disorder"	-	GCST90016607	2:96750416	33686288	"Peyrot WJ"
rs9834970-?	2E-12	-	NR	-	"0.0194 increase"	-	LINC02033,HSPD1P6	"Bipolar disorder vs major depressive disorder (ordinary least squares (OLS))"	"bipolar disorder,major depressive disorder"	-	GCST90016607	3:36814539	33686288	"Peyrot WJ"
rs11724116-?	1E-8	-	NR	-	"0.0157 decrease"	-	FSTL5,RPS14P7	"Bipolar disorder vs major depressive disorder (ordinary least squares (OLS))"	"bipolar disorder,major depressive disorder"	-	GCST90016607	4:161372886	33686288	"Peyrot WJ"
rs4447398-?	2E-8	-	NR	-	"0.0154 decrease"	-	STARD9	"Bipolar disorder vs major depressive disorder (ordinary least squares (OLS))"	"bipolar disorder,major depressive disorder"	-	GCST90016607	15:42612706	33686288	"Peyrot WJ"
rs111444407-?	3E-10	-	NR	-	"0.0174 increase"	-	NCAN	"Bipolar disorder vs major depressive disorder (ordinary least squares (OLS))"	"bipolar disorder,major depressive disorder"	-	GCST90016607	19:19247398	33686288	"Peyrot WJ"
rs11908600-?	4E-8	-	NR	-	"0.0151 decrease"	-	STK4	"Bipolar disorder vs major depressive disorder (ordinary least squares (OLS))"	"bipolar disorder,major depressive disorder"	-	GCST90016607	20:45004777	33686288	"Peyrot WJ"
rs12410444-?	2E-10	-	NR	-	"0.0145 increase"	-	ST3GAL3,ST3GAL3-AS1	"Major depressive disorder vs ADHD (ordinary least squares (OLS))"	"attention deficit hyperactivity disorder,major depressive disorder"	-	GCST90016612	1:43723048	33686288	"Peyrot WJ"
rs227378-?	5E-8	-	NR	-	"0.0124 decrease"	-	MANBA	"Major depressive disorder vs ADHD (ordinary least squares (OLS))"	"attention deficit hyperactivity disorder,major depressive disorder"	-	GCST90016612	4:102699228	33686288	"Peyrot WJ"
rs226488-?	2E-10	-	NR	-	"0.0146 decrease"	-	MIR9-2HG	"Major depressive disorder vs ADHD (ordinary least squares (OLS))"	"attention deficit hyperactivity disorder,major depressive disorder"	-	GCST90016612	5:88600512	33686288	"Peyrot WJ"
rs304132-?	2E-9	-	NR	-	"0.0137 decrease"	-	MEF2C-AS1	"Major depressive disorder vs ADHD (ordinary least squares (OLS))"	"attention deficit hyperactivity disorder,major depressive disorder"	-	GCST90016612	5:88919777	33686288	"Peyrot WJ"
rs74760947-?	2E-8	-	NR	-	"0.0128 decrease"	-	LINC01288,RPL10AP3	"Major depressive disorder vs ADHD (ordinary least squares (OLS))"	"attention deficit hyperactivity disorder,major depressive disorder"	-	GCST90016612	8:34495092	33686288	"Peyrot WJ"
rs704061-?	5E-8	-	NR	-	"0.0124 decrease"	-	POC1B,DUSP6	"Major depressive disorder vs ADHD (ordinary least squares (OLS))"	"attention deficit hyperactivity disorder,major depressive disorder"	-	GCST90016612	12:89378126	33686288	"Peyrot WJ"
rs8039398-?	1E-8	-	NR	-	"0.013 decrease"	-	SEMA6D	"Major depressive disorder vs ADHD (ordinary least squares (OLS))"	"attention deficit hyperactivity disorder,major depressive disorder"	-	GCST90016612	15:47438673	33686288	"Peyrot WJ"
rs8058677-?	4E-8	-	NR	-	"0.0125 decrease"	-	CDH8,CDH8-AS1	"Major depressive disorder vs ADHD (ordinary least squares (OLS))"	"attention deficit hyperactivity disorder,major depressive disorder"	-	GCST90016612	16:61934401	33686288	"Peyrot WJ"
rs212178-?	3E-8	-	NR	-	"0.0126 increase"	-	LINC01572	"Major depressive disorder vs ADHD (ordinary least squares (OLS))"	"attention deficit hyperactivity disorder,major depressive disorder"	-	GCST90016612	16:72544232	33686288	"Peyrot WJ"
rs720090-?	2E-8	-	NR	-	"0.014 decrease"	-	PTBP2	"Major depressive disorder vs anorexia nervosa (ordinary least squares (OLS))"	"anorexia nervosa,major depressive disorder"	-	GCST90016613	1:96800136	33686288	"Peyrot WJ"
rs2287348-?	3E-8	-	NR	-	"0.0137 decrease"	-	ASB3,ERLEC1	"Major depressive disorder vs anorexia nervosa (ordinary least squares (OLS))"	"anorexia nervosa,major depressive disorder"	-	GCST90016613	2:53812676	33686288	"Peyrot WJ"
rs9873726-?	2E-13	-	NR	-	"0.0183 decrease"	-	NCKIPSD	"Major depressive disorder vs anorexia nervosa (ordinary least squares (OLS))"	"anorexia nervosa,major depressive disorder"	-	GCST90016613	3:48674934	33686288	"Peyrot WJ"
rs4629334-?	2E-8	-	NR	-	"0.0139 increase"	-	ARMC10P1,WDR82P1	"Major depressive disorder vs anorexia nervosa (ordinary least squares (OLS))"	"anorexia nervosa,major depressive disorder"	-	GCST90016613	3:94862302	33686288	"Peyrot WJ"
rs323509-?	2E-9	-	NR	-	"0.015 decrease"	-	RNU6-334P,NIHCOLE	"Major depressive disorder vs anorexia nervosa (ordinary least squares (OLS))"	"anorexia nervosa,major depressive disorder"	-	GCST90016613	5:104746478	33686288	"Peyrot WJ"
rs72994087-?	8E-10	-	NR	-	"0.0152 decrease"	-	CADM1	"Major depressive disorder vs anorexia nervosa (ordinary least squares (OLS))"	"anorexia nervosa,major depressive disorder"	-	GCST90016613	11:115263915	33686288	"Peyrot WJ"
rs4916723-?	5E-8	-	NR	-	"0.0108 decrease"	-	MIR9-2HG	"Major depressive disorder vs autism spectrum disorder (ordinary least squares (OLS))"	"autism spectrum disorder,major depressive disorder"	-	GCST90016614	5:88558577	33686288	"Peyrot WJ"
rs112635299-?	2E-8	-	NR	-	"0.011 decrease"	-	SERPINA2,SERPINA1	"Major depressive disorder vs autism spectrum disorder (ordinary least squares (OLS))"	"autism spectrum disorder,major depressive disorder"	-	GCST90016614	14:94371805	33686288	"Peyrot WJ"
rs910805-?	5E-8	-	NR	-	"0.0108 increase"	-	XRN2,ZNF877P	"Major depressive disorder vs autism spectrum disorder (ordinary least squares (OLS))"	"autism spectrum disorder,major depressive disorder"	-	GCST90016614	20:21267478	33686288	"Peyrot WJ"
rs6065094-?	3E-6	-	NR	-	"0.025 increase"	-	PPP1R16B	"Schizophrenia vs major depressive disorder (ordinary least squares (OLS))"	"schizophrenia,major depressive disorder"	-	GCST90016622	20:38824551	33686288	"Peyrot WJ"
rs9529314-?	9E-12	-	NR	-	-	-	B3GLCT	"Type 2 diabetes and Major depressive disorder"	"type 2 diabetes mellitus,major depressive disorder"	-	GCST90624669	13:31225509	36738649	"Ding H"
rs1002446-?	9E-10	-	NR	-	-	-	WIPI1	"Type 2 diabetes and Major depressive disorder"	"type 2 diabetes mellitus,major depressive disorder"	-	GCST90624669	17:68428782	36738649	"Ding H"
rs12192642-?	4E-8	-	NR	-	-	-	CDKAL1	"Type 2 diabetes and Major depressive disorder"	"type 2 diabetes mellitus,major depressive disorder"	-	GCST90624669	6:21008508	36738649	"Ding H"
rs2846139-?	2E-10	-	NR	-	-	-	LTBP3	"Type 2 diabetes and Major depressive disorder"	"type 2 diabetes mellitus,major depressive disorder"	-	GCST90624669	11:65542512	36738649	"Ding H"
rs138187213-?	4E-7	-	0.9	-	"3.311 unit increase"	[2.03-4.59]	FSTL5	"Pulse pressure x depressive symptoms interaction (1df test)"	"pulse pressure measurement,major depressive disorder"	-	GCST90093162	4:161476105	34734193	"Sun D"
rs13087257-?	8E-10	-	NR	-	-	-	TOMM22P6,OTOL1	"Systolic blood pressure x depressive symptoms interaction (2df test)"	"systolic blood pressure,major depressive disorder"	-	GCST90093144	3:161576842	34734193	"Sun D"
rs201673188-?	5E-7	-	0.06	-	"3.57 unit decrease"	[2.18-4.96]	NXPE2,CADM1	"Pulse pressure x depressive symptoms interaction (1df test)"	"pulse pressure measurement,major depressive disorder"	-	GCST90093162	11:115134093	34734193	"Sun D"
rs201673188-?	4E-8	-	NR	-	-	-	NXPE2,CADM1	"Pulse pressure x depressive symptoms interaction (2df test)"	"pulse pressure measurement,major depressive disorder"	-	GCST90093150	11:115134093	34734193	"Sun D"
rs150069600-?	3E-8	-	NR	-	-	-	LINC00598,SNORD116	"Pulse pressure x depressive symptoms interaction (2df test)"	"pulse pressure measurement,major depressive disorder"	-	GCST90093150	13:39974467	34734193	"Sun D"
rs5863461-?	3E-8	-	NR	-	-	-	-	"Pulse pressure x depressive symptoms interaction (2df test)"	"pulse pressure measurement,major depressive disorder"	-	GCST90093150	-	34734193	"Sun D"
rs7299436-?	1E-14	-	NR	-	-	-	ATP2B1-AS1	"Systolic blood pressure x depressive symptoms interaction (2df test)"	"systolic blood pressure,major depressive disorder"	-	GCST90093168	12:89719293	34734193	"Sun D"
rs79686196-?	4E-9	-	NR	-	-	-	TTC29,MIR548G	"Mean arterial pressure x depressive symptoms interaction (2df test)"	"mean arterial pressure,major depressive disorder"	-	GCST90093153	4:147065755	34734193	"Sun D"
rs78546214-?	3E-8	-	NR	-	-	-	SORBS2,RNU4-64P	"Mean arterial pressure x depressive symptoms interaction (2df test)"	"mean arterial pressure,major depressive disorder"	-	GCST90093153	4:186016487	34734193	"Sun D"
rs112421395-A	2E-8	-	0.03	-	-	-	FTLP18,CSF3R	"Mean arterial pressure x depressive symptoms interaction (2df test)"	"mean arterial pressure,major depressive disorder"	-	GCST90093153	1:36591061	34734193	"Sun D"
rs78259382-?	8E-6	-	NR	-	"6.588 unit decrease"	-	OTOL1,LINC02067	"Systolic blood pressure x depressive symptoms interaction (1df test)"	"systolic blood pressure,major depressive disorder"	-	GCST90093156	3:161494160	34734193	"Sun D"
rs13087257-?	5E-6	-	NR	-	"6.894 unit increase"	-	TOMM22P6,OTOL1	"Systolic blood pressure x depressive symptoms interaction (1df test)"	"systolic blood pressure,major depressive disorder"	-	GCST90093156	3:161576842	34734193	"Sun D"
rs75748221-?	8E-7	-	NR	-	"8.286 unit increase"	-	SGSM3	"Systolic blood pressure x depressive symptoms interaction (1df test)"	"systolic blood pressure,major depressive disorder"	-	GCST90093156	22:40394056	34734193	"Sun D"
rs72162368-?	1E-12	-	NR	-	-	-	ULK4	"Diastolic blood pressure x depressive symptoms interaction (2df test)"	"diastolic blood pressure,major depressive disorder"	-	GCST90093171	3:41748231	34734193	"Sun D"
rs9815354-?	8E-12	-	NR	-	-	-	ULK4	"Diastolic blood pressure x depressive symptoms interaction (2df test)"	"diastolic blood pressure,major depressive disorder"	-	GCST90093171	3:41871159	34734193	"Sun D"
rs73828505-?	2E-11	-	NR	-	-	-	GEMIN2P2,TRAK1	"Diastolic blood pressure x depressive symptoms interaction (2df test)"	"diastolic blood pressure,major depressive disorder"	-	GCST90093171	3:42001222	34734193	"Sun D"
rs3851373-?	6E-9	-	NR	-	-	-	LINC02082,LINC01997	"Diastolic blood pressure x depressive symptoms interaction (2df test)"	"diastolic blood pressure,major depressive disorder"	-	GCST90093171	3:168983307	34734193	"Sun D"
rs1813006-?	3E-8	-	NR	-	-	-	BANK1,SLC39A8	"Diastolic blood pressure x depressive symptoms interaction (2df test)"	"diastolic blood pressure,major depressive disorder"	-	GCST90093171	4:102080492	34734193	"Sun D"
rs75748221-?	2E-8	-	NR	-	-	-	SGSM3	"Systolic blood pressure x depressive symptoms interaction (2df test)"	"systolic blood pressure,major depressive disorder"	-	GCST90093144	22:40394056	34734193	"Sun D"
rs5863461-?	3E-7	-	0.89	-	"3.321 unit increase"	[2.05-4.59]	-	"Pulse pressure x depressive symptoms interaction (1df test)"	"pulse pressure measurement,major depressive disorder"	-	GCST90093162	-	34734193	"Sun D"
rs28383655-?	3E-7	-	NR	-	-	-	NAT1	"Diastolic blood pressure x depressive symptoms interaction (2df test)"	"diastolic blood pressure,major depressive disorder"	-	GCST90093147	8:18170731	34734193	"Sun D"
rs202048896-?	3E-6	-	0.96	-	"4.393 unit increase"	[2.56-6.23]	RN7SKP182,RPL12P40	"Mean arterial pressure x depressive symptoms interaction (1df test)"	"mean arterial pressure,major depressive disorder"	-	GCST90093165	18:38611469	34734193	"Sun D"
rs284277-?	8E-9	-	NR	-	-	-	CASZ1	"Systolic blood pressure x depressive symptoms interaction (2df test)"	"systolic blood pressure,major depressive disorder"	-	GCST90093168	1:10730740	34734193	"Sun D"
rs11105337-?	5E-16	-	NR	-	-	-	ATP2B1	"Systolic blood pressure x depressive symptoms interaction (2df test)"	"systolic blood pressure,major depressive disorder"	-	GCST90093168	12:89599730	34734193	"Sun D"
rs202048896-?	1E-10	-	NR	-	-	-	RN7SKP182,RPL12P40	"Mean arterial pressure x depressive symptoms interaction (2df test)"	"mean arterial pressure,major depressive disorder"	-	GCST90093153	18:38611469	34734193	"Sun D"
rs1343040-?	3E-8	-	NR	-	-	-	MECOM,MECOM-AS1	"Systolic blood pressure x depressive symptoms interaction (2df test)"	"systolic blood pressure,major depressive disorder"	-	GCST90093168	3:169468505	34734193	"Sun D"
rs7729447-?	2E-9	-	NR	-	-	-	NPR3	"Systolic blood pressure x depressive symptoms interaction (2df test)"	"systolic blood pressure,major depressive disorder"	-	GCST90093168	5:32689667	34734193	"Sun D"
rs7794193-?	2E-11	-	NR	-	-	-	EVX1,RPL35P4	"Systolic blood pressure x depressive symptoms interaction (2df test)"	"systolic blood pressure,major depressive disorder"	-	GCST90093168	7:27255082	34734193	"Sun D"
rs7002117-?	2E-9	-	NR	-	-	-	PINX1	"Systolic blood pressure x depressive symptoms interaction (2df test)"	"systolic blood pressure,major depressive disorder"	-	GCST90093168	8:10758659	34734193	"Sun D"
chr1:11886385-?	6E-10	-	NR	-	-	-	-	"Diastolic blood pressure x depressive symptoms interaction (2df test)"	"diastolic blood pressure,major depressive disorder"	-	GCST90093171	-	34734193	"Sun D"
rs1265565-?	8E-9	-	NR	-	-	-	CUX2	"Diastolic blood pressure x depressive symptoms interaction (2df test)"	"diastolic blood pressure,major depressive disorder"	-	GCST90093171	12:111277393	34734193	"Sun D"
rs200520096-?	3E-8	-	NR	-	-	-	RPP25,COX5A	"Diastolic blood pressure x depressive symptoms interaction (2df test)"	"diastolic blood pressure,major depressive disorder"	-	GCST90093171	15:74949699	34734193	"Sun D"
rs2071410-?	3E-8	-	NR	-	-	-	FURIN	"Diastolic blood pressure x depressive symptoms interaction (2df test)"	"diastolic blood pressure,major depressive disorder"	-	GCST90093171	15:90877710	34734193	"Sun D"
rs28383655-?	4E-8	-	NR	-	"4.877 unit increase"	-	NAT1	"Diastolic blood pressure x depressive symptoms interaction (1df test)"	"diastolic blood pressure,major depressive disorder"	-	GCST90093159	8:18170731	34734193	"Sun D"
rs112913898-?	7E-9	-	NR	-	-	-	NT5C2	"Systolic blood pressure x depressive symptoms interaction (2df test)"	"systolic blood pressure,major depressive disorder"	-	GCST90093264	10:103199143	34734193	"Sun D"
rs588321-?	3E-9	-	NR	-	-	-	LSP1	"Systolic blood pressure x depressive symptoms interaction (2df test)"	"systolic blood pressure,major depressive disorder"	-	GCST90093264	11:1875727	34734193	"Sun D"
rs36028748-?	6E-9	-	NR	-	-	-	RELA-DT	"Systolic blood pressure x depressive symptoms interaction (2df test)"	"systolic blood pressure,major depressive disorder"	-	GCST90093264	11:65689214	34734193	"Sun D"
rs11105352-?	3E-18	-	NR	-	-	-	ATP2B1	"Systolic blood pressure x depressive symptoms interaction (2df test)"	"systolic blood pressure,major depressive disorder"	-	GCST90093264	12:89632685	34734193	"Sun D"
rs189695639-?	7E-9	-	NR	-	-	-	CCDC197	"Systolic blood pressure x depressive symptoms interaction (2df test)"	"systolic blood pressure,major depressive disorder"	-	GCST90093264	14:93988612	34734193	"Sun D"
rs9928094-?	5E-8	-	NR	-	-	-	FTO	"Systolic blood pressure x depressive symptoms interaction (2df test)"	"systolic blood pressure,major depressive disorder"	-	GCST90093264	16:53765993	34734193	"Sun D"
rs935168-?	2E-9	-	NR	-	-	-	KCNK3,RPL37P11	"Systolic blood pressure x depressive symptoms interaction (2df test)"	"systolic blood pressure,major depressive disorder"	-	GCST90093264	2:26691919	34734193	"Sun D"
rs1887320-?	2E-9	-	NR	-	-	-	LINC02871,LINC01752	"Systolic blood pressure x depressive symptoms interaction (2df test)"	"systolic blood pressure,major depressive disorder"	-	GCST90093264	20:10985350	34734193	"Sun D"
rs11099098-?	2E-13	-	NR	-	-	-	FGF5,PRDM8	"Systolic blood pressure x depressive symptoms interaction (2df test)"	"systolic blood pressure,major depressive disorder"	-	GCST90093264	4:80248758	34734193	"Sun D"
rs12656497-?	3E-16	-	NR	-	-	-	LINC02120,NPR3	"Systolic blood pressure x depressive symptoms interaction (2df test)"	"systolic blood pressure,major depressive disorder"	-	GCST90093264	5:32831833	34734193	"Sun D"
rs6867081-?	2E-8	-	NR	-	-	-	LINC02227	"Systolic blood pressure x depressive symptoms interaction (2df test)"	"systolic blood pressure,major depressive disorder"	-	GCST90093264	5:158386005	34734193	"Sun D"
rs6461992-?	2E-11	-	NR	-	-	-	HOXA11	"Systolic blood pressure x depressive symptoms interaction (2df test)"	"systolic blood pressure,major depressive disorder"	-	GCST90093264	7:27181212	34734193	"Sun D"
rs13276026-?	7E-10	-	NR	-	-	-	PINX1	"Systolic blood pressure x depressive symptoms interaction (2df test)"	"systolic blood pressure,major depressive disorder"	-	GCST90093264	8:10752445	34734193	"Sun D"
rs10745331-?	4E-11	-	NR	-	-	-	CAPZA1	"Diastolic blood pressure x depressive symptoms interaction (2df test)"	"diastolic blood pressure,major depressive disorder"	-	GCST90093267	1:112644156	34734193	"Sun D"
rs10832571-?	1E-8	-	NR	-	-	-	SOX6	"Diastolic blood pressure x depressive symptoms interaction (2df test)"	"diastolic blood pressure,major depressive disorder"	-	GCST90093267	11:16239678	34734193	"Sun D"
rs67190866-?	5E-8	-	NR	-	-	-	SOX6	"Diastolic blood pressure x depressive symptoms interaction (2df test)"	"diastolic blood pressure,major depressive disorder"	-	GCST90093267	11:16341387	34734193	"Sun D"
rs11065822-?	2E-8	-	NR	-	-	-	CUX2	"Diastolic blood pressure x depressive symptoms interaction (2df test)"	"diastolic blood pressure,major depressive disorder"	-	GCST90093267	12:111162330	34734193	"Sun D"
rs1265564-?	3E-11	-	NR	-	-	-	CUX2	"Diastolic blood pressure x depressive symptoms interaction (2df test)"	"diastolic blood pressure,major depressive disorder"	-	GCST90093267	12:111270654	34734193	"Sun D"
rs3184504-?	4E-19	-	NR	-	-	-	ATXN2,SH2B3	"Diastolic blood pressure x depressive symptoms interaction (2df test)"	"diastolic blood pressure,major depressive disorder"	-	GCST90093267	12:111446804	34734193	"Sun D"
rs653178-?	6E-18	-	NR	-	-	-	ATXN2	"Diastolic blood pressure x depressive symptoms interaction (2df test)"	"diastolic blood pressure,major depressive disorder"	-	GCST90093267	12:111569952	34734193	"Sun D"
rs2013002-?	7E-13	-	NR	-	-	-	ALDH2,ACAD10	"Diastolic blood pressure x depressive symptoms interaction (2df test)"	"diastolic blood pressure,major depressive disorder"	-	GCST90093267	12:111762346	34734193	"Sun D"
rs17696736-?	4E-13	-	NR	-	-	-	NAA25	"Diastolic blood pressure x depressive symptoms interaction (2df test)"	"diastolic blood pressure,major depressive disorder"	-	GCST90093267	12:112049014	34734193	"Sun D"
rs11066188-?	9E-13	-	NR	-	-	-	HECTD4	"Diastolic blood pressure x depressive symptoms interaction (2df test)"	"diastolic blood pressure,major depressive disorder"	-	GCST90093267	12:112172910	34734193	"Sun D"
rs192267-?	5E-8	-	NR	-	-	-	UBA52P7,TBX3-AS1	"Diastolic blood pressure x depressive symptoms interaction (2df test)"	"diastolic blood pressure,major depressive disorder"	-	GCST90093267	12:115114703	34734193	"Sun D"
rs7338758-?	5E-8	-	NR	-	-	-	SLC7A1	"Diastolic blood pressure x depressive symptoms interaction (2df test)"	"diastolic blood pressure,major depressive disorder"	-	GCST90093267	13:29563691	34734193	"Sun D"
rs6599178-?	1E-15	-	NR	-	-	-	ULK4	"Diastolic blood pressure x depressive symptoms interaction (2df test)"	"diastolic blood pressure,major depressive disorder"	-	GCST90093267	3:41800637	34734193	"Sun D"
rs1613233-?	1E-16	-	NR	-	-	-	ULK4	"Diastolic blood pressure x depressive symptoms interaction (2df test)"	"diastolic blood pressure,major depressive disorder"	-	GCST90093267	3:41903652	34734193	"Sun D"
rs704964-?	1E-11	-	NR	-	-	-	GEMIN2P2,TRAK1	"Diastolic blood pressure x depressive symptoms interaction (2df test)"	"diastolic blood pressure,major depressive disorder"	-	GCST90093267	3:42012407	34734193	"Sun D"
rs36034102-?	1E-8	-	NR	-	-	-	FGF5	"Diastolic blood pressure x depressive symptoms interaction (2df test)"	"diastolic blood pressure,major depressive disorder"	-	GCST90093267	4:80280894	34734193	"Sun D"
rs13139571-?	2E-10	-	NR	-	-	-	GUCY1A1	"Diastolic blood pressure x depressive symptoms interaction (2df test)"	"diastolic blood pressure,major depressive disorder"	-	GCST90093267	4:155724361	34734193	"Sun D"
rs12661140-?	3E-10	-	NR	-	-	-	PLEKHG1	"Diastolic blood pressure x depressive symptoms interaction (2df test)"	"diastolic blood pressure,major depressive disorder"	-	GCST90093267	6:150671458	34734193	"Sun D"
rs56153133-?	2E-16	-	NR	-	-	-	CLCN6	"Mean arterial pressure x depressive symptoms interaction (2df test)"	"mean arterial pressure,major depressive disorder"	-	GCST90093273	1:11825590	34734193	"Sun D"
rs2798239-?	4E-10	-	NR	-	-	-	WNT2B	"Mean arterial pressure x depressive symptoms interaction (2df test)"	"mean arterial pressure,major depressive disorder"	-	GCST90093273	1:112498210	34734193	"Sun D"
rs12801636-?	1E-9	-	NR	-	-	-	PCNX3	"Mean arterial pressure x depressive symptoms interaction (2df test)"	"mean arterial pressure,major depressive disorder"	-	GCST90093273	11:65623846	34734193	"Sun D"
rs77287196-?	8E-10	-	NR	-	-	-	ATP2B1	"Mean arterial pressure x depressive symptoms interaction (2df test)"	"mean arterial pressure,major depressive disorder"	-	GCST90093273	12:89640626	34734193	"Sun D"
rs7398796-?	2E-10	-	NR	-	-	-	LINC02356	"Mean arterial pressure x depressive symptoms interaction (2df test)"	"mean arterial pressure,major depressive disorder"	-	GCST90093273	12:111376351	34734193	"Sun D"
rs1275978-?	3E-14	-	NR	-	-	-	KCNK3	"Mean arterial pressure x depressive symptoms interaction (2df test)"	"mean arterial pressure,major depressive disorder"	-	GCST90093273	2:26700227	34734193	"Sun D"
rs6108784-?	4E-11	-	NR	-	-	-	LINC02871,LINC01752	"Mean arterial pressure x depressive symptoms interaction (2df test)"	"mean arterial pressure,major depressive disorder"	-	GCST90093273	20:10983718	34734193	"Sun D"
rs13107325-?	8E-11	-	NR	-	-	-	SLC39A8	"Diastolic blood pressure x depressive symptoms interaction (2df test)"	"diastolic blood pressure,major depressive disorder"	-	GCST90093171	4:102267552	34734193	"Sun D"
rs150161168-A	4E-9	-	0.02	-	-	-	LINC02336	"Pulse pressure x depressive symptoms interaction (2df test)"	"pulse pressure measurement,major depressive disorder"	-	GCST90093174	13:89782552	34734193	"Sun D"
rs34071855-?	5E-12	-	NR	-	-	-	CASZ1	"Mean arterial pressure x depressive symptoms interaction (2df test)"	"mean arterial pressure,major depressive disorder"	-	GCST90093177	1:10738432	34734193	"Sun D"
rs45603435-?	3E-17	-	NR	-	-	-	MTHFR	"Mean arterial pressure x depressive symptoms interaction (2df test)"	"mean arterial pressure,major depressive disorder"	-	GCST90093177	1:11801798	34734193	"Sun D"
rs6482423-?	5E-12	-	NR	-	-	-	CACNB2	"Mean arterial pressure x depressive symptoms interaction (2df test)"	"mean arterial pressure,major depressive disorder"	-	GCST90093177	10:18436124	34734193	"Sun D"
rs1358350-?	8E-12	-	NR	-	-	-	ATP2B1	"Mean arterial pressure x depressive symptoms interaction (2df test)"	"mean arterial pressure,major depressive disorder"	-	GCST90093177	12:89708115	34734193	"Sun D"
rs62185670-?	2E-8	-	NR	-	-	-	LINC02871	"Mean arterial pressure x depressive symptoms interaction (2df test)"	"mean arterial pressure,major depressive disorder"	-	GCST90093177	20:10989553	34734193	"Sun D"
rs147332833-?	4E-9	-	NR	-	-	-	ZNF831	"Mean arterial pressure x depressive symptoms interaction (2df test)"	"mean arterial pressure,major depressive disorder"	-	GCST90093177	20:59123658	34734193	"Sun D"
rs34935053-?	1E-9	-	NR	-	-	-	LINC02082,LINC01997	"Mean arterial pressure x depressive symptoms interaction (2df test)"	"mean arterial pressure,major depressive disorder"	-	GCST90093177	3:168988635	34734193	"Sun D"
rs223103-?	5E-13	-	NR	-	-	-	MECOM	"Mean arterial pressure x depressive symptoms interaction (2df test)"	"mean arterial pressure,major depressive disorder"	-	GCST90093177	3:169382655	34734193	"Sun D"
rs916880-?	3E-13	-	NR	-	-	-	HOXA13,HOXA11-AS	"Mean arterial pressure x depressive symptoms interaction (2df test)"	"mean arterial pressure,major depressive disorder"	-	GCST90093177	7:27189500	34734193	"Sun D"
rs142313940-A	3E-6	-	0.02	-	"2.586 unit decrease"	[1.5-3.67]	LINC02336	"Pulse pressure x depressive symptoms interaction (1df test)"	"pulse pressure measurement,major depressive disorder"	-	GCST90093186	13:89782551	34734193	"Sun D"
rs150161168-A	3E-6	-	0.02	-	"2.594 unit decrease"	[1.51-3.67]	LINC02336	"Pulse pressure x depressive symptoms interaction (1df test)"	"pulse pressure measurement,major depressive disorder"	-	GCST90093186	13:89782552	34734193	"Sun D"
rs1314982-?	3E-8	-	NR	-	-	-	KCNK3	"Diastolic blood pressure x depressive symptoms interaction (2df test)"	"diastolic blood pressure,major depressive disorder"	-	GCST90093243	2:26699194	34734193	"Sun D"
rs3753581-?	3E-12	-	NR	-	-	-	NPPB,SBF1P2	"Systolic blood pressure x depressive symptoms interaction (2df test)"	"systolic blood pressure,major depressive disorder"	-	GCST90093264	1:11860132	34734193	"Sun D"
rs1004467-?	1E-8	-	NR	-	-	-	CYP17A1	"Systolic blood pressure x depressive symptoms interaction (2df test)"	"systolic blood pressure,major depressive disorder"	-	GCST90093264	10:102834750	34734193	"Sun D"
rs5011520-?	8E-10	-	NR	-	-	-	CNNM2	"Systolic blood pressure x depressive symptoms interaction (2df test)"	"systolic blood pressure,major depressive disorder"	-	GCST90093264	10:102937759	34734193	"Sun D"
rs12219027-?	6E-9	-	NR	-	-	-	CNNM2	"Systolic blood pressure x depressive symptoms interaction (2df test)"	"systolic blood pressure,major depressive disorder"	-	GCST90093264	10:103051446	34734193	"Sun D"
rs6794693-?	4E-11	-	NR	-	-	-	LINC01997,LINC02082	"Mean arterial pressure x depressive symptoms interaction (2df test)"	"mean arterial pressure,major depressive disorder"	-	GCST90093273	3:168980468	34734193	"Sun D"
rs1458038-?	9E-17	-	NR	-	-	-	FGF5,PRDM8	"Mean arterial pressure x depressive symptoms interaction (2df test)"	"mean arterial pressure,major depressive disorder"	-	GCST90093273	4:80243569	34734193	"Sun D"
rs1173766-?	3E-11	-	NR	-	-	-	LINC02120,NPR3	"Mean arterial pressure x depressive symptoms interaction (2df test)"	"mean arterial pressure,major depressive disorder"	-	GCST90093273	5:32804422	34734193	"Sun D"
rs2023843-?	1E-14	-	NR	-	-	-	HOTTIP	"Mean arterial pressure x depressive symptoms interaction (2df test)"	"mean arterial pressure,major depressive disorder"	-	GCST90093273	7:27203602	34734193	"Sun D"
rs73321585-T	1E-8	-	0.96	-	-	-	CHODL	"Mean arterial pressure x depressive symptoms interaction (2df test)"	"mean arterial pressure,major depressive disorder"	-	GCST90093273	21:17939850	34734193	"Sun D"
rs189695639-?	3E-9	-	NR	-	"4.873 unit increase"	-	CCDC197	"Systolic blood pressure x depressive symptoms interaction (1df test)"	"systolic blood pressure,major depressive disorder"	-	GCST90093276	14:93988612	34734193	"Sun D"
rs73321585-T	5E-7	-	0.96	-	"2.67 unit increase"	[1.63-3.71]	CHODL	"Mean arterial pressure x depressive symptoms interaction (1df test)"	"mean arterial pressure,major depressive disorder"	-	GCST90093285	21:17939850	34734193	"Sun D"
rs73321586-T	4E-7	-	0.04	-	"2.773 unit decrease"	[1.7-3.85]	CHODL	"Mean arterial pressure x depressive symptoms interaction (1df test)"	"mean arterial pressure,major depressive disorder"	-	GCST90093285	21:17940208	34734193	"Sun D"
rs561662267-?	6E-9	-	NR	-	-	-	RFLNA	"Depression (PHQ-9 score) x environmental factor score interaction"	"major depressive disorder,environmental factor"	-	GCST90102446	12:124124534	35026594	"Li C"
rs71479432-?	3E-8	-	NR	-	-	-	ASCC1	"Depression (PHQ-9 score) x environmental factor score interaction"	"major depressive disorder,environmental factor"	-	GCST90102447	10:72155696	35026594	"Li C"
rs536631793-?	4E-8	-	NR	-	-	-	SYN3,TIMP3	"Depression x environmental factor score interaction"	"major depressive disorder,environmental factor"	-	GCST90102448	22:32849374	35026594	"Li C"
rs77321595-?	4E-8	-	NR	-	-	-	SMIM31	"Depression x environmental factor score interaction"	"major depressive disorder,environmental factor"	-	GCST90102448	4:164803204	35026594	"Li C"
rs151323364-?	3E-10	-	NR	-	-	-	ASTN2	"Depression x environmental factor score interaction"	"major depressive disorder,environmental factor"	-	GCST90102448	9:117059339	35026594	"Li C"
rs1862743-?	4E-8	-	NR	-	-	-	GNPATP,RPS27AP16	"Irritable bowel syndrome or major depressive disorder (pleiotropy)"	"irritable bowel syndrome,major depressive disorder"	-	GCST90271325	16:60709930	36753304	"Gong W"
rs12969536-?	1E-8	-	NR	-	-	-	TCF4	"Irritable bowel syndrome or major depressive disorder (pleiotropy)"	"irritable bowel syndrome,major depressive disorder"	-	GCST90271325	18:55434629	36753304	"Gong W"
rs3099439-?	2E-9	-	NR	-	-	-	TMEM161B	"Irritable bowel syndrome or major depressive disorder (pleiotropy)"	"irritable bowel syndrome,major depressive disorder"	-	GCST90271325	5:88249501	36753304	"Gong W"
rs4937872-?	2E-9	-	NR	-	-	-	NCAM1,LINC02763	"Irritable bowel syndrome or major depressive disorder (pleiotropy)"	"irritable bowel syndrome,major depressive disorder"	-	GCST90271325	11:112956992	36753304	"Gong W"
rs2806933-?	7E-9	-	NR	-	-	-	LINC01065,OLFM4	"Irritable bowel syndrome or major depressive disorder (pleiotropy)"	"irritable bowel syndrome,major depressive disorder"	-	GCST90271325	13:53069235	36753304	"Gong W"
rs67505447-?	3E-9	-	NR	-	-	-	LRFN5	"Irritable bowel syndrome or major depressive disorder (pleiotropy)"	"irritable bowel syndrome,major depressive disorder"	-	GCST90271325	14:41674028	36753304	"Gong W"
rs5177-?	2E-8	-	NR	-	-	-	MAGOH-DT,LRP8	"Irritable bowel syndrome or bipolar disorder (pleiotropy)"	"irritable bowel syndrome,major depressive disorder"	-	GCST90271329	1:53246063	36753304	"Gong W"
rs2345964-?	1E-10	-	NR	-	-	-	U3,RNA5SP63	"Irritable bowel syndrome or bipolar disorder (pleiotropy)"	"irritable bowel syndrome,major depressive disorder"	-	GCST90271329	1:163781667	36753304	"Gong W"
rs4301023-?	3E-9	-	NR	-	-	-	CADM2	"Irritable bowel syndrome or bipolar disorder (pleiotropy)"	"irritable bowel syndrome,major depressive disorder"	-	GCST90271329	3:85008130	36753304	"Gong W"
rs77087420-?	3E-9	-	NR	-	-	-	BLTP1	"Irritable bowel syndrome or bipolar disorder (pleiotropy)"	"irritable bowel syndrome,major depressive disorder"	-	GCST90271329	4:122201701	36753304	"Gong W"
rs13239217-?	8E-9	-	NR	-	-	-	PCLO	"Irritable bowel syndrome or bipolar disorder (pleiotropy)"	"irritable bowel syndrome,major depressive disorder"	-	GCST90271329	7:82909320	36753304	"Gong W"
rs4840461-?	1E-8	-	NR	-	-	-	MSRA-DT	"Irritable bowel syndrome or bipolar disorder (pleiotropy)"	"irritable bowel syndrome,major depressive disorder"	-	GCST90271329	8:10047278	36753304	"Gong W"
rs59042914-?	2E-8	-	NR	-	-	-	ADD3-AS1	"Irritable bowel syndrome or bipolar disorder (pleiotropy)"	"irritable bowel syndrome,major depressive disorder"	-	GCST90271329	10:109974411	36753304	"Gong W"
rs11214436-?	2E-8	-	NR	-	-	-	NCAM1,LINC02763	"Irritable bowel syndrome or bipolar disorder (pleiotropy)"	"irritable bowel syndrome,major depressive disorder"	-	GCST90271329	11:112960059	36753304	"Gong W"
rs4886394-?	8E-9	-	NR	-	-	-	ZNF646P1,RN7SL618P	"Irritable bowel syndrome or bipolar disorder (pleiotropy)"	"irritable bowel syndrome,major depressive disorder"	-	GCST90271329	13:53333518	36753304	"Gong W"
rs6690186-?	3E-9	-	NR	-	-	-	SGIP1	"Inflammatory bowel disease or major depressive disorder (pleiotropy)"	"inflammatory bowel disease,major depressive disorder"	-	GCST90271321	1:66537796	36753304	"Gong W"
rs7531118-?	3E-10	-	NR	-	-	-	LINC02796	"Inflammatory bowel disease or major depressive disorder (pleiotropy)"	"inflammatory bowel disease,major depressive disorder"	-	GCST90271321	1:72371556	36753304	"Gong W"
rs12118513-?	3E-9	-	NR	-	-	-	DENND1B	"Inflammatory bowel disease or major depressive disorder (pleiotropy)"	"inflammatory bowel disease,major depressive disorder"	-	GCST90271321	1:197547956	36753304	"Gong W"
rs169850-?	5E-8	-	NR	-	-	-	MROH3P	"Inflammatory bowel disease or major depressive disorder (pleiotropy)"	"inflammatory bowel disease,major depressive disorder"	-	GCST90271321	1:200960016	36753304	"Gong W"
rs60689680-?	3E-8	-	NR	-	-	-	IL12B,LINC01845	"Inflammatory bowel disease or major depressive disorder (pleiotropy)"	"inflammatory bowel disease,major depressive disorder"	-	GCST90271321	5:159407359	36753304	"Gong W"
rs10756219-?	2E-8	-	NR	-	-	-	JKAMPP1,AKAP8P1	"Inflammatory bowel disease or major depressive disorder (pleiotropy)"	"inflammatory bowel disease,major depressive disorder"	-	GCST90271321	9:11276005	36753304	"Gong W"
rs10822050-?	9E-9	-	NR	-	-	-	ALDH7A1P4,LINC02929	"Inflammatory bowel disease or major depressive disorder (pleiotropy)"	"inflammatory bowel disease,major depressive disorder"	-	GCST90271321	10:62679011	36753304	"Gong W"
rs12755507-?	5E-9	-	NR	-	-	-	COP1	"Irritable bowel syndrome or major depressive disorder (pleiotropy)"	"irritable bowel syndrome,major depressive disorder"	-	GCST90271325	1:176195729	36753304	"Gong W"
rs1263674-?	2E-8	-	NR	-	-	-	MYOSLID,MYOSLID-AS1	"Gastroesophageal reflux disease or major depressive disorder (pleiotropy)"	"gastroesophageal reflux disease,major depressive disorder"	-	GCST90271337	2:207190999	36753304	"Gong W"
rs3802850-?	8E-9	-	NR	-	-	-	NCAM1	"Gastroesophageal reflux disease or major depressive disorder (pleiotropy)"	"gastroesophageal reflux disease,major depressive disorder"	-	GCST90271337	11:113041796	36753304	"Gong W"
rs4450851-?	8E-6	-	NR	-	"0.34 unit decrease"	[0.2-0.48]	EZRP1,ALCAM	"Depression (age of onset)"	"age at onset,major depressive disorder"	-	GCST90104444	3:104598885	35330412	"Grant CW"
rs1399212-?	7E-6	-	NR	-	"0.71 unit decrease"	[0.42-1]	Y_RNA,INTU	"Depression (age of onset)"	"age at onset,major depressive disorder"	-	GCST90104444	4:127602809	35330412	"Grant CW"
rs162181-?	3E-7	-	NR	-	"0.48 unit decrease"	[0.3-0.66]	FAT1	"Depression (age of onset)"	"age at onset,major depressive disorder"	-	GCST90104444	4:186683275	35330412	"Grant CW"
rs12213221-?	7E-6	-	NR	-	"0.34 unit decrease"	[0.2-0.48]	GABRR2	"Depression (age of onset)"	"age at onset,major depressive disorder"	-	GCST90104444	6:89278163	35330412	"Grant CW"
rs6456092-?	1E-6	-	NR	-	"0.37 unit increase"	[0.23-0.51]	RPS6KA2	"Depression (age of onset)"	"age at onset,major depressive disorder"	-	GCST90104444	6:166543846	35330412	"Grant CW"
rs6940645-?	3E-6	-	NR	-	"0.36 unit decrease"	[0.2-0.52]	CASC15	"Depression (age of onset)"	"age at onset,major depressive disorder"	-	GCST90104444	6:21867316	35330412	"Grant CW"
rs797147-?	2E-6	-	NR	-	"0.55 unit decrease"	[0.33-0.77]	FARS2	"Depression (age of onset)"	"age at onset,major depressive disorder"	-	GCST90104444	6:5367040	35330412	"Grant CW"
rs870816-?	9E-8	-	NR	-	"0.4 unit decrease"	[0.26-0.54]	SAMD3	"Depression (age of onset)"	"age at onset,major depressive disorder"	-	GCST90104444	6:130151775	35330412	"Grant CW"
rs10233511-?	1E-6	-	NR	-	"0.4 unit decrease"	[0.24-0.56]	FLJ40288	"Depression (age of onset)"	"age at onset,major depressive disorder"	-	GCST90104444	7:132697295	35330412	"Grant CW"
rs74409431-?	5E-6	-	NR	-	"0.51 unit increase"	[0.29-0.73]	SNX10-AS1	"Depression (age of onset)"	"age at onset,major depressive disorder"	-	GCST90104444	7:26381649	35330412	"Grant CW"
rs112014566-?	2E-6	-	NR	-	"0.59 unit decrease"	[0.35-0.83]	RNY4P18,MIR7702	"Depression (age of onset)"	"age at onset,major depressive disorder"	-	GCST90104444	9:111252552	35330412	"Grant CW"
rs7085238-?	9E-7	-	NR	-	"0.44 unit decrease"	[0.26-0.62]	SH3PXD2A	"Depression (age of onset)"	"age at onset,major depressive disorder"	-	GCST90104444	10:103738397	35330412	"Grant CW"
rs12287910-?	1E-6	-	NR	-	"0.36 unit increase"	[0.22-0.5]	LINC02706,B3GAT1-DT	"Depression (age of onset)"	"age at onset,major depressive disorder"	-	GCST90104444	11:134533722	35330412	"Grant CW"
rs11609779-?	6E-7	-	NR	-	"0.5 unit increase"	[0.3-0.7]	GRIN2B	"Depression (age of onset)"	"age at onset,major depressive disorder"	-	GCST90104444	12:13730177	35330412	"Grant CW"
rs4297561-?	2E-6	-	NR	-	"0.39 unit increase"	[0.23-0.55]	LINC01039,TM9SF2	"Depression (age of onset)"	"age at onset,major depressive disorder"	-	GCST90104444	13:99570876	35330412	"Grant CW"
rs62094545-?	8E-6	-	NR	-	"0.44 unit increase"	[0.24-0.64]	NEDD4L	"Depression (age of onset)"	"age at onset,major depressive disorder"	-	GCST90104444	18:58266680	35330412	"Grant CW"
rs8127960-?	1E-6	-	NR	-	"0.43 unit increase"	[0.25-0.61]	LINC00114	"Depression (age of onset)"	"age at onset,major depressive disorder"	-	GCST90104444	21:38763760	35330412	"Grant CW"
rs7545243-?	7E-6	-	NR	-	"0.25 unit decrease"	[0.13-0.37]	LRRC8D-DT,LRRC8C	"Depression (age of onset)"	"age at onset,major depressive disorder"	-	GCST90104443	1:89817956	35330412	"Grant CW"
rs59432780-?	2E-6	-	NR	-	"0.38 unit decrease"	[0.22-0.54]	PAIP2B	"Depression (age of onset)"	"age at onset,major depressive disorder"	-	GCST90104443	2:71215643	35330412	"Grant CW"
rs12465492-?	9E-6	-	NR	-	"0.24 unit decrease"	[0.14-0.34]	ARHGAP15-AS1,ARHGAP15	"Depression (age of onset)"	"age at onset,major depressive disorder"	-	GCST90104443	2:143719626	35330412	"Grant CW"
rs10510204-?	7E-6	-	NR	-	"0.24 unit increase"	[0.14-0.34]	RN7SL120P,LINC01266	"Depression (age of onset)"	"age at onset,major depressive disorder"	-	GCST90104443	3:965228	35330412	"Grant CW"
rs35721771-?	5E-7	-	NR	-	"0.28 unit increase"	[0.16-0.4]	DCLK3	"Depression (age of onset)"	"age at onset,major depressive disorder"	-	GCST90104443	3:36713616	35330412	"Grant CW"
rs1922247-?	3E-6	-	NR	-	"0.26 unit decrease"	[0.16-0.36]	LINC01324,MIR1263	"Depression (age of onset)"	"age at onset,major depressive disorder"	-	GCST90104443	3:164368030	35330412	"Grant CW"
rs6853045-?	7E-6	-	NR	-	"0.24 unit decrease"	[0.14-0.34]	IQCM	"Depression (age of onset)"	"age at onset,major depressive disorder"	-	GCST90104443	4:149508467	35330412	"Grant CW"
rs73350538-?	9E-6	-	NR	-	"0.51 unit increase"	[0.29-0.73]	FARS2	"Depression (age of onset)"	"age at onset,major depressive disorder"	-	GCST90104443	6:5389170	35330412	"Grant CW"
rs76522180-?	8E-7	-	NR	-	"0.57 unit decrease"	[0.35-0.79]	SGCZ	"Depression (age of onset)"	"age at onset,major depressive disorder"	-	GCST90104443	8:14969624	35330412	"Grant CW"
rs7299653-?	7E-6	-	NR	-	"0.24 unit decrease"	[0.14-0.34]	A2ML1,PHC1	"Depression (age of onset)"	"age at onset,major depressive disorder"	-	GCST90104443	12:8906397	35330412	"Grant CW"
rs9926993-?	7E-7	-	NR	-	"0.51 unit decrease"	[0.31-0.71]	ARLNC1	"Depression (age of onset)"	"age at onset,major depressive disorder"	-	GCST90104443	16:80848579	35330412	"Grant CW"
rs143801763-?	8E-6	-	NR	-	"0.63 unit increase"	[0.36-0.9]	ARMC10P1,NSUN3	"Depression (age of onset)"	"age at onset,major depressive disorder"	-	GCST90104444	3:94237709	35330412	"Grant CW"
rs12092435-C	4E-7	-	0.198	-	"0.0 unit increase"	[0-0]	STX6	"Major depressive disorder x sex interaction (full X chromosome dosage compensation)"	"sex interaction measurement,major depressive disorder"	-	GCST90565871	1:181012560	40858613	"Thomas JT"
rs12312238-T	8E-7	-	0.2895	-	"0.0 unit increase"	[0-0]	FBRSL1	"Major depressive disorder x sex interaction (full X chromosome dosage compensation)"	"sex interaction measurement,major depressive disorder"	-	GCST90565871	12:132543240	40858613	"Thomas JT"
rs28573687-A	7E-7	-	0.2569	-	"0.0212 unit increase"	[0.013-0.03]	C19orf12,CCNE1	"Major depressive disorder x sex interaction (full X chromosome dosage compensation)"	"sex interaction measurement,major depressive disorder"	-	GCST90565871	19:29773589	40858613	"Thomas JT"
rs6080675-A	6E-8	-	0.1833	-	"0.0 unit increase"	[0-0]	PCSK2	"Major depressive disorder x sex interaction (full X chromosome dosage compensation)"	"sex interaction measurement,major depressive disorder"	-	GCST90565871	20:17394777	40858613	"Thomas JT"
rs2234358-G	2E-11	-	NR	-	-	-	CXCR6,FYCO1	"Major depressive disorder or severe COVID-19 (pleiotropy)"	"major depressive disorder,COVID-19"	-	GCST90296443	3:45947552	37426090	"Li Z"
rs1557866-C	2E-9	-	NR	-	-	-	OAS3	"Major depressive disorder or severe COVID-19 (pleiotropy)"	"major depressive disorder,COVID-19"	-	GCST90296443	12:112967376	37426090	"Li Z"
rs1396862-A	1E-9	-	NR	-	-	-	"LINC02210-CRHR1,MAPT-AS1,CRHR1"	"Major depressive disorder or severe COVID-19 (pleiotropy)"	"major depressive disorder,COVID-19"	-	GCST90296443	17:45825631	37426090	"Li Z"
rs199442-A	3E-8	-	NR	-	-	-	NSF	"Major depressive disorder or severe COVID-19 (pleiotropy)"	"major depressive disorder,COVID-19"	-	GCST90296443	17:46742756	37426090	"Li Z"
rs8098405-G	2E-9	-	NR	-	-	-	DCC	"Major depressive disorder or severe COVID-19 (pleiotropy)"	"major depressive disorder,COVID-19"	-	GCST90296443	18:53226003	37426090	"Li Z"
rs1405655-C	3E-9	-	NR	-	-	-	NR1H2	"Major depressive disorder or severe COVID-19 (pleiotropy)"	"major depressive disorder,COVID-19"	-	GCST90296443	19:50379362	37426090	"Li Z"
rs2300371-T	8E-9	-	NR	-	-	-	IFNAR2,IFNAR2-IL10RB	"Major depressive disorder or severe COVID-19 (pleiotropy)"	"major depressive disorder,COVID-19"	-	GCST90296443	21:33259936	37426090	"Li Z"
rs853676-T	3E-10	-	NR	-	-	-	ZSCAN31	"Major depressive disorder or hospitalized COVID-19 (pleiotropy)"	"major depressive disorder,COVID-19"	-	GCST90296444	6:28331910	37426090	"Li Z"
rs7118388-G	3E-9	-	NR	-	-	-	CIR1P3,CAT	"Major depressive disorder or hospitalized COVID-19 (pleiotropy)"	"major depressive disorder,COVID-19"	-	GCST90296444	11:34432600	37426090	"Li Z"
rs17689471-C	1E-12	-	NR	-	-	-	"CRHR1,LINC02210-CRHR1,MAPT-AS1"	"Major depressive disorder or hospitalized COVID-19 (pleiotropy)"	"major depressive disorder,COVID-19"	-	GCST90296444	17:45815607	37426090	"Li Z"
rs199457-T	5E-10	-	NR	-	-	-	NSF	"Major depressive disorder or hospitalized COVID-19 (pleiotropy)"	"major depressive disorder,COVID-19"	-	GCST90296444	17:46718103	37426090	"Li Z"
rs3746539-A	4E-8	-	NR	-	-	-	PTPRT	"Major depressive disorder or hospitalized COVID-19 (pleiotropy)"	"major depressive disorder,COVID-19"	-	GCST90296444	20:42073431	37426090	"Li Z"
rs11088268-G	7E-9	-	NR	-	-	-	LINC00649	"Major depressive disorder or hospitalized COVID-19 (pleiotropy)"	"major depressive disorder,COVID-19"	-	GCST90296444	21:33991458	37426090	"Li Z"
rs13099833-G	4E-8	-	NR	-	-	-	ABI3BP,ACTR3P3	"Major depressive disorder or COVID-19 infection (pleiotropy)"	"major depressive disorder,COVID-19"	-	GCST90296445	3:101159652	37426090	"Li Z"
rs2303473-G	4E-9	-	NR	-	-	-	RPL24	"Major depressive disorder or COVID-19 infection (pleiotropy)"	"major depressive disorder,COVID-19"	-	GCST90296445	3:101685969	37426090	"Li Z"
rs4683856-A	6E-10	-	NR	-	-	-	NXPE3	"Major depressive disorder or COVID-19 infection (pleiotropy)"	"major depressive disorder,COVID-19"	-	GCST90296445	3:101815482	37426090	"Li Z"
rs853676-T	3E-10	-	NR	-	-	-	ZSCAN31	"Major depressive disorder or COVID-19 infection (pleiotropy)"	"major depressive disorder,COVID-19"	-	GCST90296445	6:28331910	37426090	"Li Z"
rs677483-G	3E-8	-	NR	-	-	-	GRM5	"Major depressive disorder or COVID-19 infection (pleiotropy)"	"major depressive disorder,COVID-19"	-	GCST90296445	11:88968034	37426090	"Li Z"
rs6484218-A	4E-8	-	0.14	-	-	-	AMPD3	"Schizophrenia, bipolar disorder and depression (combined)"	"bipolar disorder,mental or behavioural disorder,major depressive disorder"	-	GCST000774	11:10369034	20713499	"Huang J"
rs4982029-A	4E-6	-	0.02	-	-	-	NPAS3	"Schizophrenia, bipolar disorder and depression (combined)"	"bipolar disorder,mental or behavioural disorder,major depressive disorder"	-	GCST000774	14:33007060	20713499	"Huang J"
rs7326068-A	3E-6	-	0.19	-	-	-	IFT88	"Schizophrenia, bipolar disorder and depression (combined)"	"bipolar disorder,mental or behavioural disorder,major depressive disorder"	-	GCST000774	13:20635373	20713499	"Huang J"
rs3758354-C	3E-6	-	0.03	-	-	-	ANXA1,ALDH1A1	"Schizophrenia, bipolar disorder and depression (combined)"	"bipolar disorder,mental or behavioural disorder,major depressive disorder"	-	GCST000774	9:73149649	20713499	"Huang J"
rs1001021-A	2E-6	-	0.02	-	-	-	MYO18B	"Schizophrenia, bipolar disorder and depression (combined)"	"bipolar disorder,mental or behavioural disorder,major depressive disorder"	-	GCST000774	22:26007633	20713499	"Huang J"
rs17156280-C	2E-7	-	0.142	-	-	-	CACNA2D1	"Major depressive disorder (stressful life events interaction)"	"self rated health,stressful life event measurement,major depressive disorder"	-	GCST003319	7:82414674	26845276	"Ikeda M"
rs10485715-C	8E-9	-	0.144	-	-	-	LINC01428,LINC01751	"Major depressive disorder (stressful life events interaction)"	"self rated health,stressful life event measurement,major depressive disorder"	-	GCST003319	20:7279278	26845276	"Ikeda M"
rs78087832-?	6E-7	-	NR	2.731	-	[1.933-3.857]	CCDC195,CUL3	"Response to bupropion and depression"	"mood disorder,trait in response to bupropion,major depressive disorder"	-	GCST003806	2:224600060	27622933	"Li QS"
rs73425402-?	1E-6	-	NR	20.833332	-	[8.26-52.63]	NAV3	"Response to bupropion and depression"	"mood disorder,trait in response to bupropion,major depressive disorder"	-	GCST003806	12:77503518	27622933	"Li QS"
rs150175932-?	1E-7	-	NR	15.22	-	[3.318-69.804]	DCLK2	"Response to selective serotonin reuptake inhibitors and depression"	"response to selective serotonin reuptake inhibitor,mood disorder,major depressive disorder"	-	GCST003809	4:150101495	27622933	"Li QS"
rs141746753-?	1E-6	-	NR	3.2467532	-	[1.84-5.71]	BPNT2,RNU6-13P	"Response to selective serotonin reuptake inhibitors and depression"	"response to selective serotonin reuptake inhibitor,mood disorder,major depressive disorder"	-	GCST003809	8:56934154	27622933	"Li QS"
rs6063349-?	7E-7	-	NR	1.183432	-	[1.11-1.27]	CSE1L	"Non-response to citalopram or escitalopram and depression"	"trait in response to escitalopram,trait in response to citalopram,mood disorder,major depressive disorder"	-	GCST003810	20:49065345	27622933	"Li QS"
rs142641502-?	8E-7	-	NR	4.565	-	[2.155-9.671]	CSTF3	"Non-response to citalopram or escitalopram and depression"	"trait in response to escitalopram,trait in response to citalopram,mood disorder,major depressive disorder"	-	GCST003810	11:33109861	27622933	"Li QS"
rs201203751-?	5E-7	-	NR	4.009	-	[2.537-6.336]	FYB1	"Non-response to bupropion and depression"	"mood disorder,trait in response to bupropion,major depressive disorder"	-	GCST003804	5:39203496	27622933	"Li QS"
rs1548076-?	1E-6	-	NR	2.4937656	-	[1.63-3.82]	DRAIC,TLE3	"Non-response to citalopram or escitalopram and depression"	"trait in response to escitalopram,trait in response to citalopram,mood disorder,major depressive disorder"	-	GCST003810	15:69934284	27622933	"Li QS"
rs56388524-?	7E-7	-	NR	1.798	-	[1.451-2.228]	HCN1,EMB	"Non-response to bupropion and depression"	"mood disorder,trait in response to bupropion,major depressive disorder"	-	GCST003804	5:45757459	27622933	"Li QS"
rs143405544-?	7E-7	-	NR	6.711409	-	[2.44-18.52]	ADAMTS6	"Non-response to bupropion and depression"	"mood disorder,trait in response to bupropion,major depressive disorder"	-	GCST003804	5:65459777	27622933	"Li QS"
rs183042538-?	8E-7	-	NR	1.431	-	[1.249-1.638]	ZHX3	"Non-response to bupropion and depression"	"mood disorder,trait in response to bupropion,major depressive disorder"	-	GCST003804	20:41197420	27622933	"Li QS"
rs190544851-?	3E-7	-	NR	14.29	-	[3.555-57.454]	ERG,LINC01423	"Non-response to antidepressants and depression"	"mood disorder,major depressive disorder,response to antidepressant"	-	GCST003812	21:38360474	27622933	"Li QS"
rs57043326-?	8E-7	-	NR	2.65252	-	[1.69-4.17]	LINC02901	"Non-response to antidepressants and depression"	"mood disorder,major depressive disorder,response to antidepressant"	-	GCST003812	6:158893901	27622933	"Li QS"
rs12068879-?	1E-6	-	NR	2.221	-	[1.667-2.958]	KAZN	"Non-response to antidepressants and depression"	"mood disorder,major depressive disorder,response to antidepressant"	-	GCST003812	1:14959860	27622933	"Li QS"
rs1322281-?	1E-6	-	NR	1.242	-	[1.139-1.354]	PTPRD	"Non-response to antidepressants and depression"	"mood disorder,major depressive disorder,response to antidepressant"	-	GCST003812	9:10582445	27622933	"Li QS"
rs13418410-?	2E-6	-	NR	1.212	-	[1.121-1.311]	FAM98A,RASGRP3	"Non-response to antidepressants and depression"	"mood disorder,major depressive disorder,response to antidepressant"	-	GCST003812	2:33575832	27622933	"Li QS"
rs1994321-?	5E-7	-	NR	1.1547344	-	[1.09-1.22]	LINC02989,LINC02547	"Non-response to selective serotonin reuptake inhibitors and depression"	"response to selective serotonin reuptake inhibitor,mood disorder,major depressive disorder"	-	GCST003808	11:12065766	27622933	"Li QS"
rs113378111-?	7E-7	-	NR	1.579	-	[1.303-1.912]	RNU4-73P,TAF1B	"Non-response to selective serotonin reuptake inhibitors and depression"	"response to selective serotonin reuptake inhibitor,mood disorder,major depressive disorder"	-	GCST003808	2:9788024	27622933	"Li QS"
rs112106319-?	1E-6	-	NR	2.3255813	-	[1.59-3.4]	DELEC1,TNC	"Response to bupropion and depression"	"mood disorder,trait in response to bupropion,major depressive disorder"	-	GCST003806	9:115094539	27622933	"Li QS"
rs73720034-?	1E-6	-	NR	1.256	-	[1.142-1.381]	GRM8,POT1-AS1	"Response to selective serotonin reuptake inhibitors and depression"	"response to selective serotonin reuptake inhibitor,mood disorder,major depressive disorder"	-	GCST003809	7:125794995	27622933	"Li QS"
rs6545694-?	2E-6	-	NR	1.096	-	[1.056-1.137]	LINC01122	"Response to selective serotonin reuptake inhibitors and depression"	"response to selective serotonin reuptake inhibitor,mood disorder,major depressive disorder"	-	GCST003809	2:58620818	27622933	"Li QS"
rs61519662-?	2E-6	-	NR	1.1013216	-	[1.06-1.15]	LINC01250,MYT1L	"Response to selective serotonin reuptake inhibitors and depression"	"response to selective serotonin reuptake inhibitor,mood disorder,major depressive disorder"	-	GCST003809	2:2696619	27622933	"Li QS"
rs190783615-?	2E-17	-	NR	15.18	-	[3.095-74.439]	RNA5SP516,SPANXN4	"Non-response to bupropion and depression"	"mood disorder,trait in response to bupropion,major depressive disorder"	-	GCST003804	X:142772620	27622933	"Li QS"
rs201569130-?	9E-7	-	NR	3.009	-	[1.785-5.073]	FOXF2,RN7SL352P	"Non-response to citalopram or escitalopram and depression"	"trait in response to escitalopram,trait in response to citalopram,mood disorder,major depressive disorder"	-	GCST003810	6:1402916	27622933	"Li QS"
rs183124483-?	6E-7	-	NR	14.925372	-	[6.85-32.26]	NLK	"Non-response to bupropion and depression"	"mood disorder,trait in response to bupropion,major depressive disorder"	-	GCST003804	17:28110028	27622933	"Li QS"
rs182377406-?	1E-6	-	NR	5.773	-	[3.250-10.254]	GPR152,CORO1B	"Non-response to citalopram or escitalopram and depression"	"trait in response to escitalopram,trait in response to citalopram,mood disorder,major depressive disorder"	-	GCST003810	11:67449378	27622933	"Li QS"
rs143934587-?	7E-7	-	NR	6.711409	-	[3.61-12.5]	SLC24A3,SCP2D1-AS1	"Response to citalopram or escitalopram and depression"	"trait in response to escitalopram,trait in response to citalopram,mood disorder,major depressive disorder"	-	GCST003811	20:19165806	27622933	"Li QS"
rs74860738-?	3E-7	-	NR	1.2870014	-	[1.17-1.41]	LINC02720,ARL6IP1P3	"Response to citalopram or escitalopram and depression"	"trait in response to escitalopram,trait in response to citalopram,mood disorder,major depressive disorder"	-	GCST003811	11:80671683	27622933	"Li QS"
rs189864513-?	8E-7	-	NR	12.345678	-	[5.65-27.03]	Y_RNA,LINC01618	"Response to citalopram or escitalopram and depression"	"trait in response to escitalopram,trait in response to citalopram,mood disorder,major depressive disorder"	-	GCST003811	4:52767390	27622933	"Li QS"
rs11924809-?	1E-6	-	NR	1.215	-	[1.122-1.316]	DGKG	"Response to citalopram or escitalopram and depression"	"trait in response to escitalopram,trait in response to citalopram,mood disorder,major depressive disorder"	-	GCST003811	3:186353656	27622933	"Li QS"
rs117375960-?	2E-6	-	NR	142.85713	-	[2.9-∞]	NT5C2	"Response to citalopram or escitalopram and depression"	"trait in response to escitalopram,trait in response to citalopram,mood disorder,major depressive disorder"	-	GCST003811	10:103161907	27622933	"Li QS"
rs200855945-?	4E-7	-	NR	4.929	-	[2.35-10.34]	SSPN,BHLHE41	"Response to bupropion and depression"	"mood disorder,trait in response to bupropion,major depressive disorder"	-	GCST003806	12:26124961	27622933	"Li QS"
rs112538845-?	6E-7	-	NR	1.637	-	[1.366-1.961]	ENPP6,STOX2	"Response to bupropion and depression"	"mood disorder,trait in response to bupropion,major depressive disorder"	-	GCST003806	4:184084475	27622933	"Li QS"
rs73788091-?	1E-6	-	NR	3.011	-	[2.044-4.437]	FSTL4	"Non-response to selective serotonin reuptake inhibitors and depression"	"response to selective serotonin reuptake inhibitor,mood disorder,major depressive disorder"	-	GCST003808	5:133429517	27622933	"Li QS"
rs9951011-?	2E-6	-	NR	1.1806375	-	[1.1-1.26]	DSEL,RPL31P9	"Non-response to selective serotonin reuptake inhibitors and depression"	"response to selective serotonin reuptake inhibitor,mood disorder,major depressive disorder"	-	GCST003808	18:67366441	27622933	"Li QS"
rs78620960-?	2E-6	-	NR	1.2033695	-	[1.12-1.3]	HNRNPA1P46,LINC01720	"Non-response to selective serotonin reuptake inhibitors and depression"	"response to selective serotonin reuptake inhibitor,mood disorder,major depressive disorder"	-	GCST003808	1:190812369	27622933	"Li QS"
rs34807503-?	5E-7	-	NR	1.0905125	-	[1.05-1.13]	SCN8A,SLC4A8	"Response to antidepressants and depression"	"mood disorder,major depressive disorder,response to antidepressant"	-	GCST003813	12:51525350	27622933	"Li QS"
rs2402960-?	8E-7	-	NR	1.098901	-	[1.06-1.14]	MIR182,NRF1	"Response to antidepressants and depression"	"mood disorder,major depressive disorder,response to antidepressant"	-	GCST003813	7:129765934	27622933	"Li QS"
rs200312707-?	1E-6	-	NR	1.0881393	-	[1.05-1.13]	CDH8	"Response to antidepressants and depression"	"mood disorder,major depressive disorder,response to antidepressant"	-	GCST003813	16:62031776	27622933	"Li QS"
rs400736-?	2E-6	-	NR	1.0857763	-	[1.05-1.12]	ERRFI1	"Response to antidepressants and depression"	"mood disorder,major depressive disorder,response to antidepressant"	-	GCST003813	1:8018249	27622933	"Li QS"
rs35265457-?	2E-6	-	NR	1.508	-	[1.261-1.803]	NDC1	"Response to antidepressants and depression"	"mood disorder,major depressive disorder,response to antidepressant"	-	GCST003813	1:53807606	27622933	"Li QS"
rs10789340-?	3E-10	-	NR	-	"0.019587249 unit decrease"	[0.013-0.026]	LINC02796	"Psycho-cardiometabolic multimorbidity (multivariate analysis)"	"type 2 diabetes mellitus,major depressive disorder,coronary artery disease"	-	GCST90310232	1:72474590	37390107	"Baltramonaityte V"
rs7528419-?	3E-6	-	NR	-	"0.024743408 unit increase"	[0.014-0.035]	CELSR2	"Psycho-cardiometabolic multimorbidity (multivariate analysis)"	"type 2 diabetes mellitus,major depressive disorder,coronary artery disease"	-	GCST90310232	1:109274570	37390107	"Baltramonaityte V"
rs9349379-?	3E-19	-	NR	-	"0.046269517 unit decrease"	[0.036-0.056]	PHACTR1	"Psycho-cardiometabolic multimorbidity (multivariate analysis)"	"type 2 diabetes mellitus,major depressive disorder,coronary artery disease"	-	GCST90310232	6:12903725	37390107	"Baltramonaityte V"
rs10455872-?	5E-15	-	NR	-	"0.10118637 unit decrease"	[0.076-0.127]	LPA	"Psycho-cardiometabolic multimorbidity (multivariate analysis)"	"type 2 diabetes mellitus,major depressive disorder,coronary artery disease"	-	GCST90310232	6:160589086	37390107	"Baltramonaityte V"
rs186696265-?	4E-11	-	NR	-	"0.163088 unit decrease"	[0.11-0.21]	PLG,LPA	"Psycho-cardiometabolic multimorbidity (multivariate analysis)"	"type 2 diabetes mellitus,major depressive disorder,coronary artery disease"	-	GCST90310232	6:160690668	37390107	"Baltramonaityte V"
rs2043539-?	1E-8	-	NR	-	"0.016940318 unit decrease"	[0.011-0.023]	TMEM106B	"Psycho-cardiometabolic multimorbidity (multivariate analysis)"	"type 2 diabetes mellitus,major depressive disorder,coronary artery disease"	-	GCST90310232	7:12214254	37390107	"Baltramonaityte V"
rs3731239-?	3E-9	-	NR	-	"0.025670554 unit increase"	[0.017-0.034]	CDKN2A	"Psycho-cardiometabolic multimorbidity (multivariate analysis)"	"type 2 diabetes mellitus,major depressive disorder,coronary artery disease"	-	GCST90310232	9:21974219	37390107	"Baltramonaityte V"
rs2891168-?	7E-74	-	NR	-	"0.091615014 unit decrease"	[0.082-0.101]	CDKN2B-AS1	"Psycho-cardiometabolic multimorbidity (multivariate analysis)"	"type 2 diabetes mellitus,major depressive disorder,coronary artery disease"	-	GCST90310232	9:22098620	37390107	"Baltramonaityte V"
rs532436-?	3E-8	-	NR	-	"0.025091568 unit decrease"	[0.016-0.034]	ABO	"Psycho-cardiometabolic multimorbidity (multivariate analysis)"	"type 2 diabetes mellitus,major depressive disorder,coronary artery disease"	-	GCST90310232	9:133274414	37390107	"Baltramonaityte V"
rs1870634-?	4E-7	-	NR	-	"0.021771438 unit decrease"	[0.013-0.03]	LINC00841,LINC03089	"Psycho-cardiometabolic multimorbidity (multivariate analysis)"	"type 2 diabetes mellitus,major depressive disorder,coronary artery disease"	-	GCST90310232	10:43985363	37390107	"Baltramonaityte V"
rs1004467-?	5E-6	-	NR	-	"0.022582658 unit increase"	[0.013-0.032]	CYP17A1	"Psycho-cardiometabolic multimorbidity (multivariate analysis)"	"type 2 diabetes mellitus,major depressive disorder,coronary artery disease"	-	GCST90310232	10:102834750	37390107	"Baltramonaityte V"
rs34872471-?	2E-11	-	NR	-	"0.03558397 unit decrease"	[0.025-0.046]	TCF7L2	"Psycho-cardiometabolic multimorbidity (multivariate analysis)"	"type 2 diabetes mellitus,major depressive disorder,coronary artery disease"	-	GCST90310232	10:112994312	37390107	"Baltramonaityte V"
rs2004910-?	4E-9	-	NR	-	"0.019131785 unit decrease"	[0.013-0.025]	RPL12P33,HNF1A-AS1	"Psycho-cardiometabolic multimorbidity (multivariate analysis)"	"type 2 diabetes mellitus,major depressive disorder,coronary artery disease"	-	GCST90310232	12:120936924	37390107	"Baltramonaityte V"
rs7173743-?	2E-7	-	NR	-	"0.022525236 unit increase"	[0.014-0.031]	MORF4L1	"Psycho-cardiometabolic multimorbidity (multivariate analysis)"	"type 2 diabetes mellitus,major depressive disorder,coronary artery disease"	-	GCST90310232	15:78849442	37390107	"Baltramonaityte V"
rs1962412-?	3E-8	-	NR	-	"0.019668475 unit decrease"	[0.013-0.027]	ATP5MC1	"Psycho-cardiometabolic multimorbidity (multivariate analysis)"	"type 2 diabetes mellitus,major depressive disorder,coronary artery disease"	-	GCST90310232	17:48892897	37390107	"Baltramonaityte V"
rs5760359-?	1E-7	-	NR	-	"0.0653359 unit increase"	[0.041-0.09]	SPECC1L-ADORA2A,SPECC1L	"Psycho-cardiometabolic multimorbidity (multivariate analysis)"	"type 2 diabetes mellitus,major depressive disorder,coronary artery disease"	-	GCST90310232	22:24356867	37390107	"Baltramonaityte V"
rs112979588-T	8E-6	-	0.99	-	"0.42 unit decrease"	[0.17-0.67]	DCAF6	"Cognitive function (processing speed) x major depressive disorder interaction (1df)"	"information processing speed,cognitive function measurement,major depressive disorder"	-	GCST90096937	1:168019313	34782712	"Thalamuthu A"
rs140548781-T	2E-9	-	0.01	-	-	-	HMGN1P19,ZNF619P1	"Cognitive function (processing speed) x major depressive disorder interaction (2df)"	"information processing speed,cognitive function measurement,major depressive disorder"	-	GCST90096938	7:46446984	34782712	"Thalamuthu A"
rs148528269-T	4E-12	-	0.99	-	"0.9 unit decrease"	[0.47-1.33]	DBF4P1,RPL7AP50	"Cognitive function (processing speed) x major depressive disorder interaction (1df)"	"information processing speed,cognitive function measurement,major depressive disorder"	-	GCST90096937	10:64011591	34782712	"Thalamuthu A"
rs3830174-A	2E-9	-	0.68	-	-	-	ADCY10,MPZL1	"Cognitive function (processing speed) x major depressive disorder interaction (2df)"	"information processing speed,cognitive function measurement,major depressive disorder"	-	GCST90096938	1:167795231	34782712	"Thalamuthu A"
rs3830182-C	2E-9	-	0.32	-	-	-	ADCY10,MPZL1	"Cognitive function (processing speed) x major depressive disorder interaction (2df)"	"information processing speed,cognitive function measurement,major depressive disorder"	-	GCST90096938	1:167795923	34782712	"Thalamuthu A"
rs3830175-T	2E-9	-	0.68	-	-	-	MPZL1,ADCY10	"Cognitive function (processing speed) x major depressive disorder interaction (2df)"	"information processing speed,cognitive function measurement,major depressive disorder"	-	GCST90096938	1:167795446	34782712	"Thalamuthu A"
rs3830179-T	2E-9	-	0.68	-	-	-	MPZL1,ADCY10	"Cognitive function (processing speed) x major depressive disorder interaction (2df)"	"information processing speed,cognitive function measurement,major depressive disorder"	-	GCST90096938	1:167795635	34782712	"Thalamuthu A"
rs3830178-A	2E-9	-	0.68	-	-	-	ADCY10,MPZL1	"Cognitive function (processing speed) x major depressive disorder interaction (2df)"	"information processing speed,cognitive function measurement,major depressive disorder"	-	GCST90096938	1:167795598	34782712	"Thalamuthu A"
rs3830180-A	3E-9	-	0.68	-	-	-	MPZL1,ADCY10	"Cognitive function (processing speed) x major depressive disorder interaction (2df)"	"information processing speed,cognitive function measurement,major depressive disorder"	-	GCST90096938	1:167795688	34782712	"Thalamuthu A"
rs3830181-A	3E-9	-	0.68	-	-	-	MPZL1,ADCY10	"Cognitive function (processing speed) x major depressive disorder interaction (2df)"	"information processing speed,cognitive function measurement,major depressive disorder"	-	GCST90096938	1:167795738	34782712	"Thalamuthu A"
rs139747326-T	4E-9	-	0.99	-	-	-	PTAR1	"Cognitive function (processing speed) x major depressive disorder interaction (2df)"	"information processing speed,cognitive function measurement,major depressive disorder"	-	GCST90096938	9:69734188	34782712	"Thalamuthu A"
rs6691821-A	4E-9	-	0.68	-	-	-	MPZL1,ADCY10	"Cognitive function (processing speed) x major depressive disorder interaction (2df)"	"information processing speed,cognitive function measurement,major depressive disorder"	-	GCST90096938	1:167798862	34782712	"Thalamuthu A"
rs6670189-A	4E-9	-	0.32	-	-	-	MPZL1,ADCY10	"Cognitive function (processing speed) x major depressive disorder interaction (2df)"	"information processing speed,cognitive function measurement,major depressive disorder"	-	GCST90096938	1:167799314	34782712	"Thalamuthu A"
rs147625268-A	6E-9	-	0.99	-	-	-	DLGAP2,CLN8	"Cognitive function (processing speed) x major depressive disorder interaction (2df)"	"information processing speed,cognitive function measurement,major depressive disorder"	-	GCST90096938	8:1724016	34782712	"Thalamuthu A"
rs190576622-T	2E-6	-	0.01	-	"0.73 unit increase"	[0.34-1.12]	SLC25A46,BCLAF1P1	"Cognitive function (processing speed) x major depressive disorder interaction (1df)"	"information processing speed,cognitive function measurement,major depressive disorder"	-	GCST90096937	5:110921109	34782712	"Thalamuthu A"
rs61758100-A	7E-9	-	0.01	-	-	-	TRIM37	"Cognitive function (processing speed) x major depressive disorder interaction (2df)"	"information processing speed,cognitive function measurement,major depressive disorder"	-	GCST90096938	17:59081191	34782712	"Thalamuthu A"
rs151321288-A	7E-6	-	0.01	-	"0.81 unit increase"	[0.4-1.22]	GRIK4	"Cognitive function (processing speed) x major depressive disorder interaction (1df)"	"information processing speed,cognitive function measurement,major depressive disorder"	-	GCST90096937	11:120706353	34782712	"Thalamuthu A"
rs112653955-A	9E-9	-	0.01	-	-	-	GRM6,ZNF454	"Cognitive function (processing speed) x major depressive disorder interaction (2df)"	"information processing speed,cognitive function measurement,major depressive disorder"	-	GCST90096938	5:178970266	34782712	"Thalamuthu A"
rs72622473-A	3E-15	-	0.99	-	-	-	LINC00520,RPL13AP3	"Cognitive function (processing speed) x major depressive disorder interaction (2df)"	"information processing speed,cognitive function measurement,major depressive disorder"	-	GCST90096938	14:55778735	34782712	"Thalamuthu A"
rs6695245-T	1E-8	-	0.67	-	-	-	MPZL1,ADCY10	"Cognitive function (processing speed) x major depressive disorder interaction (2df)"	"information processing speed,cognitive function measurement,major depressive disorder"	-	GCST90096938	1:167800013	34782712	"Thalamuthu A"
rs188911869-A	3E-12	-	0.99	-	-	-	C16orf82,LINC02195	"Cognitive function (processing speed) x major depressive disorder interaction (2df)"	"information processing speed,cognitive function measurement,major depressive disorder"	-	GCST90096938	16:26820688	34782712	"Thalamuthu A"
rs114216628-T	1E-8	-	0.01	-	-	-	ROBO1	"Cognitive function (processing speed) x major depressive disorder interaction (2df)"	"information processing speed,cognitive function measurement,major depressive disorder"	-	GCST90096938	3:79399342	34782712	"Thalamuthu A"
rs184432546-A	2E-11	-	0.99	-	-	-	NPNT	"Cognitive function (processing speed) x major depressive disorder interaction (2df)"	"information processing speed,cognitive function measurement,major depressive disorder"	-	GCST90096938	4:105931268	34782712	"Thalamuthu A"
rs188931348-A	1E-8	-	0.01	-	-	-	PDE3A	"Cognitive function (processing speed) x major depressive disorder interaction (2df)"	"information processing speed,cognitive function measurement,major depressive disorder"	-	GCST90096938	12:20466771	34782712	"Thalamuthu A"
rs117398913-T	2E-10	-	0.99	-	-	-	MTND4LP18,COX6A1P4	"Cognitive function (processing speed) x major depressive disorder interaction (2df)"	"information processing speed,cognitive function measurement,major depressive disorder"	-	GCST90096938	11:81341911	34782712	"Thalamuthu A"
rs117658905-A	7E-10	-	0.99	-	-	-	RPL19P1,CPXM1	"Cognitive function (processing speed) x major depressive disorder interaction (2df)"	"information processing speed,cognitive function measurement,major depressive disorder"	-	GCST90096938	20:2781903	34782712	"Thalamuthu A"
rs148528269-T	2E-15	-	0.99	-	"3.76 unit increase"	[2.84-4.68]	DBF4P1,RPL7AP50	"Cognitive function (executive function) x major depressive disorder interaction (1df)"	"executive function measurement,cognitive function measurement,major depressive disorder"	-	GCST90096931	10:64011591	34782712	"Thalamuthu A"
rs112324393-T	2E-8	-	0.01	-	"1.93 unit decrease"	[1.26-2.6]	RPL7P20,RPL21P59	"Cognitive function (executive function) x major depressive disorder interaction (1df)"	"executive function measurement,cognitive function measurement,major depressive disorder"	-	GCST90096931	5:165973884	34782712	"Thalamuthu A"
rs184432546-A	2E-6	-	0.99	-	"0.98 unit increase"	[0.57-1.39]	NPNT	"Cognitive function (executive function) x major depressive disorder interaction (1df)"	"executive function measurement,cognitive function measurement,major depressive disorder"	-	GCST90096931	4:105931268	34782712	"Thalamuthu A"
rs139189793-A	2E-6	-	0.01	-	"0.89 unit decrease"	[0.52-1.26]	CWC25	"Cognitive function (executive function) x major depressive disorder interaction (1df)"	"executive function measurement,cognitive function measurement,major depressive disorder"	-	GCST90096931	17:38802749	34782712	"Thalamuthu A"
rs72631072-A	5E-9	-	0.01	-	"2.2 unit decrease"	[1.46-2.94]	EEF1DP6,LINC01777	"Cognitive function (executive function) x major depressive disorder interaction (1df)"	"executive function measurement,cognitive function measurement,major depressive disorder"	-	GCST90096931	1:4328301	34782712	"Thalamuthu A"
rs139747326-T	3E-8	-	0.99	-	"1.93 unit increase"	[1.24-2.62]	PTAR1	"Cognitive function (executive function) x major depressive disorder interaction (1df)"	"executive function measurement,cognitive function measurement,major depressive disorder"	-	GCST90096931	9:69734188	34782712	"Thalamuthu A"
rs16917459-A	1E-6	-	0.01	-	"1.06 unit decrease"	[0.63-1.49]	CFAP418-AS1	"Cognitive function (executive function) x major depressive disorder interaction (1df)"	"executive function measurement,cognitive function measurement,major depressive disorder"	-	GCST90096931	8:95309293	34782712	"Thalamuthu A"
rs188911869-A	3E-9	-	0.99	-	"2.77 unit increase"	[1.85-3.69]	C16orf82,LINC02195	"Cognitive function (executive function) x major depressive disorder interaction (1df)"	"executive function measurement,cognitive function measurement,major depressive disorder"	-	GCST90096931	16:26820688	34782712	"Thalamuthu A"
rs140548781-T	1E-6	-	0.01	-	"1.83 unit decrease"	[1.09-2.57]	HMGN1P19,ZNF619P1	"Cognitive function (executive function) x major depressive disorder interaction (1df)"	"executive function measurement,cognitive function measurement,major depressive disorder"	-	GCST90096931	7:46446984	34782712	"Thalamuthu A"
rs180828263-T	4E-6	-	0.01	-	"1.5 unit decrease"	[0.85-2.15]	LINC00598	"Cognitive function (executive function) x major depressive disorder interaction (1df)"	"executive function measurement,cognitive function measurement,major depressive disorder"	-	GCST90096931	13:40534758	34782712	"Thalamuthu A"
rs182811044-T	2E-8	-	0.99	-	"1.67 unit increase"	[1.08-2.26]	VMP1	"Cognitive function (executive function) x major depressive disorder interaction (1df)"	"executive function measurement,cognitive function measurement,major depressive disorder"	-	GCST90096931	17:59840260	34782712	"Thalamuthu A"
rs146905537-A	6E-6	-	0.99	-	"1.44 unit increase"	[0.81-2.07]	HSP90AA4P,LINC02508	"Cognitive function (executive function) x major depressive disorder interaction (1df)"	"executive function measurement,cognitive function measurement,major depressive disorder"	-	GCST90096931	4:189449058	34782712	"Thalamuthu A"
rs188931348-A	6E-6	-	0.01	-	"1.55 unit decrease"	[0.88-2.22]	PDE3A	"Cognitive function (executive function) x major depressive disorder interaction (1df)"	"executive function measurement,cognitive function measurement,major depressive disorder"	-	GCST90096931	12:20466771	34782712	"Thalamuthu A"
rs117871597-T	7E-7	-	0.01	-	"1.17 unit decrease"	[0.7-1.64]	RNA5SP455,SYT4	"Cognitive function (executive function) x major depressive disorder interaction (1df)"	"executive function measurement,cognitive function measurement,major depressive disorder"	-	GCST90096931	18:43395701	34782712	"Thalamuthu A"
rs75280683-T	3E-6	-	0.01	-	"1.12 unit decrease"	[0.65-1.59]	PACRG	"Cognitive function (executive function) x major depressive disorder interaction (1df)"	"executive function measurement,cognitive function measurement,major depressive disorder"	-	GCST90096931	6:163094896	34782712	"Thalamuthu A"
rs77806374-A	2E-6	-	0.01	-	"0.71 unit decrease"	[0.42-1]	ZNF536	"Cognitive function (executive function) x major depressive disorder interaction (1df)"	"executive function measurement,cognitive function measurement,major depressive disorder"	-	GCST90096931	19:30627881	34782712	"Thalamuthu A"
rs188552424-A	7E-8	-	0.01	-	"1.88 unit decrease"	[1.19-2.57]	B3GNTL1P2,TNFRSF21	"Cognitive function (executive function) x major depressive disorder interaction (1df)"	"executive function measurement,cognitive function measurement,major depressive disorder"	-	GCST90096931	6:47368271	34782712	"Thalamuthu A"
rs117658905-A	3E-8	-	0.99	-	"1.94 unit increase"	[1.25-2.63]	RPL19P1,CPXM1	"Cognitive function (executive function) x major depressive disorder interaction (1df)"	"executive function measurement,cognitive function measurement,major depressive disorder"	-	GCST90096931	20:2781903	34782712	"Thalamuthu A"
rs148528269-T	2E-17	-	0.99	-	-	-	DBF4P1,RPL7AP50	"Cognitive function (executive function) x major depressive disorder interaction (2df)"	"executive function measurement,cognitive function measurement,major depressive disorder"	-	GCST90096932	10:64011591	34782712	"Thalamuthu A"
rs112324393-T	4E-14	-	0.01	-	-	-	RPL7P20,RPL21P59	"Cognitive function (executive function) x major depressive disorder interaction (2df)"	"executive function measurement,cognitive function measurement,major depressive disorder"	-	GCST90096932	5:165973884	34782712	"Thalamuthu A"
rs184432546-A	5E-13	-	0.99	-	-	-	NPNT	"Cognitive function (executive function) x major depressive disorder interaction (2df)"	"executive function measurement,cognitive function measurement,major depressive disorder"	-	GCST90096932	4:105931268	34782712	"Thalamuthu A"
rs139189793-A	2E-12	-	0.01	-	-	-	CWC25	"Cognitive function (executive function) x major depressive disorder interaction (2df)"	"executive function measurement,cognitive function measurement,major depressive disorder"	-	GCST90096932	17:38802749	34782712	"Thalamuthu A"
rs112979588-T	2E-11	-	0.99	-	-	-	DCAF6	"Cognitive function (executive function) x major depressive disorder interaction (2df)"	"executive function measurement,cognitive function measurement,major depressive disorder"	-	GCST90096932	1:168019313	34782712	"Thalamuthu A"
rs72635025-A	2E-11	-	0.99	-	-	-	ADAMTS5	"Cognitive function (executive function) x major depressive disorder interaction (2df)"	"executive function measurement,cognitive function measurement,major depressive disorder"	-	GCST90096932	21:26959907	34782712	"Thalamuthu A"
rs187788879-T	7E-11	-	0.01	-	-	-	CFAP418-AS1	"Cognitive function (executive function) x major depressive disorder interaction (2df)"	"executive function measurement,cognitive function measurement,major depressive disorder"	-	GCST90096932	8:95223687	34782712	"Thalamuthu A"
rs118111960-A	2E-10	-	0.99	-	-	-	LINC02468,PDE3A-AS1	"Cognitive function (executive function) x major depressive disorder interaction (2df)"	"executive function measurement,cognitive function measurement,major depressive disorder"	-	GCST90096932	12:20276097	34782712	"Thalamuthu A"
rs117398913-T	2E-10	-	0.99	-	-	-	MTND4LP18,COX6A1P4	"Cognitive function (executive function) x major depressive disorder interaction (2df)"	"executive function measurement,cognitive function measurement,major depressive disorder"	-	GCST90096932	11:81341911	34782712	"Thalamuthu A"
rs185555568-A	3E-10	-	0.02	-	-	-	LETR1,LINC02852	"Cognitive function (executive function) x major depressive disorder interaction (2df)"	"executive function measurement,cognitive function measurement,major depressive disorder"	-	GCST90096932	15:94845982	34782712	"Thalamuthu A"
rs72631072-A	3E-10	-	0.01	-	-	-	EEF1DP6,LINC01777	"Cognitive function (executive function) x major depressive disorder interaction (2df)"	"executive function measurement,cognitive function measurement,major depressive disorder"	-	GCST90096932	1:4328301	34782712	"Thalamuthu A"
rs72677318-A	4E-10	-	0.01	-	-	-	TBCK	"Cognitive function (executive function) x major depressive disorder interaction (2df)"	"executive function measurement,cognitive function measurement,major depressive disorder"	-	GCST90096932	4:106110696	34782712	"Thalamuthu A"
rs139747326-T	9E-10	-	0.99	-	-	-	PTAR1	"Cognitive function (executive function) x major depressive disorder interaction (2df)"	"executive function measurement,cognitive function measurement,major depressive disorder"	-	GCST90096932	9:69734188	34782712	"Thalamuthu A"
rs187581013-A	9E-10	-	0.99	-	-	-	ZNF613	"Cognitive function (executive function) x major depressive disorder interaction (2df)"	"executive function measurement,cognitive function measurement,major depressive disorder"	-	GCST90096932	19:51946587	34782712	"Thalamuthu A"
rs188911869-A	2E-9	-	0.99	-	-	-	C16orf82,LINC02195	"Cognitive function (executive function) x major depressive disorder interaction (2df)"	"executive function measurement,cognitive function measurement,major depressive disorder"	-	GCST90096932	16:26820688	34782712	"Thalamuthu A"
rs140548781-T	2E-9	-	0.01	-	-	-	HMGN1P19,ZNF619P1	"Cognitive function (executive function) x major depressive disorder interaction (2df)"	"executive function measurement,cognitive function measurement,major depressive disorder"	-	GCST90096932	7:46446984	34782712	"Thalamuthu A"
rs190576622-T	4E-9	-	0.01	-	-	-	SLC25A46,BCLAF1P1	"Cognitive function (executive function) x major depressive disorder interaction (2df)"	"executive function measurement,cognitive function measurement,major depressive disorder"	-	GCST90096932	5:110921109	34782712	"Thalamuthu A"
rs180828263-T	4E-9	-	0.01	-	-	-	LINC00598	"Cognitive function (executive function) x major depressive disorder interaction (2df)"	"executive function measurement,cognitive function measurement,major depressive disorder"	-	GCST90096932	13:40534758	34782712	"Thalamuthu A"
rs75889883-C	4E-9	-	0.01	-	-	-	ZNF536	"Cognitive function (executive function) x major depressive disorder interaction (2df)"	"executive function measurement,cognitive function measurement,major depressive disorder"	-	GCST90096932	19:30642350	34782712	"Thalamuthu A"
rs182811044-T	5E-9	-	0.99	-	-	-	VMP1	"Cognitive function (executive function) x major depressive disorder interaction (2df)"	"executive function measurement,cognitive function measurement,major depressive disorder"	-	GCST90096932	17:59840260	34782712	"Thalamuthu A"
rs117491827-T	6E-9	-	0.99	-	-	-	ADISSP	"Cognitive function (executive function) x major depressive disorder interaction (2df)"	"executive function measurement,cognitive function measurement,major depressive disorder"	-	GCST90096932	20:3755929	34782712	"Thalamuthu A"
rs146905537-A	7E-9	-	0.99	-	-	-	HSP90AA4P,LINC02508	"Cognitive function (executive function) x major depressive disorder interaction (2df)"	"executive function measurement,cognitive function measurement,major depressive disorder"	-	GCST90096932	4:189449058	34782712	"Thalamuthu A"
rs188931348-A	1E-8	-	0.01	-	-	-	PDE3A	"Cognitive function (executive function) x major depressive disorder interaction (2df)"	"executive function measurement,cognitive function measurement,major depressive disorder"	-	GCST90096932	12:20466771	34782712	"Thalamuthu A"
rs185491840-A	2E-8	-	0.99	-	-	-	EQTN,MOB3B	"Cognitive function (executive function) x major depressive disorder interaction (2df)"	"executive function measurement,cognitive function measurement,major depressive disorder"	-	GCST90096932	9:27310295	34782712	"Thalamuthu A"
rs117871597-T	2E-8	-	0.01	-	-	-	RNA5SP455,SYT4	"Cognitive function (executive function) x major depressive disorder interaction (2df)"	"executive function measurement,cognitive function measurement,major depressive disorder"	-	GCST90096932	18:43395701	34782712	"Thalamuthu A"
rs114655147-A	3E-8	-	0.01	-	-	-	RNU6-1060P,SPTLC1P2	"Cognitive function (executive function) x major depressive disorder interaction (2df)"	"executive function measurement,cognitive function measurement,major depressive disorder"	-	GCST90096932	6:23304008	34782712	"Thalamuthu A"
rs75280683-T	3E-8	-	0.01	-	-	-	PACRG	"Cognitive function (executive function) x major depressive disorder interaction (2df)"	"executive function measurement,cognitive function measurement,major depressive disorder"	-	GCST90096932	6:163094896	34782712	"Thalamuthu A"
rs72677215-T	3E-8	-	0.02	-	-	-	TTN,TTN-AS1	"Cognitive function (executive function) x major depressive disorder interaction (2df)"	"executive function measurement,cognitive function measurement,major depressive disorder"	-	GCST90096932	2:178630071	34782712	"Thalamuthu A"
rs139279324-A	4E-8	-	0.98	-	-	-	AKAP8P1,IMP3P1	"Cognitive function (executive function) x major depressive disorder interaction (2df)"	"executive function measurement,cognitive function measurement,major depressive disorder"	-	GCST90096932	9:10944941	34782712	"Thalamuthu A"
rs188552424-A	4E-8	-	0.01	-	-	-	B3GNTL1P2,TNFRSF21	"Cognitive function (executive function) x major depressive disorder interaction (2df)"	"executive function measurement,cognitive function measurement,major depressive disorder"	-	GCST90096932	6:47368271	34782712	"Thalamuthu A"
rs80286012-A	4E-8	-	0.01	-	-	-	SLC25A28,NKX2-3	"Cognitive function (executive function) x major depressive disorder interaction (2df)"	"executive function measurement,cognitive function measurement,major depressive disorder"	-	GCST90096932	10:99548014	34782712	"Thalamuthu A"
rs146905537-A	2E-9	-	0.99	-	-	-	HSP90AA4P,LINC02508	"Cognitive function (processing speed) x major depressive disorder interaction (2df)"	"information processing speed,cognitive function measurement,major depressive disorder"	-	GCST90096938	4:189449058	34782712	"Thalamuthu A"
rs72622473-A	3E-10	-	0.99	-	"0.93 unit decrease"	[0.58-1.28]	LINC00520,RPL13AP3	"Cognitive function (processing speed) x major depressive disorder interaction (1df)"	"information processing speed,cognitive function measurement,major depressive disorder"	-	GCST90096937	14:55778735	34782712	"Thalamuthu A"
rs118111960-A	2E-9	-	0.99	-	-	-	LINC02468,PDE3A-AS1	"Cognitive function (processing speed) x major depressive disorder interaction (2df)"	"information processing speed,cognitive function measurement,major depressive disorder"	-	GCST90096938	12:20276097	34782712	"Thalamuthu A"
rs188911869-A	3E-9	-	0.99	-	"0.8 unit decrease"	[0.43-1.17]	C16orf82,LINC02195	"Cognitive function (processing speed) x major depressive disorder interaction (1df)"	"information processing speed,cognitive function measurement,major depressive disorder"	-	GCST90096937	16:26820688	34782712	"Thalamuthu A"
rs137934061-A	8E-9	-	0.01	-	"0.61 unit increase"	[0.28-0.94]	PCDH15	"Cognitive function (processing speed) x major depressive disorder interaction (1df)"	"information processing speed,cognitive function measurement,major depressive disorder"	-	GCST90096937	10:54538953	34782712	"Thalamuthu A"
rs117398913-T	3E-6	-	0.99	-	"0.88 unit decrease"	[0.51-1.25]	MTND4LP18,COX6A1P4	"Cognitive function (processing speed) x major depressive disorder interaction (1df)"	"information processing speed,cognitive function measurement,major depressive disorder"	-	GCST90096937	11:81341911	34782712	"Thalamuthu A"
rs117658905-A	6E-10	-	0.99	-	"0.35 unit decrease"	[-0.0028-0.7028]	RPL19P1,CPXM1	"Cognitive function (processing speed) x major depressive disorder interaction (1df)"	"information processing speed,cognitive function measurement,major depressive disorder"	-	GCST90096937	20:2781903	34782712	"Thalamuthu A"
rs140548781-T	4E-8	-	0.01	-	"0.62 unit increase"	[0.23-1.01]	HMGN1P19,ZNF619P1	"Cognitive function (processing speed) x major depressive disorder interaction (1df)"	"information processing speed,cognitive function measurement,major depressive disorder"	-	GCST90096937	7:46446984	34782712	"Thalamuthu A"
rs139747326-T	2E-8	-	0.99	-	"0.47 unit decrease"	[0.14-0.8]	PTAR1	"Cognitive function (processing speed) x major depressive disorder interaction (1df)"	"information processing speed,cognitive function measurement,major depressive disorder"	-	GCST90096937	9:69734188	34782712	"Thalamuthu A"
rs61758100-A	5E-6	-	0.01	-	"0.14 unit increase"	[-0.0364-0.3164]	TRIM37	"Cognitive function (processing speed) x major depressive disorder interaction (1df)"	"information processing speed,cognitive function measurement,major depressive disorder"	-	GCST90096937	17:59081191	34782712	"Thalamuthu A"
rs112653955-A	6E-6	-	0.01	-	"0.21 unit increase"	[-0.0252-0.4452]	GRM6,ZNF454	"Cognitive function (processing speed) x major depressive disorder interaction (1df)"	"information processing speed,cognitive function measurement,major depressive disorder"	-	GCST90096937	5:178970266	34782712	"Thalamuthu A"
rs114216628-T	2E-7	-	0.01	-	"0.47 unit increase"	[0.16-0.78]	ROBO1	"Cognitive function (processing speed) x major depressive disorder interaction (1df)"	"information processing speed,cognitive function measurement,major depressive disorder"	-	GCST90096937	3:79399342	34782712	"Thalamuthu A"
rs188931348-A	1E-7	-	0.01	-	"0.59 unit increase"	[0.18-1]	PDE3A	"Cognitive function (processing speed) x major depressive disorder interaction (1df)"	"information processing speed,cognitive function measurement,major depressive disorder"	-	GCST90096937	12:20466771	34782712	"Thalamuthu A"
rs148686217-T	6E-9	-	0.18	-	-	-	GALNT13	"Cognitive function (processing speed) x major depressive disorder interaction (2df)"	"information processing speed,cognitive function measurement,major depressive disorder"	-	GCST90096938	2:154351661	34782712	"Thalamuthu A"
rs112324393-T	3E-8	-	0.01	-	"0.41 unit increase"	[0.018-0.802]	RPL7P20,RPL21P59	"Cognitive function (processing speed) x major depressive disorder interaction (1df)"	"information processing speed,cognitive function measurement,major depressive disorder"	-	GCST90096937	5:165973884	34782712	"Thalamuthu A"
rs10800323-A	9E-9	-	0.31	-	-	-	MPZL1	"Cognitive function (processing speed) x major depressive disorder interaction (2df)"	"information processing speed,cognitive function measurement,major depressive disorder"	-	GCST90096938	1:167791570	34782712	"Thalamuthu A"
rs112979588-T	6E-17	-	0.99	-	-	-	DCAF6	"Cognitive function (processing speed) x major depressive disorder interaction (2df)"	"information processing speed,cognitive function measurement,major depressive disorder"	-	GCST90096938	1:168019313	34782712	"Thalamuthu A"
rs140992608-A	1E-8	-	0.02	-	-	-	SLC25A46,BCLAF1P1	"Cognitive function (processing speed) x major depressive disorder interaction (2df)"	"information processing speed,cognitive function measurement,major depressive disorder"	-	GCST90096938	5:110809978	34782712	"Thalamuthu A"
rs148528269-T	6E-15	-	0.99	-	-	-	DBF4P1,RPL7AP50	"Cognitive function (processing speed) x major depressive disorder interaction (2df)"	"information processing speed,cognitive function measurement,major depressive disorder"	-	GCST90096938	10:64011591	34782712	"Thalamuthu A"
rs7605-T	1E-8	-	0.42	-	-	-	MPZL1	"Cognitive function (processing speed) x major depressive disorder interaction (2df)"	"information processing speed,cognitive function measurement,major depressive disorder"	-	GCST90096938	1:167790044	34782712	"Thalamuthu A"
rs72635025-A	2E-11	-	0.99	-	-	-	ADAMTS5	"Cognitive function (processing speed) x major depressive disorder interaction (2df)"	"information processing speed,cognitive function measurement,major depressive disorder"	-	GCST90096938	21:26959907	34782712	"Thalamuthu A"
rs10800325-A	1E-8	-	0.32	-	-	-	MPZL1,ADCY10	"Cognitive function (processing speed) x major depressive disorder interaction (2df)"	"information processing speed,cognitive function measurement,major depressive disorder"	-	GCST90096938	1:167796663	34782712	"Thalamuthu A"
rs137934061-A	1E-10	-	0.01	-	-	-	PCDH15	"Cognitive function (processing speed) x major depressive disorder interaction (2df)"	"information processing speed,cognitive function measurement,major depressive disorder"	-	GCST90096938	10:54538953	34782712	"Thalamuthu A"
rs2863269-T	1E-8	-	0.57	-	-	-	MPZL1,ADCY10	"Cognitive function (processing speed) x major depressive disorder interaction (2df)"	"information processing speed,cognitive function measurement,major depressive disorder"	-	GCST90096938	1:167797418	34782712	"Thalamuthu A"
rs10800326-A	2E-8	-	0.68	-	-	-	ADCY10,MPZL1	"Cognitive function (processing speed) x major depressive disorder interaction (2df)"	"information processing speed,cognitive function measurement,major depressive disorder"	-	GCST90096938	1:167796710	34782712	"Thalamuthu A"
rs2863268-T	2E-8	-	0.43	-	-	-	MPZL1,ADCY10	"Cognitive function (processing speed) x major depressive disorder interaction (2df)"	"information processing speed,cognitive function measurement,major depressive disorder"	-	GCST90096938	1:167797188	34782712	"Thalamuthu A"
rs72677318-A	2E-8	-	0.01	-	-	-	TBCK	"Cognitive function (processing speed) x major depressive disorder interaction (2df)"	"information processing speed,cognitive function measurement,major depressive disorder"	-	GCST90096938	4:106110696	34782712	"Thalamuthu A"
rs7518643-A	2E-8	-	0.32	-	-	-	MPZL1,ADCY10	"Cognitive function (processing speed) x major depressive disorder interaction (2df)"	"information processing speed,cognitive function measurement,major depressive disorder"	-	GCST90096938	1:167797682	34782712	"Thalamuthu A"
rs112324393-T	2E-8	-	0.01	-	-	-	RPL7P20,RPL21P59	"Cognitive function (processing speed) x major depressive disorder interaction (2df)"	"information processing speed,cognitive function measurement,major depressive disorder"	-	GCST90096938	5:165973884	34782712	"Thalamuthu A"
rs192424319-A	3E-8	-	0.01	-	-	-	ZNF350,ZNF350-AS1	"Cognitive function (processing speed) x major depressive disorder interaction (2df)"	"information processing speed,cognitive function measurement,major depressive disorder"	-	GCST90096938	19:51976799	34782712	"Thalamuthu A"
rs146803393-T	3E-8	-	0.01	-	-	-	STX18-AS1	"Cognitive function (processing speed) x major depressive disorder interaction (2df)"	"information processing speed,cognitive function measurement,major depressive disorder"	-	GCST90096938	4:4593592	34782712	"Thalamuthu A"
rs151321288-A	3E-8	-	0.01	-	-	-	GRIK4	"Cognitive function (processing speed) x major depressive disorder interaction (2df)"	"information processing speed,cognitive function measurement,major depressive disorder"	-	GCST90096938	11:120706353	34782712	"Thalamuthu A"
rs10503966-A	3E-8	-	0.01	-	-	-	RPL10AP3,LINC01288	"Cognitive function (processing speed) x major depressive disorder interaction (2df)"	"information processing speed,cognitive function measurement,major depressive disorder"	-	GCST90096938	8:34667889	34782712	"Thalamuthu A"
rs139189793-A	3E-8	-	0.01	-	-	-	CWC25	"Cognitive function (processing speed) x major depressive disorder interaction (2df)"	"information processing speed,cognitive function measurement,major depressive disorder"	-	GCST90096938	17:38802749	34782712	"Thalamuthu A"
rs141487842-A	4E-8	-	0.01	-	-	-	MPO,TSPOAP1	"Cognitive function (processing speed) x major depressive disorder interaction (2df)"	"information processing speed,cognitive function measurement,major depressive disorder"	-	GCST90096938	17:58297013	34782712	"Thalamuthu A"
rs151017994-A	4E-8	-	0.01	-	-	-	NLRP9	"Cognitive function (processing speed) x major depressive disorder interaction (2df)"	"information processing speed,cognitive function measurement,major depressive disorder"	-	GCST90096938	19:55710092	34782712	"Thalamuthu A"
rs117658905-A	5E-8	-	0.99	-	-	-	RPL19P1,CPXM1	"Cognitive function (executive function) x major depressive disorder interaction (2df)"	"executive function measurement,cognitive function measurement,major depressive disorder"	-	GCST90096932	20:2781903	34782712	"Thalamuthu A"
rs835436-T	3E-6	-	NR	-	"0.243 unit decrease"	[0.14-0.34]	FGGY	"Seasonality and depression"	"bipolar disorder,seasonality measurement,major depressive disorder"	-	GCST007102	1:59374380	30217971	"Ho KWD"
rs113067418-A	8E-6	-	NR	-	"0.913 unit decrease"	[0.51-1.31]	CASP3P1,LINC01788	"Seasonality and depression"	"bipolar disorder,seasonality measurement,major depressive disorder"	-	GCST007102	1:70690888	30217971	"Ho KWD"
rs1323097-T	4E-6	-	NR	-	"0.257 unit increase"	[0.15-0.37]	MGC27382	"Seasonality and depression"	"bipolar disorder,seasonality measurement,major depressive disorder"	-	GCST007102	1:78236428	30217971	"Ho KWD"
rs3754450-T	3E-6	-	NR	-	"0.244 unit increase"	[0.14-0.35]	GSTM4,RPL7P8	"Seasonality and depression"	"bipolar disorder,seasonality measurement,major depressive disorder"	-	GCST007102	1:109654510	30217971	"Ho KWD"
rs17498753-A	5E-6	-	NR	-	"0.328 unit increase"	[0.19-0.47]	CAMKMT	"Seasonality and depression"	"bipolar disorder,seasonality measurement,major depressive disorder"	-	GCST007102	2:44420692	30217971	"Ho KWD"
rs4904644-A	2E-6	-	NR	-	"0.245 unit decrease"	[0.14-0.35]	PSMC1,KCNK13	"Seasonality and depression"	"bipolar disorder,seasonality measurement,major depressive disorder"	-	GCST007102	14:90199345	30217971	"Ho KWD"
rs582066-A	6E-6	-	NR	-	"0.328 unit increase"	[0.19-0.47]	RANP7,RRBP1P2	"Seasonality and depression"	"bipolar disorder,seasonality measurement,major depressive disorder"	-	GCST007102	3:22827865	30217971	"Ho KWD"
rs7646282-T	4E-6	-	NR	-	"0.448 unit decrease"	[0.26-0.64]	ZBTB20	"Seasonality and depression"	"bipolar disorder,seasonality measurement,major depressive disorder"	-	GCST007102	3:114883493	30217971	"Ho KWD"
rs139459337-T	8E-7	-	NR	-	"0.49 unit increase"	[0.29-0.69]	ZBTB20	"Seasonality and depression"	"bipolar disorder,seasonality measurement,major depressive disorder"	-	GCST007102	3:114997018	30217971	"Ho KWD"
rs17756220-A	2E-6	-	NR	-	"0.469 unit decrease"	[0.27-0.66]	EIF4E2P2,ZBTB20	"Seasonality and depression"	"bipolar disorder,seasonality measurement,major depressive disorder"	-	GCST007102	3:115270438	30217971	"Ho KWD"
rs7190761-A	6E-6	-	NR	-	"0.307 unit decrease"	[0.17-0.44]	MPHOSPH6-DT,CDH13	"Seasonality and depression"	"bipolar disorder,seasonality measurement,major depressive disorder"	-	GCST007102	16:82329628	30217971	"Ho KWD"
rs55685444-C	2E-6	-	NR	-	"0.278 unit decrease"	[0.16-0.39]	TOMM40P3,TARS1	"Seasonality and depression"	"bipolar disorder,seasonality measurement,major depressive disorder"	-	GCST007102	5:33470746	30217971	"Ho KWD"
rs77826363-T	1E-6	-	NR	-	"0.759 unit increase"	[0.45-1.06]	FOXQ1,LINC01622	"Seasonality and depression"	"bipolar disorder,seasonality measurement,major depressive disorder"	-	GCST007102	6:1128802	30217971	"Ho KWD"
rs9364726-A	1E-6	-	NR	-	"0.567 unit decrease"	[0.34-0.79]	C6orf118,RN7SL366P	"Seasonality and depression"	"bipolar disorder,seasonality measurement,major depressive disorder"	-	GCST007102	6:164236705	30217971	"Ho KWD"
rs190675597-A	6E-6	-	NR	-	"0.7 unit increase"	[0.4-1]	DGKB	"Seasonality and depression"	"bipolar disorder,seasonality measurement,major depressive disorder"	-	GCST007102	7:14648124	30217971	"Ho KWD"
rs2835473-A	4E-6	-	NR	-	"0.288 unit decrease"	[0.16-0.41]	HLCS	"Seasonality and depression"	"bipolar disorder,seasonality measurement,major depressive disorder"	-	GCST007102	21:36823805	30217971	"Ho KWD"
rs2646392-A	2E-6	-	NR	-	"0.239 unit decrease"	[0.14-0.34]	KRT8P37,CHCHD3P1	"Seasonality and depression"	"bipolar disorder,seasonality measurement,major depressive disorder"	-	GCST007102	10:8523138	30217971	"Ho KWD"
rs61852182-T	6E-6	-	NR	-	"0.351 unit decrease"	[0.2-0.5]	CHST3,PSAP	"Seasonality and depression"	"bipolar disorder,seasonality measurement,major depressive disorder"	-	GCST007102	10:71878300	30217971	"Ho KWD"
rs35781323-?	2E-8	-	NR	-	-	-	ZNF603P,ZKSCAN8P2	"Major depressive disorder or stress-related disorder"	"stress-related disorder,Anxiety,major depressive disorder"	-	GCST90085697	6:28177054	34634379	"Mei L"
rs35949109-?	1E-8	-	NR	-	-	-	ZSCAN16-AS1	"Major depressive disorder or stress-related disorder"	"stress-related disorder,Anxiety,major depressive disorder"	-	GCST90085697	6:28058148	34634379	"Mei L"
rs35984974-?	9E-9	-	NR	-	-	-	MCFD2P1,ZNF184	"Major depressive disorder or stress-related disorder"	"stress-related disorder,Anxiety,major depressive disorder"	-	GCST90085697	6:27442643	34634379	"Mei L"
rs36092177-?	2E-8	-	NR	-	-	-	ZSCAN12	"Major depressive disorder or stress-related disorder"	"stress-related disorder,Anxiety,major depressive disorder"	-	GCST90085697	6:28390030	34634379	"Mei L"
rs56075693-?	2E-8	-	NR	-	-	-	SMIM15P2,ZSCAN31	"Major depressive disorder or stress-related disorder"	"stress-related disorder,Anxiety,major depressive disorder"	-	GCST90085697	6:28322551	34634379	"Mei L"
rs56189111-?	1E-8	-	NR	-	-	-	SMIM15P2,PGBD1	"Major depressive disorder or stress-related disorder"	"stress-related disorder,Anxiety,major depressive disorder"	-	GCST90085697	6:28304196	34634379	"Mei L"
rs67998226-?	1E-8	-	NR	-	-	-	ZSCAN26	"Major depressive disorder or stress-related disorder"	"stress-related disorder,Anxiety,major depressive disorder"	-	GCST90085697	6:28270281	34634379	"Mei L"
rs6901575-?	6E-9	-	NR	-	-	-	PGBD1	"Major depressive disorder or stress-related disorder"	"stress-related disorder,Anxiety,major depressive disorder"	-	GCST90085697	6:28283207	34634379	"Mei L"
rs6905391-?	4E-11	-	NR	-	-	-	PGBD1	"Major depressive disorder or stress-related disorder"	"stress-related disorder,Anxiety,major depressive disorder"	-	GCST90085697	6:28294909	34634379	"Mei L"
rs72846794-?	2E-8	-	NR	-	-	-	ZKSCAN8P1,ZNF603P	"Major depressive disorder or stress-related disorder"	"stress-related disorder,Anxiety,major depressive disorder"	-	GCST90085697	6:28169721	34634379	"Mei L"
rs7752448-?	2E-9	-	NR	-	-	-	ZSCAN31	"Major depressive disorder or stress-related disorder"	"stress-related disorder,Anxiety,major depressive disorder"	-	GCST90085697	6:28333322	34634379	"Mei L"
rs853676-?	7E-11	-	NR	-	-	-	ZSCAN31	"Major depressive disorder or stress-related disorder"	"stress-related disorder,Anxiety,major depressive disorder"	-	GCST90085697	6:28331910	34634379	"Mei L"
rs853679-?	1E-10	-	NR	-	-	-	ZSCAN31	"Major depressive disorder or stress-related disorder"	"stress-related disorder,Anxiety,major depressive disorder"	-	GCST90085697	6:28329086	34634379	"Mei L"
rs853681-?	1E-10	-	NR	-	-	-	ZSCAN31	"Major depressive disorder or stress-related disorder"	"stress-related disorder,Anxiety,major depressive disorder"	-	GCST90085697	6:28328873	34634379	"Mei L"
rs853682-?	2E-10	-	NR	-	-	-	ZSCAN31	"Major depressive disorder or stress-related disorder"	"stress-related disorder,Anxiety,major depressive disorder"	-	GCST90085697	6:28328098	34634379	"Mei L"
rs853685-?	8E-11	-	NR	-	-	-	SMIM15P2,ZSCAN31	"Major depressive disorder or stress-related disorder"	"stress-related disorder,Anxiety,major depressive disorder"	-	GCST90085697	6:28321008	34634379	"Mei L"
rs1950829-?	3E-8	-	NR	-	-	-	LRFN5	"Major depressive disorder or stress-related disorder"	"stress-related disorder,Anxiety,major depressive disorder"	-	GCST90085697	14:41628734	34634379	"Mei L"
rs9806026-?	5E-8	-	NR	-	-	-	LINC02315,LRFN5-DT	"Major depressive disorder or stress-related disorder"	"stress-related disorder,Anxiety,major depressive disorder"	-	GCST90085697	14:41511395	34634379	"Mei L"
rs35656932-?	2E-8	-	NR	-	-	-	ZSCAN9,TOB2P1	"Major depressive disorder or stress-related disorder"	"stress-related disorder,Anxiety,major depressive disorder"	-	GCST90085697	6:28223510	34634379	"Mei L"
rs2503199-?	6E-9	-	NR	-	-	-	PDE4B	"Major depressive disorder or stress-related disorder"	"stress-related disorder,Anxiety,major depressive disorder"	-	GCST90085697	1:65978334	34634379	"Mei L"
rs10889591-?	6E-9	-	NR	-	-	-	PDE4B	"Major depressive disorder or stress-related disorder"	"stress-related disorder,Anxiety,major depressive disorder"	-	GCST90085697	1:65976655	34634379	"Mei L"
rs2503197-?	6E-9	-	NR	-	-	-	PDE4B	"Major depressive disorder or stress-related disorder"	"stress-related disorder,Anxiety,major depressive disorder"	-	GCST90085697	1:65978966	34634379	"Mei L"
rs4638095-?	6E-9	-	NR	-	-	-	PDE4B	"Major depressive disorder or stress-related disorder"	"stress-related disorder,Anxiety,major depressive disorder"	-	GCST90085697	1:65960667	34634379	"Mei L"
rs6684069-?	6E-9	-	NR	-	-	-	PDE4B	"Major depressive disorder or stress-related disorder"	"stress-related disorder,Anxiety,major depressive disorder"	-	GCST90085697	1:65980175	34634379	"Mei L"
rs2997088-?	6E-9	-	NR	-	-	-	PDE4B	"Major depressive disorder or stress-related disorder"	"stress-related disorder,Anxiety,major depressive disorder"	-	GCST90085697	1:65953459	34634379	"Mei L"
rs10789205-?	6E-9	-	NR	-	-	-	PDE4B	"Major depressive disorder or stress-related disorder"	"stress-related disorder,Anxiety,major depressive disorder"	-	GCST90085697	1:65960417	34634379	"Mei L"
rs1937456-?	7E-9	-	NR	-	-	-	PDE4B	"Major depressive disorder or stress-related disorder"	"stress-related disorder,Anxiety,major depressive disorder"	-	GCST90085697	1:65951064	34634379	"Mei L"
rs6680334-?	9E-9	-	NR	-	-	-	PDE4B	"Major depressive disorder or stress-related disorder"	"stress-related disorder,Anxiety,major depressive disorder"	-	GCST90085697	1:65948757	34634379	"Mei L"
rs6690398-?	9E-9	-	NR	-	-	-	PDE4B	"Major depressive disorder or stress-related disorder"	"stress-related disorder,Anxiety,major depressive disorder"	-	GCST90085697	1:65981711	34634379	"Mei L"
rs2489918-?	1E-8	-	NR	-	-	-	PDE4B	"Major depressive disorder or stress-related disorder"	"stress-related disorder,Anxiety,major depressive disorder"	-	GCST90085697	1:65983012	34634379	"Mei L"
rs6694912-?	2E-8	-	NR	-	-	-	PDE4B	"Major depressive disorder or stress-related disorder"	"stress-related disorder,Anxiety,major depressive disorder"	-	GCST90085697	1:66087026	34634379	"Mei L"
rs4655809-?	2E-8	-	NR	-	-	-	PDE4B	"Major depressive disorder or stress-related disorder"	"stress-related disorder,Anxiety,major depressive disorder"	-	GCST90085697	1:65923414	34634379	"Mei L"
rs7531270-?	2E-8	-	NR	-	-	-	PDE4B	"Major depressive disorder or stress-related disorder"	"stress-related disorder,Anxiety,major depressive disorder"	-	GCST90085697	1:65948048	34634379	"Mei L"
rs2503221-?	2E-8	-	NR	-	-	-	PDE4B	"Major depressive disorder or stress-related disorder"	"stress-related disorder,Anxiety,major depressive disorder"	-	GCST90085697	1:66036994	34634379	"Mei L"
rs4255357-?	4E-8	-	NR	-	-	-	PDE4B	"Major depressive disorder or stress-related disorder"	"stress-related disorder,Anxiety,major depressive disorder"	-	GCST90085697	1:65934212	34634379	"Mei L"
rs9659943-?	4E-8	-	NR	-	-	-	PDE4B	"Major depressive disorder or stress-related disorder"	"stress-related disorder,Anxiety,major depressive disorder"	-	GCST90085697	1:66027851	34634379	"Mei L"
rs2310754-?	4E-8	-	NR	-	-	-	PDE4B	"Major depressive disorder or stress-related disorder"	"stress-related disorder,Anxiety,major depressive disorder"	-	GCST90085697	1:65937409	34634379	"Mei L"
rs11208775-?	5E-8	-	NR	-	-	-	PDE4B	"Major depressive disorder or stress-related disorder"	"stress-related disorder,Anxiety,major depressive disorder"	-	GCST90085697	1:65944858	34634379	"Mei L"
rs10890032-?	3E-8	-	NR	-	-	-	LINC01360	"Major depressive disorder or stress-related disorder"	"stress-related disorder,Anxiety,major depressive disorder"	-	GCST90085697	1:73323641	34634379	"Mei L"
rs1160682-?	3E-8	-	NR	-	-	-	LINC01360	"Major depressive disorder or stress-related disorder"	"stress-related disorder,Anxiety,major depressive disorder"	-	GCST90085697	1:73350881	34634379	"Mei L"
rs12129573-?	2E-8	-	NR	-	-	-	LINC01360,RN7SKP19	"Major depressive disorder or stress-related disorder"	"stress-related disorder,Anxiety,major depressive disorder"	-	GCST90085697	1:73302683	34634379	"Mei L"
rs10040923-?	4E-8	-	NR	-	-	-	NIHCOLE,RNU6-334P	"Major depressive disorder or stress-related disorder"	"stress-related disorder,Anxiety,major depressive disorder"	-	GCST90085697	5:104486335	34634379	"Mei L"
rs10052804-?	9E-9	-	NR	-	-	-	RNU6-334P,NIHCOLE	"Major depressive disorder or stress-related disorder"	"stress-related disorder,Anxiety,major depressive disorder"	-	GCST90085697	5:104584121	34634379	"Mei L"
rs10053368-?	3E-9	-	NR	-	-	-	NIHCOLE,RNU6-334P	"Major depressive disorder or stress-related disorder"	"stress-related disorder,Anxiety,major depressive disorder"	-	GCST90085697	5:104579057	34634379	"Mei L"
rs10054977-?	8E-9	-	NR	-	-	-	RNU6-334P,NIHCOLE	"Major depressive disorder or stress-related disorder"	"stress-related disorder,Anxiety,major depressive disorder"	-	GCST90085697	5:104579135	34634379	"Mei L"
rs10057459-?	4E-9	-	NR	-	-	-	RNU6-334P,NIHCOLE	"Major depressive disorder or stress-related disorder"	"stress-related disorder,Anxiety,major depressive disorder"	-	GCST90085697	5:104582998	34634379	"Mei L"
rs10057469-?	5E-9	-	NR	-	-	-	RNU6-334P,NIHCOLE	"Major depressive disorder or stress-related disorder"	"stress-related disorder,Anxiety,major depressive disorder"	-	GCST90085697	5:104583048	34634379	"Mei L"
rs10059133-?	5E-9	-	NR	-	-	-	RNU6-334P,NIHCOLE	"Major depressive disorder or stress-related disorder"	"stress-related disorder,Anxiety,major depressive disorder"	-	GCST90085697	5:104565723	34634379	"Mei L"
rs10059643-?	7E-9	-	NR	-	-	-	RNU6-334P,NIHCOLE	"Major depressive disorder or stress-related disorder"	"stress-related disorder,Anxiety,major depressive disorder"	-	GCST90085697	5:104584139	34634379	"Mei L"
rs10064425-?	7E-9	-	NR	-	-	-	NIHCOLE,RNU6-334P	"Major depressive disorder or stress-related disorder"	"stress-related disorder,Anxiety,major depressive disorder"	-	GCST90085697	5:104563989	34634379	"Mei L"
rs10071115-?	5E-9	-	NR	-	-	-	NIHCOLE,RNU6-334P	"Major depressive disorder or stress-related disorder"	"stress-related disorder,Anxiety,major depressive disorder"	-	GCST90085697	5:104576507	34634379	"Mei L"
rs10072579-?	5E-9	-	NR	-	-	-	NIHCOLE,RNU6-334P	"Major depressive disorder or stress-related disorder"	"stress-related disorder,Anxiety,major depressive disorder"	-	GCST90085697	5:104582527	34634379	"Mei L"
rs10072849-?	5E-9	-	NR	-	-	-	NIHCOLE,RNU6-334P	"Major depressive disorder or stress-related disorder"	"stress-related disorder,Anxiety,major depressive disorder"	-	GCST90085697	5:104582921	34634379	"Mei L"
rs10078807-?	4E-9	-	NR	-	-	-	RNU6-334P,NIHCOLE	"Major depressive disorder or stress-related disorder"	"stress-related disorder,Anxiety,major depressive disorder"	-	GCST90085697	5:104576618	34634379	"Mei L"
rs10455065-?	7E-9	-	NR	-	-	-	NIHCOLE,RNU6-334P	"Major depressive disorder or stress-related disorder"	"stress-related disorder,Anxiety,major depressive disorder"	-	GCST90085697	5:104605700	34634379	"Mei L"
rs10455066-?	6E-9	-	NR	-	-	-	NIHCOLE,RNU6-334P	"Major depressive disorder or stress-related disorder"	"stress-related disorder,Anxiety,major depressive disorder"	-	GCST90085697	5:104605714	34634379	"Mei L"
rs10477834-?	8E-9	-	NR	-	-	-	NIHCOLE,RNU6-334P	"Major depressive disorder or stress-related disorder"	"stress-related disorder,Anxiety,major depressive disorder"	-	GCST90085697	5:104581651	34634379	"Mei L"
rs10479296-?	3E-9	-	NR	-	-	-	NIHCOLE,RNU6-334P	"Major depressive disorder or stress-related disorder"	"stress-related disorder,Anxiety,major depressive disorder"	-	GCST90085697	5:104579742	34634379	"Mei L"
rs10479297-?	4E-9	-	NR	-	-	-	RNU6-334P,NIHCOLE	"Major depressive disorder or stress-related disorder"	"stress-related disorder,Anxiety,major depressive disorder"	-	GCST90085697	5:104580027	34634379	"Mei L"
rs11242522-?	9E-9	-	NR	-	-	-	RNU6-334P,NIHCOLE	"Major depressive disorder or stress-related disorder"	"stress-related disorder,Anxiety,major depressive disorder"	-	GCST90085697	5:104569213	34634379	"Mei L"
rs11738191-?	6E-9	-	NR	-	-	-	RNU6-334P,NIHCOLE	"Major depressive disorder or stress-related disorder"	"stress-related disorder,Anxiety,major depressive disorder"	-	GCST90085697	5:104577501	34634379	"Mei L"
rs11738197-?	8E-9	-	NR	-	-	-	NIHCOLE,RNU6-334P	"Major depressive disorder or stress-related disorder"	"stress-related disorder,Anxiety,major depressive disorder"	-	GCST90085697	5:104577563	34634379	"Mei L"
rs11747125-?	5E-8	-	NR	-	-	-	NIHCOLE,RNU6-334P	"Major depressive disorder or stress-related disorder"	"stress-related disorder,Anxiety,major depressive disorder"	-	GCST90085697	5:104511868	34634379	"Mei L"
rs11747766-?	1E-8	-	NR	-	-	-	NIHCOLE,RNU6-334P	"Major depressive disorder or stress-related disorder"	"stress-related disorder,Anxiety,major depressive disorder"	-	GCST90085697	5:104502855	34634379	"Mei L"
rs11955377-?	2E-8	-	NR	-	-	-	RNU6-334P,NIHCOLE	"Major depressive disorder or stress-related disorder"	"stress-related disorder,Anxiety,major depressive disorder"	-	GCST90085697	5:104525896	34634379	"Mei L"
rs11958220-?	2E-8	-	NR	-	-	-	NIHCOLE,RNU6-334P	"Major depressive disorder or stress-related disorder"	"stress-related disorder,Anxiety,major depressive disorder"	-	GCST90085697	5:104507816	34634379	"Mei L"
rs12187898-?	5E-9	-	NR	-	-	-	RNU6-334P,NIHCOLE	"Major depressive disorder or stress-related disorder"	"stress-related disorder,Anxiety,major depressive disorder"	-	GCST90085697	5:104603973	34634379	"Mei L"
rs12187903-?	4E-9	-	NR	-	-	-	NIHCOLE,RNU6-334P	"Major depressive disorder or stress-related disorder"	"stress-related disorder,Anxiety,major depressive disorder"	-	GCST90085697	5:104604069	34634379	"Mei L"
rs12515429-?	8E-9	-	NR	-	-	-	RNU6-334P,NIHCOLE	"Major depressive disorder or stress-related disorder"	"stress-related disorder,Anxiety,major depressive disorder"	-	GCST90085697	5:104569574	34634379	"Mei L"
rs7528604-?	2E-10	-	NR	-	-	-	PDE4B	"Major depressive disorder or stress-related disorder"	"stress-related disorder,Anxiety,major depressive disorder"	-	GCST90085697	1:65941669	34634379	"Mei L"
rs2310752-?	4E-10	-	NR	-	-	-	PDE4B	"Major depressive disorder or stress-related disorder"	"stress-related disorder,Anxiety,major depressive disorder"	-	GCST90085697	1:65926722	34634379	"Mei L"
rs3009872-?	7E-10	-	NR	-	-	-	PDE4B	"Major depressive disorder or stress-related disorder"	"stress-related disorder,Anxiety,major depressive disorder"	-	GCST90085697	1:65945717	34634379	"Mei L"
rs6421482-?	2E-9	-	NR	-	-	-	PDE4B	"Major depressive disorder or stress-related disorder"	"stress-related disorder,Anxiety,major depressive disorder"	-	GCST90085697	1:65954222	34634379	"Mei L"
rs4554696-?	2E-9	-	NR	-	-	-	PDE4B	"Major depressive disorder or stress-related disorder"	"stress-related disorder,Anxiety,major depressive disorder"	-	GCST90085697	1:65942328	34634379	"Mei L"
rs4503327-?	3E-9	-	NR	-	-	-	PDE4B	"Major depressive disorder or stress-related disorder"	"stress-related disorder,Anxiety,major depressive disorder"	-	GCST90085697	1:65941124	34634379	"Mei L"
rs7527901-?	3E-9	-	NR	-	-	-	PDE4B	"Major depressive disorder or stress-related disorder"	"stress-related disorder,Anxiety,major depressive disorder"	-	GCST90085697	1:65947077	34634379	"Mei L"
rs11585651-?	3E-9	-	NR	-	-	-	PDE4B	"Major depressive disorder or stress-related disorder"	"stress-related disorder,Anxiety,major depressive disorder"	-	GCST90085697	1:65935757	34634379	"Mei L"
rs2186123-?	3E-9	-	NR	-	-	-	PDE4B	"Major depressive disorder or stress-related disorder"	"stress-related disorder,Anxiety,major depressive disorder"	-	GCST90085697	1:65970159	34634379	"Mei L"
rs1937440-?	4E-9	-	NR	-	-	-	PDE4B	"Major depressive disorder or stress-related disorder"	"stress-related disorder,Anxiety,major depressive disorder"	-	GCST90085697	1:65972088	34634379	"Mei L"
rs1937437-?	4E-9	-	NR	-	-	-	PDE4B	"Major depressive disorder or stress-related disorder"	"stress-related disorder,Anxiety,major depressive disorder"	-	GCST90085697	1:65974240	34634379	"Mei L"
rs2503207-?	4E-9	-	NR	-	-	-	PDE4B	"Major depressive disorder or stress-related disorder"	"stress-related disorder,Anxiety,major depressive disorder"	-	GCST90085697	1:65972972	34634379	"Mei L"
rs1937438-?	5E-9	-	NR	-	-	-	PDE4B	"Major depressive disorder or stress-related disorder"	"stress-related disorder,Anxiety,major depressive disorder"	-	GCST90085697	1:65973608	34634379	"Mei L"
rs2503196-?	5E-9	-	NR	-	-	-	PDE4B	"Major depressive disorder or stress-related disorder"	"stress-related disorder,Anxiety,major depressive disorder"	-	GCST90085697	1:65981840	34634379	"Mei L"
rs10889590-?	5E-9	-	NR	-	-	-	PDE4B	"Major depressive disorder or stress-related disorder"	"stress-related disorder,Anxiety,major depressive disorder"	-	GCST90085697	1:65949798	34634379	"Mei L"
rs12062815-?	5E-9	-	NR	-	-	-	PDE4B	"Major depressive disorder or stress-related disorder"	"stress-related disorder,Anxiety,major depressive disorder"	-	GCST90085697	1:65962886	34634379	"Mei L"
rs12062901-?	5E-9	-	NR	-	-	-	PDE4B	"Major depressive disorder or stress-related disorder"	"stress-related disorder,Anxiety,major depressive disorder"	-	GCST90085697	1:65963105	34634379	"Mei L"
rs1937458-?	5E-9	-	NR	-	-	-	PDE4B	"Major depressive disorder or stress-related disorder"	"stress-related disorder,Anxiety,major depressive disorder"	-	GCST90085697	1:65950626	34634379	"Mei L"
rs7513141-?	5E-9	-	NR	-	-	-	PDE4B	"Major depressive disorder or stress-related disorder"	"stress-related disorder,Anxiety,major depressive disorder"	-	GCST90085697	1:65967230	34634379	"Mei L"
rs1937455-?	5E-9	-	NR	-	-	-	PDE4B	"Major depressive disorder or stress-related disorder"	"stress-related disorder,Anxiety,major depressive disorder"	-	GCST90085697	1:65951256	34634379	"Mei L"
rs7547416-?	5E-9	-	NR	-	-	-	PDE4B	"Major depressive disorder or stress-related disorder"	"stress-related disorder,Anxiety,major depressive disorder"	-	GCST90085697	1:65953404	34634379	"Mei L"
rs2503201-?	6E-9	-	NR	-	-	-	PDE4B	"Major depressive disorder or stress-related disorder"	"stress-related disorder,Anxiety,major depressive disorder"	-	GCST90085697	1:65976342	34634379	"Mei L"
rs1937434-?	6E-9	-	NR	-	-	-	PDE4B	"Major depressive disorder or stress-related disorder"	"stress-related disorder,Anxiety,major depressive disorder"	-	GCST90085697	1:65976112	34634379	"Mei L"
rs10456362-?	2E-8	-	NR	-	-	-	ZKSCAN4,NKAPL	"Major depressive disorder or stress-related disorder"	"stress-related disorder,Anxiety,major depressive disorder"	-	GCST90085697	6:28254038	34634379	"Mei L"
rs11965538-?	1E-8	-	NR	-	-	-	ZSCAN26	"Major depressive disorder or stress-related disorder"	"stress-related disorder,Anxiety,major depressive disorder"	-	GCST90085697	6:28272137	34634379	"Mei L"
rs13190888-?	1E-8	-	NR	-	-	-	PGBD1,SMIM15P2	"Major depressive disorder or stress-related disorder"	"stress-related disorder,Anxiety,major depressive disorder"	-	GCST90085697	6:28318208	34634379	"Mei L"
rs13191786-?	2E-8	-	NR	-	-	-	PGBD1,SMIM15P2	"Major depressive disorder or stress-related disorder"	"stress-related disorder,Anxiety,major depressive disorder"	-	GCST90085697	6:28309894	34634379	"Mei L"
rs13195291-?	3E-8	-	NR	-	-	-	ZKSCAN8P2,TOB2P1	"Major depressive disorder or stress-related disorder"	"stress-related disorder,Anxiety,major depressive disorder"	-	GCST90085697	6:28201463	34634379	"Mei L"
rs13197176-?	2E-8	-	NR	-	-	-	ZKSCAN8P1,ZKSCAN8	"Major depressive disorder or stress-related disorder"	"stress-related disorder,Anxiety,major depressive disorder"	-	GCST90085697	6:28161454	34634379	"Mei L"
rs13197633-?	2E-8	-	NR	-	-	-	ZKSCAN8P2,TOB2P1	"Major depressive disorder or stress-related disorder"	"stress-related disorder,Anxiety,major depressive disorder"	-	GCST90085697	6:28206979	34634379	"Mei L"
rs13198809-?	3E-8	-	NR	-	-	-	ZKSCAN3,ZSCAN31	"Major depressive disorder or stress-related disorder"	"stress-related disorder,Anxiety,major depressive disorder"	-	GCST90085697	6:28355925	34634379	"Mei L"
rs13201681-?	2E-8	-	NR	-	-	-	RNU2-45P,ZSCAN23	"Major depressive disorder or stress-related disorder"	"stress-related disorder,Anxiety,major depressive disorder"	-	GCST90085697	6:28426903	34634379	"Mei L"
rs13203816-?	3E-8	-	NR	-	-	-	ZSCAN16-AS1,ZSCAN16	"Major depressive disorder or stress-related disorder"	"stress-related disorder,Anxiety,major depressive disorder"	-	GCST90085697	6:28111820	34634379	"Mei L"
rs13204012-?	2E-8	-	NR	-	-	-	ZSCAN9,ZKSCAN4	"Major depressive disorder or stress-related disorder"	"stress-related disorder,Anxiety,major depressive disorder"	-	GCST90085697	6:28233753	34634379	"Mei L"
rs13205211-?	2E-8	-	NR	-	-	-	ZKSCAN4,ZSCAN9	"Major depressive disorder or stress-related disorder"	"stress-related disorder,Anxiety,major depressive disorder"	-	GCST90085697	6:28235278	34634379	"Mei L"
rs13205911-?	2E-8	-	NR	-	-	-	ZKSCAN8	"Major depressive disorder or stress-related disorder"	"stress-related disorder,Anxiety,major depressive disorder"	-	GCST90085697	6:28156336	34634379	"Mei L"
rs13207345-?	1E-8	-	NR	-	-	-	PGBD1	"Major depressive disorder or stress-related disorder"	"stress-related disorder,Anxiety,major depressive disorder"	-	GCST90085697	6:28297795	34634379	"Mei L"
rs13211507-?	1E-8	-	NR	-	-	-	PGBD1	"Major depressive disorder or stress-related disorder"	"stress-related disorder,Anxiety,major depressive disorder"	-	GCST90085697	6:28289600	34634379	"Mei L"
rs13213152-?	2E-8	-	NR	-	-	-	ZSCAN12	"Major depressive disorder or stress-related disorder"	"stress-related disorder,Anxiety,major depressive disorder"	-	GCST90085697	6:28381921	34634379	"Mei L"
rs13214023-?	2E-8	-	NR	-	-	-	ZKSCAN3	"Major depressive disorder or stress-related disorder"	"stress-related disorder,Anxiety,major depressive disorder"	-	GCST90085697	6:28364364	34634379	"Mei L"
rs1419183-?	1E-8	-	NR	-	-	-	ZSCAN26	"Major depressive disorder or stress-related disorder"	"stress-related disorder,Anxiety,major depressive disorder"	-	GCST90085697	6:28275017	34634379	"Mei L"
rs144447022-?	4E-9	-	NR	-	-	-	LINC03003	"Major depressive disorder or stress-related disorder"	"stress-related disorder,Anxiety,major depressive disorder"	-	GCST90085697	6:29276442	34634379	"Mei L"
rs148696809-?	7E-9	-	NR	-	-	-	KRT18P1,LINC01556	"Major depressive disorder or stress-related disorder"	"stress-related disorder,Anxiety,major depressive disorder"	-	GCST90085697	6:28966575	34634379	"Mei L"
rs149943-?	5E-9	-	NR	-	-	-	OR2W2P,ZSCAN16-AS1	"Major depressive disorder or stress-related disorder"	"stress-related disorder,Anxiety,major depressive disorder"	-	GCST90085697	6:28034610	34634379	"Mei L"
rs149949-?	7E-9	-	NR	-	-	-	ZSCAN16-AS1	"Major depressive disorder or stress-related disorder"	"stress-related disorder,Anxiety,major depressive disorder"	-	GCST90085697	6:28043738	34634379	"Mei L"
rs149990-?	7E-9	-	NR	-	-	-	ZSCAN16-AS1	"Major depressive disorder or stress-related disorder"	"stress-related disorder,Anxiety,major depressive disorder"	-	GCST90085697	6:28030480	34634379	"Mei L"
rs156743-?	5E-9	-	NR	-	-	-	ZSCAN16-AS1,OR2W4P	"Major depressive disorder or stress-related disorder"	"stress-related disorder,Anxiety,major depressive disorder"	-	GCST90085697	6:27999311	34634379	"Mei L"
rs1679709-?	2E-8	-	NR	-	-	-	NKAPL	"Major depressive disorder or stress-related disorder"	"stress-related disorder,Anxiety,major depressive disorder"	-	GCST90085697	6:28260564	34634379	"Mei L"
rs1679732-?	1E-8	-	NR	-	-	-	NKAPL,ZKSCAN4	"Major depressive disorder or stress-related disorder"	"stress-related disorder,Anxiety,major depressive disorder"	-	GCST90085697	6:28253486	34634379	"Mei L"
rs1736904-?	8E-9	-	NR	-	-	-	ZKSCAN4	"Major depressive disorder or stress-related disorder"	"stress-related disorder,Anxiety,major depressive disorder"	-	GCST90085697	6:28251492	34634379	"Mei L"
rs1778508-?	1E-8	-	NR	-	-	-	ZSCAN26,NKAPL	"Major depressive disorder or stress-related disorder"	"stress-related disorder,Anxiety,major depressive disorder"	-	GCST90085697	6:28262103	34634379	"Mei L"
rs1778511-?	1E-8	-	NR	-	-	-	ZSCAN26,NKAPL	"Major depressive disorder or stress-related disorder"	"stress-related disorder,Anxiety,major depressive disorder"	-	GCST90085697	6:28261633	34634379	"Mei L"
rs200949-?	2E-8	-	NR	-	-	-	H1-5,H3C11	"Major depressive disorder or stress-related disorder"	"stress-related disorder,Anxiety,major depressive disorder"	-	GCST90085697	6:27867657	34634379	"Mei L"
rs202906-?	7E-9	-	NR	-	-	-	ZSCAN16-AS1	"Major depressive disorder or stress-related disorder"	"stress-related disorder,Anxiety,major depressive disorder"	-	GCST90085697	6:28043874	34634379	"Mei L"
rs2232423-?	2E-8	-	NR	-	-	-	ZSCAN12	"Major depressive disorder or stress-related disorder"	"stress-related disorder,Anxiety,major depressive disorder"	-	GCST90085697	6:28398374	34634379	"Mei L"
rs2232429-?	2E-8	-	NR	-	-	-	ZSCAN12	"Major depressive disorder or stress-related disorder"	"stress-related disorder,Anxiety,major depressive disorder"	-	GCST90085697	6:28391855	34634379	"Mei L"
rs2743555-?	1E-8	-	NR	-	-	-	ZSCAN26	"Major depressive disorder or stress-related disorder"	"stress-related disorder,Anxiety,major depressive disorder"	-	GCST90085697	6:28273304	34634379	"Mei L"
rs2799077-?	5E-9	-	NR	-	-	-	NKAPL,ZSCAN26	"Major depressive disorder or stress-related disorder"	"stress-related disorder,Anxiety,major depressive disorder"	-	GCST90085697	6:28266819	34634379	"Mei L"
rs2799079-?	1E-8	-	NR	-	-	-	ZSCAN26	"Major depressive disorder or stress-related disorder"	"stress-related disorder,Anxiety,major depressive disorder"	-	GCST90085697	6:28267398	34634379	"Mei L"
rs33932084-?	2E-8	-	NR	-	-	-	PGBD1	"Major depressive disorder or stress-related disorder"	"stress-related disorder,Anxiety,major depressive disorder"	-	GCST90085697	6:28301047	34634379	"Mei L"
rs34218844-?	2E-8	-	NR	-	-	-	ZSCAN31,SMIM15P2	"Major depressive disorder or stress-related disorder"	"stress-related disorder,Anxiety,major depressive disorder"	-	GCST90085697	6:28322870	34634379	"Mei L"
rs34243448-?	2E-8	-	NR	-	-	-	ZSCAN9	"Major depressive disorder or stress-related disorder"	"stress-related disorder,Anxiety,major depressive disorder"	-	GCST90085697	6:28225324	34634379	"Mei L"
rs34371502-?	3E-8	-	NR	-	-	-	ZSCAN16,ZSCAN16-AS1	"Major depressive disorder or stress-related disorder"	"stress-related disorder,Anxiety,major depressive disorder"	-	GCST90085697	6:28113980	34634379	"Mei L"
rs34396849-?	9E-9	-	NR	-	-	-	PGBD1	"Major depressive disorder or stress-related disorder"	"stress-related disorder,Anxiety,major depressive disorder"	-	GCST90085697	6:28283178	34634379	"Mei L"
rs34546986-?	2E-8	-	NR	-	-	-	ZSCAN12	"Major depressive disorder or stress-related disorder"	"stress-related disorder,Anxiety,major depressive disorder"	-	GCST90085697	6:28394532	34634379	"Mei L"
rs34661125-?	1E-8	-	NR	-	-	-	SMIM15P2,PGBD1	"Major depressive disorder or stress-related disorder"	"stress-related disorder,Anxiety,major depressive disorder"	-	GCST90085697	6:28314117	34634379	"Mei L"
rs34691223-?	8E-9	-	NR	-	-	-	PGBD1	"Major depressive disorder or stress-related disorder"	"stress-related disorder,Anxiety,major depressive disorder"	-	GCST90085697	6:28290431	34634379	"Mei L"
rs34871267-?	2E-8	-	NR	-	-	-	ZSCAN12	"Major depressive disorder or stress-related disorder"	"stress-related disorder,Anxiety,major depressive disorder"	-	GCST90085697	6:28396455	34634379	"Mei L"
rs34878803-?	8E-9	-	NR	-	-	-	PGBD1	"Major depressive disorder or stress-related disorder"	"stress-related disorder,Anxiety,major depressive disorder"	-	GCST90085697	6:28282402	34634379	"Mei L"
rs34950484-?	1E-8	-	NR	-	-	-	PGBD1,SMIM15P2	"Major depressive disorder or stress-related disorder"	"stress-related disorder,Anxiety,major depressive disorder"	-	GCST90085697	6:28310911	34634379	"Mei L"
rs35001169-?	2E-8	-	NR	-	-	-	ZSCAN9,TOB2P1	"Major depressive disorder or stress-related disorder"	"stress-related disorder,Anxiety,major depressive disorder"	-	GCST90085697	6:28219854	34634379	"Mei L"
rs35017208-?	2E-8	-	NR	-	-	-	ZSCAN12,ZKSCAN3	"Major depressive disorder or stress-related disorder"	"stress-related disorder,Anxiety,major depressive disorder"	-	GCST90085697	6:28377505	34634379	"Mei L"
rs35353359-?	2E-8	-	NR	-	-	-	ZKSCAN3	"Major depressive disorder or stress-related disorder"	"stress-related disorder,Anxiety,major depressive disorder"	-	GCST90085697	6:28356601	34634379	"Mei L"
rs1421667-?	1E-8	-	NR	-	-	-	RNU6-334P,NIHCOLE	"Major depressive disorder or stress-related disorder"	"stress-related disorder,Anxiety,major depressive disorder"	-	GCST90085697	5:104571905	34634379	"Mei L"
rs1421668-?	6E-9	-	NR	-	-	-	RNU6-334P,NIHCOLE	"Major depressive disorder or stress-related disorder"	"stress-related disorder,Anxiety,major depressive disorder"	-	GCST90085697	5:104567257	34634379	"Mei L"
rs1442111-?	8E-9	-	NR	-	-	-	RNU6-334P,NIHCOLE	"Major depressive disorder or stress-related disorder"	"stress-related disorder,Anxiety,major depressive disorder"	-	GCST90085697	5:104435505	34634379	"Mei L"
rs1530303-?	1E-8	-	NR	-	-	-	NIHCOLE	"Major depressive disorder or stress-related disorder"	"stress-related disorder,Anxiety,major depressive disorder"	-	GCST90085697	5:104387754	34634379	"Mei L"
rs1582419-?	1E-8	-	NR	-	-	-	NIHCOLE,RNU6-334P	"Major depressive disorder or stress-related disorder"	"stress-related disorder,Anxiety,major depressive disorder"	-	GCST90085697	5:104534400	34634379	"Mei L"
rs1583953-?	4E-9	-	NR	-	-	-	NIHCOLE	"Major depressive disorder or stress-related disorder"	"stress-related disorder,Anxiety,major depressive disorder"	-	GCST90085697	5:104415103	34634379	"Mei L"
rs1592754-?	2E-8	-	NR	-	-	-	RNU6-334P,NIHCOLE	"Major depressive disorder or stress-related disorder"	"stress-related disorder,Anxiety,major depressive disorder"	-	GCST90085697	5:104602414	34634379	"Mei L"
rs17156671-?	9E-9	-	NR	-	-	-	RNU6-334P,NIHCOLE	"Major depressive disorder or stress-related disorder"	"stress-related disorder,Anxiety,major depressive disorder"	-	GCST90085697	5:104569709	34634379	"Mei L"
rs1833514-?	6E-9	-	NR	-	-	-	NIHCOLE,RNU6-334P	"Major depressive disorder or stress-related disorder"	"stress-related disorder,Anxiety,major depressive disorder"	-	GCST90085697	5:104560429	34634379	"Mei L"
rs185260-?	4E-8	-	NR	-	-	-	NIHCOLE,RNU6-334P	"Major depressive disorder or stress-related disorder"	"stress-related disorder,Anxiety,major depressive disorder"	-	GCST90085697	5:104629522	34634379	"Mei L"
rs2018142-?	3E-9	-	NR	-	-	-	RNU6-334P,NIHCOLE	"Major depressive disorder or stress-related disorder"	"stress-related disorder,Anxiety,major depressive disorder"	-	GCST90085697	5:104606092	34634379	"Mei L"
rs2028526-?	2E-8	-	NR	-	-	-	RNU6-334P,NIHCOLE	"Major depressive disorder or stress-related disorder"	"stress-related disorder,Anxiety,major depressive disorder"	-	GCST90085697	5:104430453	34634379	"Mei L"
rs2032790-?	1E-8	-	NR	-	-	-	NIHCOLE,RNU6-334P	"Major depressive disorder or stress-related disorder"	"stress-related disorder,Anxiety,major depressive disorder"	-	GCST90085697	5:104572545	34634379	"Mei L"
rs2112163-?	2E-8	-	NR	-	-	-	RNU6-334P,NIHCOLE	"Major depressive disorder or stress-related disorder"	"stress-related disorder,Anxiety,major depressive disorder"	-	GCST90085697	5:104610781	34634379	"Mei L"
rs21126-?	2E-9	-	NR	-	-	-	NIHCOLE,RNU6-334P	"Major depressive disorder or stress-related disorder"	"stress-related disorder,Anxiety,major depressive disorder"	-	GCST90085697	5:104678081	34634379	"Mei L"
rs2161097-?	2E-8	-	NR	-	-	-	NIHCOLE,RNU6-334P	"Major depressive disorder or stress-related disorder"	"stress-related disorder,Anxiety,major depressive disorder"	-	GCST90085697	5:104609477	34634379	"Mei L"
rs2403284-?	1E-8	-	NR	-	-	-	NIHCOLE,RNU6-334P	"Major depressive disorder or stress-related disorder"	"stress-related disorder,Anxiety,major depressive disorder"	-	GCST90085697	5:104570372	34634379	"Mei L"
rs2431108-?	6E-9	-	NR	-	-	-	RNU6-334P,NIHCOLE	"Major depressive disorder or stress-related disorder"	"stress-related disorder,Anxiety,major depressive disorder"	-	GCST90085697	5:104612267	34634379	"Mei L"
rs2431109-?	2E-8	-	NR	-	-	-	NIHCOLE,RNU6-334P	"Major depressive disorder or stress-related disorder"	"stress-related disorder,Anxiety,major depressive disorder"	-	GCST90085697	5:104609425	34634379	"Mei L"
rs2431112-?	1E-8	-	NR	-	-	-	NIHCOLE,RNU6-334P	"Major depressive disorder or stress-related disorder"	"stress-related disorder,Anxiety,major depressive disorder"	-	GCST90085697	5:104596006	34634379	"Mei L"
rs2447827-?	3E-8	-	NR	-	-	-	RNU6-334P,NIHCOLE	"Major depressive disorder or stress-related disorder"	"stress-related disorder,Anxiety,major depressive disorder"	-	GCST90085697	5:104612344	34634379	"Mei L"
rs2447828-?	2E-8	-	NR	-	-	-	RNU6-334P,NIHCOLE	"Major depressive disorder or stress-related disorder"	"stress-related disorder,Anxiety,major depressive disorder"	-	GCST90085697	5:104611504	34634379	"Mei L"
rs2447832-?	2E-8	-	NR	-	-	-	NIHCOLE,RNU6-334P	"Major depressive disorder or stress-related disorder"	"stress-related disorder,Anxiety,major depressive disorder"	-	GCST90085697	5:104597772	34634379	"Mei L"
rs2447838-?	7E-9	-	NR	-	-	-	NIHCOLE,RNU6-334P	"Major depressive disorder or stress-related disorder"	"stress-related disorder,Anxiety,major depressive disorder"	-	GCST90085697	5:104591878	34634379	"Mei L"
rs254011-?	3E-8	-	NR	-	-	-	NIHCOLE,RNU6-334P	"Major depressive disorder or stress-related disorder"	"stress-related disorder,Anxiety,major depressive disorder"	-	GCST90085697	5:104585069	34634379	"Mei L"
rs4515268-?	4E-8	-	NR	-	-	-	RNU6-334P,NIHCOLE	"Major depressive disorder or stress-related disorder"	"stress-related disorder,Anxiety,major depressive disorder"	-	GCST90085697	5:104538561	34634379	"Mei L"
rs4521446-?	7E-9	-	NR	-	-	-	RNU6-334P,NIHCOLE	"Major depressive disorder or stress-related disorder"	"stress-related disorder,Anxiety,major depressive disorder"	-	GCST90085697	5:104562057	34634379	"Mei L"
rs4703040-?	3E-8	-	NR	-	-	-	RNU6-334P,NIHCOLE	"Major depressive disorder or stress-related disorder"	"stress-related disorder,Anxiety,major depressive disorder"	-	GCST90085697	5:104544112	34634379	"Mei L"
rs55649128-?	9E-9	-	NR	-	-	-	NIHCOLE	"Major depressive disorder or stress-related disorder"	"stress-related disorder,Anxiety,major depressive disorder"	-	GCST90085697	5:104408031	34634379	"Mei L"
rs62362442-?	3E-9	-	NR	-	-	-	RNU6-334P,NIHCOLE	"Major depressive disorder or stress-related disorder"	"stress-related disorder,Anxiety,major depressive disorder"	-	GCST90085697	5:104576083	34634379	"Mei L"
rs62362443-?	1E-8	-	NR	-	-	-	NIHCOLE,RNU6-334P	"Major depressive disorder or stress-related disorder"	"stress-related disorder,Anxiety,major depressive disorder"	-	GCST90085697	5:104576413	34634379	"Mei L"
rs62362459-?	7E-9	-	NR	-	-	-	NIHCOLE,RNU6-334P	"Major depressive disorder or stress-related disorder"	"stress-related disorder,Anxiety,major depressive disorder"	-	GCST90085697	5:104581130	34634379	"Mei L"
rs6596578-?	6E-9	-	NR	-	-	-	NIHCOLE,RNU6-334P	"Major depressive disorder or stress-related disorder"	"stress-related disorder,Anxiety,major depressive disorder"	-	GCST90085697	5:104563477	34634379	"Mei L"
rs67909927-?	4E-8	-	NR	-	-	-	RNU6-334P,NIHCOLE	"Major depressive disorder or stress-related disorder"	"stress-related disorder,Anxiety,major depressive disorder"	-	GCST90085697	5:104491957	34634379	"Mei L"
rs6865511-?	8E-9	-	NR	-	-	-	NIHCOLE,RNU6-334P	"Major depressive disorder or stress-related disorder"	"stress-related disorder,Anxiety,major depressive disorder"	-	GCST90085697	5:104566479	34634379	"Mei L"
rs6867409-?	6E-9	-	NR	-	-	-	RNU6-334P,NIHCOLE	"Major depressive disorder or stress-related disorder"	"stress-related disorder,Anxiety,major depressive disorder"	-	GCST90085697	5:104554395	34634379	"Mei L"
rs6869862-?	2E-8	-	NR	-	-	-	NIHCOLE,RNU6-334P	"Major depressive disorder or stress-related disorder"	"stress-related disorder,Anxiety,major depressive disorder"	-	GCST90085697	5:104550512	34634379	"Mei L"
rs6874138-?	6E-9	-	NR	-	-	-	RNU6-334P,NIHCOLE	"Major depressive disorder or stress-related disorder"	"stress-related disorder,Anxiety,major depressive disorder"	-	GCST90085697	5:104563895	34634379	"Mei L"
rs72776989-?	4E-9	-	NR	-	-	-	NIHCOLE	"Major depressive disorder or stress-related disorder"	"stress-related disorder,Anxiety,major depressive disorder"	-	GCST90085697	5:104415764	34634379	"Mei L"
rs768792-?	8E-9	-	NR	-	-	-	NIHCOLE	"Major depressive disorder or stress-related disorder"	"stress-related disorder,Anxiety,major depressive disorder"	-	GCST90085697	5:104421304	34634379	"Mei L"
rs768905-?	9E-9	-	NR	-	-	-	RNU6-334P,NIHCOLE	"Major depressive disorder or stress-related disorder"	"stress-related disorder,Anxiety,major depressive disorder"	-	GCST90085697	5:104573963	34634379	"Mei L"
rs7703746-?	5E-9	-	NR	-	-	-	NIHCOLE,RNU6-334P	"Major depressive disorder or stress-related disorder"	"stress-related disorder,Anxiety,major depressive disorder"	-	GCST90085697	5:104571636	34634379	"Mei L"
rs7706353-?	6E-9	-	NR	-	-	-	RNU6-334P,NIHCOLE	"Major depressive disorder or stress-related disorder"	"stress-related disorder,Anxiety,major depressive disorder"	-	GCST90085697	5:104559315	34634379	"Mei L"
rs7706513-?	4E-8	-	NR	-	-	-	RNU6-334P,NIHCOLE	"Major depressive disorder or stress-related disorder"	"stress-related disorder,Anxiety,major depressive disorder"	-	GCST90085697	5:104496393	34634379	"Mei L"
rs7710489-?	7E-9	-	NR	-	-	-	RNU6-334P,NIHCOLE	"Major depressive disorder or stress-related disorder"	"stress-related disorder,Anxiety,major depressive disorder"	-	GCST90085697	5:104580648	34634379	"Mei L"
rs77960-?	1E-8	-	NR	-	-	-	NIHCOLE,RNU6-334P	"Major depressive disorder or stress-related disorder"	"stress-related disorder,Anxiety,major depressive disorder"	-	GCST90085697	5:104628884	34634379	"Mei L"
rs876392-?	2E-8	-	NR	-	-	-	RNU6-334P,NIHCOLE	"Major depressive disorder or stress-related disorder"	"stress-related disorder,Anxiety,major depressive disorder"	-	GCST90085697	5:104433980	34634379	"Mei L"
rs920623-?	7E-9	-	NR	-	-	-	NIHCOLE,RNU6-334P	"Major depressive disorder or stress-related disorder"	"stress-related disorder,Anxiety,major depressive disorder"	-	GCST90085697	5:104436187	34634379	"Mei L"
rs959857-?	1E-8	-	NR	-	-	-	NIHCOLE,RNU6-334P	"Major depressive disorder or stress-related disorder"	"stress-related disorder,Anxiety,major depressive disorder"	-	GCST90085697	5:104573847	34634379	"Mei L"
rs969397-?	3E-8	-	NR	-	-	-	RNU6-334P,NIHCOLE	"Major depressive disorder or stress-related disorder"	"stress-related disorder,Anxiety,major depressive disorder"	-	GCST90085697	5:104528176	34634379	"Mei L"
rs254020-?	3E-8	-	NR	-	-	-	NIHCOLE,RNU6-334P	"Major depressive disorder or stress-related disorder"	"stress-related disorder,Anxiety,major depressive disorder"	-	GCST90085697	5:104614550	34634379	"Mei L"
rs254023-?	4E-8	-	NR	-	-	-	RNU6-334P,NIHCOLE	"Major depressive disorder or stress-related disorder"	"stress-related disorder,Anxiety,major depressive disorder"	-	GCST90085697	5:104619660	34634379	"Mei L"
rs254024-?	2E-8	-	NR	-	-	-	NIHCOLE,RNU6-334P	"Major depressive disorder or stress-related disorder"	"stress-related disorder,Anxiety,major depressive disorder"	-	GCST90085697	5:104608319	34634379	"Mei L"
rs254045-?	3E-8	-	NR	-	-	-	NIHCOLE,RNU6-334P	"Major depressive disorder or stress-related disorder"	"stress-related disorder,Anxiety,major depressive disorder"	-	GCST90085697	5:104623644	34634379	"Mei L"
rs2896539-?	4E-8	-	NR	-	-	-	NIHCOLE	"Major depressive disorder or stress-related disorder"	"stress-related disorder,Anxiety,major depressive disorder"	-	GCST90085697	5:104360729	34634379	"Mei L"
rs2963222-?	3E-8	-	NR	-	-	-	NIHCOLE	"Major depressive disorder or stress-related disorder"	"stress-related disorder,Anxiety,major depressive disorder"	-	GCST90085697	5:104363027	34634379	"Mei L"
rs30266-?	1E-8	-	NR	-	-	-	RNU6-334P,NIHCOLE	"Major depressive disorder or stress-related disorder"	"stress-related disorder,Anxiety,major depressive disorder"	-	GCST90085697	5:104636656	34634379	"Mei L"
rs325481-?	8E-9	-	NR	-	-	-	NIHCOLE,RNU6-334P	"Major depressive disorder or stress-related disorder"	"stress-related disorder,Anxiety,major depressive disorder"	-	GCST90085697	5:104665051	34634379	"Mei L"
rs325485-?	1E-8	-	NR	-	-	-	NIHCOLE,RNU6-334P	"Major depressive disorder or stress-related disorder"	"stress-related disorder,Anxiety,major depressive disorder"	-	GCST90085697	5:104659667	34634379	"Mei L"
rs325500-?	7E-9	-	NR	-	-	-	NIHCOLE,RNU6-334P	"Major depressive disorder or stress-related disorder"	"stress-related disorder,Anxiety,major depressive disorder"	-	GCST90085697	5:104670966	34634379	"Mei L"
rs325502-?	2E-9	-	NR	-	-	-	NIHCOLE,RNU6-334P	"Major depressive disorder or stress-related disorder"	"stress-related disorder,Anxiety,major depressive disorder"	-	GCST90085697	5:104672432	34634379	"Mei L"
rs325521-?	2E-8	-	NR	-	-	-	NIHCOLE,RNU6-334P	"Major depressive disorder or stress-related disorder"	"stress-related disorder,Anxiety,major depressive disorder"	-	GCST90085697	5:104707455	34634379	"Mei L"
rs325523-?	2E-8	-	NR	-	-	-	RNU6-334P,NIHCOLE	"Major depressive disorder or stress-related disorder"	"stress-related disorder,Anxiety,major depressive disorder"	-	GCST90085697	5:104709685	34634379	"Mei L"
rs33817-?	2E-8	-	NR	-	-	-	NIHCOLE,RNU6-334P	"Major depressive disorder or stress-related disorder"	"stress-related disorder,Anxiety,major depressive disorder"	-	GCST90085697	5:104642625	34634379	"Mei L"
rs35207728-?	1E-8	-	NR	-	-	-	RNU6-334P,NIHCOLE	"Major depressive disorder or stress-related disorder"	"stress-related disorder,Anxiety,major depressive disorder"	-	GCST90085697	5:104581603	34634379	"Mei L"
rs35792668-?	1E-8	-	NR	-	-	-	NIHCOLE,RNU6-334P	"Major depressive disorder or stress-related disorder"	"stress-related disorder,Anxiety,major depressive disorder"	-	GCST90085697	5:104581599	34634379	"Mei L"
rs35949602-?	3E-9	-	NR	-	-	-	NIHCOLE	"Major depressive disorder or stress-related disorder"	"stress-related disorder,Anxiety,major depressive disorder"	-	GCST90085697	5:104400921	34634379	"Mei L"
rs410915-?	4E-9	-	NR	-	-	-	NIHCOLE,RNU6-334P	"Major depressive disorder or stress-related disorder"	"stress-related disorder,Anxiety,major depressive disorder"	-	GCST90085697	5:104698439	34634379	"Mei L"
rs416223-?	5E-9	-	NR	-	-	-	RNU6-334P,NIHCOLE	"Major depressive disorder or stress-related disorder"	"stress-related disorder,Anxiety,major depressive disorder"	-	GCST90085697	5:104655775	34634379	"Mei L"
rs4235642-?	2E-8	-	NR	-	-	-	NIHCOLE,RNU6-334P	"Major depressive disorder or stress-related disorder"	"stress-related disorder,Anxiety,major depressive disorder"	-	GCST90085697	5:104482711	34634379	"Mei L"
rs4295362-?	1E-8	-	NR	-	-	-	RNU6-334P,NIHCOLE	"Major depressive disorder or stress-related disorder"	"stress-related disorder,Anxiety,major depressive disorder"	-	GCST90085697	5:104573167	34634379	"Mei L"
rs4320234-?	8E-9	-	NR	-	-	-	NIHCOLE,RNU6-334P	"Major depressive disorder or stress-related disorder"	"stress-related disorder,Anxiety,major depressive disorder"	-	GCST90085697	5:104559414	34634379	"Mei L"
rs4438849-?	7E-9	-	NR	-	-	-	RNU6-334P,NIHCOLE	"Major depressive disorder or stress-related disorder"	"stress-related disorder,Anxiety,major depressive disorder"	-	GCST90085697	5:104559401	34634379	"Mei L"
rs4482879-?	3E-8	-	NR	-	-	-	NIHCOLE,RNU6-334P	"Major depressive disorder or stress-related disorder"	"stress-related disorder,Anxiety,major depressive disorder"	-	GCST90085697	5:104542951	34634379	"Mei L"
rs4510551-?	7E-9	-	NR	-	-	-	NIHCOLE	"Major depressive disorder or stress-related disorder"	"stress-related disorder,Anxiety,major depressive disorder"	-	GCST90085697	5:104393561	34634379	"Mei L"
rs12657531-?	1E-8	-	NR	-	-	-	RNU6-334P,NIHCOLE	"Major depressive disorder or stress-related disorder"	"stress-related disorder,Anxiety,major depressive disorder"	-	GCST90085697	5:104568136	34634379	"Mei L"
rs12658007-?	4E-9	-	NR	-	-	-	NIHCOLE,RNU6-334P	"Major depressive disorder or stress-related disorder"	"stress-related disorder,Anxiety,major depressive disorder"	-	GCST90085697	5:104568333	34634379	"Mei L"
rs12658019-?	4E-9	-	NR	-	-	-	RNU6-334P,NIHCOLE	"Major depressive disorder or stress-related disorder"	"stress-related disorder,Anxiety,major depressive disorder"	-	GCST90085697	5:104568407	34634379	"Mei L"
rs12658032-?	4E-10	-	NR	-	-	-	RNU6-334P,NIHCOLE	"Major depressive disorder or stress-related disorder"	"stress-related disorder,Anxiety,major depressive disorder"	-	GCST90085697	5:104568525	34634379	"Mei L"
rs12658276-?	5E-9	-	NR	-	-	-	RNU6-334P,NIHCOLE	"Major depressive disorder or stress-related disorder"	"stress-related disorder,Anxiety,major depressive disorder"	-	GCST90085697	5:104579581	34634379	"Mei L"
rs12658451-?	6E-9	-	NR	-	-	-	NIHCOLE,RNU6-334P	"Major depressive disorder or stress-related disorder"	"stress-related disorder,Anxiety,major depressive disorder"	-	GCST90085697	5:104568336	34634379	"Mei L"
rs12659431-?	5E-9	-	NR	-	-	-	RNU6-334P,NIHCOLE	"Major depressive disorder or stress-related disorder"	"stress-related disorder,Anxiety,major depressive disorder"	-	GCST90085697	5:104568065	34634379	"Mei L"
rs12659965-?	2E-8	-	NR	-	-	-	NIHCOLE,RNU6-334P	"Major depressive disorder or stress-related disorder"	"stress-related disorder,Anxiety,major depressive disorder"	-	GCST90085697	5:104568698	34634379	"Mei L"
rs13162928-?	5E-9	-	NR	-	-	-	NIHCOLE	"Major depressive disorder or stress-related disorder"	"stress-related disorder,Anxiety,major depressive disorder"	-	GCST90085697	5:104401101	34634379	"Mei L"
rs13165289-?	4E-8	-	NR	-	-	-	NIHCOLE,RNU6-334P	"Major depressive disorder or stress-related disorder"	"stress-related disorder,Anxiety,major depressive disorder"	-	GCST90085697	5:104501294	34634379	"Mei L"
rs13166408-?	2E-9	-	NR	-	-	-	NIHCOLE	"Major depressive disorder or stress-related disorder"	"stress-related disorder,Anxiety,major depressive disorder"	-	GCST90085697	5:104406265	34634379	"Mei L"
rs13166522-?	2E-9	-	NR	-	-	-	RNU6-334P,NIHCOLE	"Major depressive disorder or stress-related disorder"	"stress-related disorder,Anxiety,major depressive disorder"	-	GCST90085697	5:104481614	34634379	"Mei L"
rs13177365-?	6E-9	-	NR	-	-	-	NIHCOLE,RNU6-334P	"Major depressive disorder or stress-related disorder"	"stress-related disorder,Anxiety,major depressive disorder"	-	GCST90085697	5:104578842	34634379	"Mei L"
rs13177473-?	8E-9	-	NR	-	-	-	NIHCOLE	"Major depressive disorder or stress-related disorder"	"stress-related disorder,Anxiety,major depressive disorder"	-	GCST90085697	5:104409343	34634379	"Mei L"
rs13181679-?	3E-8	-	NR	-	-	-	NIHCOLE	"Major depressive disorder or stress-related disorder"	"stress-related disorder,Anxiety,major depressive disorder"	-	GCST90085697	5:104402189	34634379	"Mei L"
rs13187104-?	2E-8	-	NR	-	-	-	NIHCOLE,RNU6-334P	"Major depressive disorder or stress-related disorder"	"stress-related disorder,Anxiety,major depressive disorder"	-	GCST90085697	5:104505571	34634379	"Mei L"
rs1363096-?	3E-8	-	NR	-	-	-	RNU6-334P,NIHCOLE	"Major depressive disorder or stress-related disorder"	"stress-related disorder,Anxiety,major depressive disorder"	-	GCST90085697	5:104540492	34634379	"Mei L"
rs1363097-?	4E-8	-	NR	-	-	-	RNU6-334P,NIHCOLE	"Major depressive disorder or stress-related disorder"	"stress-related disorder,Anxiety,major depressive disorder"	-	GCST90085697	5:104540201	34634379	"Mei L"
rs1363098-?	1E-8	-	NR	-	-	-	RNU6-334P,NIHCOLE	"Major depressive disorder or stress-related disorder"	"stress-related disorder,Anxiety,major depressive disorder"	-	GCST90085697	5:104531638	34634379	"Mei L"
rs1363101-?	4E-9	-	NR	-	-	-	RNU6-334P,NIHCOLE	"Major depressive disorder or stress-related disorder"	"stress-related disorder,Anxiety,major depressive disorder"	-	GCST90085697	5:104605369	34634379	"Mei L"
rs1363102-?	5E-9	-	NR	-	-	-	NIHCOLE,RNU6-334P	"Major depressive disorder or stress-related disorder"	"stress-related disorder,Anxiety,major depressive disorder"	-	GCST90085697	5:104582166	34634379	"Mei L"
rs1363105-?	1E-9	-	NR	-	-	-	RNU6-334P,NIHCOLE	"Major depressive disorder or stress-related disorder"	"stress-related disorder,Anxiety,major depressive disorder"	-	GCST90085697	5:104582089	34634379	"Mei L"
rs1372500-?	2E-9	-	NR	-	-	-	NIHCOLE	"Major depressive disorder or stress-related disorder"	"stress-related disorder,Anxiety,major depressive disorder"	-	GCST90085697	5:104423041	34634379	"Mei L"
rs1421665-?	5E-9	-	NR	-	-	-	NIHCOLE,RNU6-334P	"Major depressive disorder or stress-related disorder"	"stress-related disorder,Anxiety,major depressive disorder"	-	GCST90085697	5:104578313	34634379	"Mei L"
rs1421666-?	1E-8	-	NR	-	-	-	NIHCOLE,RNU6-334P	"Major depressive disorder or stress-related disorder"	"stress-related disorder,Anxiety,major depressive disorder"	-	GCST90085697	5:104572709	34634379	"Mei L"
rs35477914-T	9E-7	-	NR	-	-	-	SLTM,RNF111	"Schizophrenia, bipolar disorder or major depressive disorder x sex interaction (3df)"	"bipolar disorder,schizophrenia,sex interaction measurement,major depressive disorder"	-	GCST012296	15:58905470	34099189	"Blokland GAM"
rs7897310-A	1E-6	-	NR	-	-	-	MKNK2P1,Y_RNA	"Schizophrenia, bipolar disorder or major depressive disorder x sex interaction (3df)"	"bipolar disorder,schizophrenia,sex interaction measurement,major depressive disorder"	-	GCST012296	10:36748480	34099189	"Blokland GAM"
rs147515485-T	2E-6	-	NR	-	-	-	ZNF385C	"Schizophrenia, bipolar disorder or major depressive disorder x sex interaction (3df)"	"bipolar disorder,schizophrenia,sex interaction measurement,major depressive disorder"	-	GCST012296	17:42030081	34099189	"Blokland GAM"
rs7823749-A	3E-6	-	NR	-	-	-	LNMICC,PAG1	"Schizophrenia, bipolar disorder or major depressive disorder x sex interaction (3df)"	"bipolar disorder,schizophrenia,sex interaction measurement,major depressive disorder"	-	GCST012296	8:81135593	34099189	"Blokland GAM"
rs2063640-A	3E-6	-	NR	-	-	-	ZPLD1,RNU6-461P	"Schizophrenia, bipolar disorder or major depressive disorder x sex interaction (3df)"	"bipolar disorder,schizophrenia,sex interaction measurement,major depressive disorder"	-	GCST012296	3:102484201	34099189	"Blokland GAM"
rs704967-T	4E-6	-	NR	-	-	-	RPL35AP8,LYZL4	"Schizophrenia, bipolar disorder or major depressive disorder x sex interaction (3df)"	"bipolar disorder,schizophrenia,sex interaction measurement,major depressive disorder"	-	GCST012296	3:42432551	34099189	"Blokland GAM"
rs73033497-T	4E-6	-	NR	-	-	-	CARD11,GNA12	"Schizophrenia, bipolar disorder or major depressive disorder x sex interaction (3df)"	"bipolar disorder,schizophrenia,sex interaction measurement,major depressive disorder"	-	GCST012296	7:2871025	34099189	"Blokland GAM"
rs10736716-C	4E-6	-	NR	-	-	-	FTH1,LINC02733	"Schizophrenia, bipolar disorder or major depressive disorder x sex interaction (3df)"	"bipolar disorder,schizophrenia,sex interaction measurement,major depressive disorder"	-	GCST012296	11:61997661	34099189	"Blokland GAM"
rs2714300-C	4E-6	-	NR	-	-	-	LRATD1,NBAS	"Schizophrenia, bipolar disorder or major depressive disorder x sex interaction (3df)"	"bipolar disorder,schizophrenia,sex interaction measurement,major depressive disorder"	-	GCST012296	2:14709218	34099189	"Blokland GAM"
rs10949807-T	5E-6	-	NR	-	-	-	Y_RNA,RNF32-DT	"Schizophrenia, bipolar disorder or major depressive disorder x sex interaction (3df)"	"bipolar disorder,schizophrenia,sex interaction measurement,major depressive disorder"	-	GCST012296	7:156252298	34099189	"Blokland GAM"
rs10974778-A	5E-6	-	NR	-	-	-	ECM1P1,RCL1	"Schizophrenia, bipolar disorder or major depressive disorder x sex interaction (3df)"	"bipolar disorder,schizophrenia,sex interaction measurement,major depressive disorder"	-	GCST012296	9:4785498	34099189	"Blokland GAM"
rs8040598-G	5E-6	-	NR	-	-	-	THSD4	"Schizophrenia, bipolar disorder or major depressive disorder x sex interaction (3df)"	"bipolar disorder,schizophrenia,sex interaction measurement,major depressive disorder"	-	GCST012296	15:71565029	34099189	"Blokland GAM"
rs73033411-C	6E-6	-	NR	-	-	-	GNA12	"Schizophrenia, bipolar disorder or major depressive disorder x sex interaction (3df)"	"bipolar disorder,schizophrenia,sex interaction measurement,major depressive disorder"	-	GCST012296	7:2841916	34099189	"Blokland GAM"
rs7914279-G	6E-6	-	NR	-	-	-	PLPP4,RPL21P16	"Schizophrenia, bipolar disorder or major depressive disorder x sex interaction (3df)"	"bipolar disorder,schizophrenia,sex interaction measurement,major depressive disorder"	-	GCST012296	10:120402378	34099189	"Blokland GAM"
rs139414355-T	7E-6	-	NR	-	-	-	DNAJC7	"Schizophrenia, bipolar disorder or major depressive disorder x sex interaction (3df)"	"bipolar disorder,schizophrenia,sex interaction measurement,major depressive disorder"	-	GCST012296	17:41993935	34099189	"Blokland GAM"
rs11142-A	7E-6	-	NR	-	-	-	SORT1	"Schizophrenia, bipolar disorder or major depressive disorder x sex interaction (3df)"	"bipolar disorder,schizophrenia,sex interaction measurement,major depressive disorder"	-	GCST012296	1:109354481	34099189	"Blokland GAM"
rs7302529-T	9E-6	-	NR	-	-	-	E2F7,CSRP2	"Schizophrenia, bipolar disorder or major depressive disorder x sex interaction (3df)"	"bipolar disorder,schizophrenia,sex interaction measurement,major depressive disorder"	-	GCST012296	12:76927801	34099189	"Blokland GAM"
rs11850406-A	9E-6	-	NR	-	-	-	TMEM229B	"Schizophrenia, bipolar disorder or major depressive disorder x sex interaction (3df)"	"bipolar disorder,schizophrenia,sex interaction measurement,major depressive disorder"	-	GCST012296	14:67508611	34099189	"Blokland GAM"
rs12445424-A	9E-6	-	NR	-	-	-	LINC02181,LINC02188	"Schizophrenia, bipolar disorder or major depressive disorder x sex interaction (3df)"	"bipolar disorder,schizophrenia,sex interaction measurement,major depressive disorder"	-	GCST012296	16:87029768	34099189	"Blokland GAM"
rs9907361-T	2E-6	(female)	0.2069	-	"0.1174 unit decrease"	[0.069-0.166]	NCBP3	"Schizophrenia, bipolar disorder or recurrent major depressive disorder"	"bipolar disorder,schizophrenia,major depressive disorder"	-	GCST012294	17:3820043	34099189	"Blokland GAM"
rs7302529-T	4E-6	(female)	0.256	-	"0.0937 unit increase"	[0.054-0.134]	E2F7,CSRP2	"Schizophrenia, bipolar disorder or recurrent major depressive disorder"	"bipolar disorder,schizophrenia,major depressive disorder"	-	GCST012294	12:76927801	34099189	"Blokland GAM"
rs71379627-T	6E-6	(female)	0.9761	-	"0.2087 unit decrease"	[0.12-0.3]	METTL9	"Schizophrenia, bipolar disorder or recurrent major depressive disorder"	"bipolar disorder,schizophrenia,major depressive disorder"	-	GCST012294	16:21610646	34099189	"Blokland GAM"
rs2130709-A	1E-6	(male)	0.6005	-	"0.184 unit decrease"	[0.11-0.26]	DCHS2	"Schizophrenia, bipolar disorder or recurrent major depressive disorder"	"bipolar disorder,schizophrenia,major depressive disorder"	-	GCST012294	4:154367038	34099189	"Blokland GAM"
rs2188307-T	2E-6	(male)	0.373	-	"0.0694 unit decrease"	[0.041-0.098]	MDFIC,FOXP2	"Schizophrenia, bipolar disorder or recurrent major depressive disorder"	"bipolar disorder,schizophrenia,major depressive disorder"	-	GCST012294	7:114859877	34099189	"Blokland GAM"
rs117780815-T	3E-8	-	NR	-	-	-	NKAIN2	"Schizophrenia, bipolar disorder or recurrent major depressive disorder x sex interaction (3df)"	"bipolar disorder,schizophrenia,sex interaction measurement,major depressive disorder"	-	GCST012293	6:124005082	34099189	"Blokland GAM"
rs431414-T	5E-7	-	NR	-	-	-	MINDY2	"Schizophrenia, bipolar disorder or recurrent major depressive disorder x sex interaction (3df)"	"bipolar disorder,schizophrenia,sex interaction measurement,major depressive disorder"	-	GCST012293	15:58855601	34099189	"Blokland GAM"
rs12445424-A	2E-6	-	NR	-	-	-	LINC02181,LINC02188	"Schizophrenia, bipolar disorder or recurrent major depressive disorder x sex interaction (3df)"	"bipolar disorder,schizophrenia,sex interaction measurement,major depressive disorder"	-	GCST012293	16:87029768	34099189	"Blokland GAM"
rs116984605-A	2E-6	-	NR	-	-	-	MTCO1P49,ZFAT	"Schizophrenia, bipolar disorder or recurrent major depressive disorder x sex interaction (3df)"	"bipolar disorder,schizophrenia,sex interaction measurement,major depressive disorder"	-	GCST012293	8:134103520	34099189	"Blokland GAM"
rs78745202-C	3E-6	-	NR	-	-	-	MTCO1P49,ZFAT	"Schizophrenia, bipolar disorder or recurrent major depressive disorder x sex interaction (3df)"	"bipolar disorder,schizophrenia,sex interaction measurement,major depressive disorder"	-	GCST012293	8:134100773	34099189	"Blokland GAM"
rs11040472-T	3E-6	-	NR	-	-	-	GRM5P1	"Schizophrenia, bipolar disorder or recurrent major depressive disorder x sex interaction (3df)"	"bipolar disorder,schizophrenia,sex interaction measurement,major depressive disorder"	-	GCST012293	11:49681564	34099189	"Blokland GAM"
rs73033497-T	4E-6	-	NR	-	-	-	CARD11,GNA12	"Schizophrenia, bipolar disorder or recurrent major depressive disorder x sex interaction (3df)"	"bipolar disorder,schizophrenia,sex interaction measurement,major depressive disorder"	-	GCST012293	7:2871025	34099189	"Blokland GAM"
rs17132744-C	4E-6	-	NR	-	-	-	GNA12	"Schizophrenia, bipolar disorder or recurrent major depressive disorder x sex interaction (3df)"	"bipolar disorder,schizophrenia,sex interaction measurement,major depressive disorder"	-	GCST012293	7:2835348	34099189	"Blokland GAM"
rs4895382-G	4E-6	-	NR	-	-	-	NKAIN2	"Schizophrenia, bipolar disorder or recurrent major depressive disorder x sex interaction (3df)"	"bipolar disorder,schizophrenia,sex interaction measurement,major depressive disorder"	-	GCST012293	6:123991513	34099189	"Blokland GAM"
rs1543274-G	4E-6	-	NR	-	-	-	C6orf89,PI16	"Schizophrenia, bipolar disorder or recurrent major depressive disorder x sex interaction (3df)"	"bipolar disorder,schizophrenia,sex interaction measurement,major depressive disorder"	-	GCST012293	6:36944782	34099189	"Blokland GAM"
rs79853982-A	4E-6	-	NR	-	-	-	LINC02329,RNU6-976P	"Schizophrenia, bipolar disorder or recurrent major depressive disorder x sex interaction (3df)"	"bipolar disorder,schizophrenia,sex interaction measurement,major depressive disorder"	-	GCST012293	14:85182821	34099189	"Blokland GAM"
rs11858989-T	5E-6	-	NR	-	-	-	SLTM,RNF111	"Schizophrenia, bipolar disorder or recurrent major depressive disorder x sex interaction (3df)"	"bipolar disorder,schizophrenia,sex interaction measurement,major depressive disorder"	-	GCST012293	15:58883029	34099189	"Blokland GAM"
rs10974778-A	5E-6	-	NR	-	-	-	ECM1P1,RCL1	"Schizophrenia, bipolar disorder or recurrent major depressive disorder x sex interaction (3df)"	"bipolar disorder,schizophrenia,sex interaction measurement,major depressive disorder"	-	GCST012293	9:4785498	34099189	"Blokland GAM"
rs13265509-A	5E-6	-	NR	-	-	-	LINC02866,IDO2	"Schizophrenia, bipolar disorder or recurrent major depressive disorder x sex interaction (3df)"	"bipolar disorder,schizophrenia,sex interaction measurement,major depressive disorder"	-	GCST012293	8:40060185	34099189	"Blokland GAM"
rs11665282-G	5E-6	-	NR	-	-	-	MOCOS	"Schizophrenia, bipolar disorder or recurrent major depressive disorder x sex interaction (3df)"	"bipolar disorder,schizophrenia,sex interaction measurement,major depressive disorder"	-	GCST012293	18:36187516	34099189	"Blokland GAM"
rs9907361-T	7E-6	-	NR	-	-	-	NCBP3	"Schizophrenia, bipolar disorder or recurrent major depressive disorder x sex interaction (3df)"	"bipolar disorder,schizophrenia,sex interaction measurement,major depressive disorder"	-	GCST012293	17:3820043	34099189	"Blokland GAM"
rs7302529-T	7E-6	-	NR	-	-	-	E2F7,CSRP2	"Schizophrenia, bipolar disorder or recurrent major depressive disorder x sex interaction (3df)"	"bipolar disorder,schizophrenia,sex interaction measurement,major depressive disorder"	-	GCST012293	12:76927801	34099189	"Blokland GAM"
rs7325477-C	8E-6	-	NR	-	-	-	LINC00676,LINC00399	"Schizophrenia, bipolar disorder or recurrent major depressive disorder x sex interaction (3df)"	"bipolar disorder,schizophrenia,sex interaction measurement,major depressive disorder"	-	GCST012293	13:109409474	34099189	"Blokland GAM"
rs138417126-G	9E-6	-	NR	-	-	-	PPIAP62,FBXO11	"Schizophrenia, bipolar disorder or recurrent major depressive disorder x sex interaction (3df)"	"bipolar disorder,schizophrenia,sex interaction measurement,major depressive disorder"	-	GCST012293	2:47911653	34099189	"Blokland GAM"
rs9907361-T	2E-6	(female)	0.2069	-	"0.1174 unit decrease"	[0.069-0.166]	NCBP3	"Schizophrenia, bipolar disorder or recurrent major depressive disorder"	"disease recurrence,bipolar disorder,schizophrenia,major depressive disorder"	-	GCST012291	17:3820043	34099189	"Blokland GAM"
rs78820019-A	3E-6	(female)	0.5435	-	"0.086 unit decrease"	[0.05-0.122]	TPBG,UBE3D	"Schizophrenia, bipolar disorder or recurrent major depressive disorder"	"disease recurrence,bipolar disorder,schizophrenia,major depressive disorder"	-	GCST012291	6:82718085	34099189	"Blokland GAM"
rs71379627-T	6E-6	(female)	0.9761	-	"0.2087 unit decrease"	[0.12-0.3]	METTL9	"Schizophrenia, bipolar disorder or recurrent major depressive disorder"	"disease recurrence,bipolar disorder,schizophrenia,major depressive disorder"	-	GCST012291	16:21610646	34099189	"Blokland GAM"
rs3796696-A	7E-6	(male)	0.0725	-	"0.1393 unit increase"	[0.079-0.2]	RN7SL28P,MYL12BP2	"Schizophrenia, bipolar disorder or recurrent major depressive disorder"	"disease recurrence,bipolar disorder,schizophrenia,major depressive disorder"	-	GCST012291	4:184283978	34099189	"Blokland GAM"
rs2188307-T	5E-6	(male)	0.3753	-	"0.0648 unit decrease"	[0.037-0.093]	MDFIC,FOXP2	"Schizophrenia, bipolar disorder or recurrent major depressive disorder"	"disease recurrence,bipolar disorder,schizophrenia,major depressive disorder"	-	GCST012291	7:114859877	34099189	"Blokland GAM"
chr11:34642998-?	3E-6	(male)	0.1357	-	"0.0957 unit decrease"	[0.055-0.136]	-	"Schizophrenia, bipolar disorder or recurrent major depressive disorder"	"disease recurrence,bipolar disorder,schizophrenia,major depressive disorder"	-	GCST012291	-	34099189	"Blokland GAM"
chr4:121621077-?	4E-6	(male)	0.2315	-	"0.0878 unit decrease"	[0.05-0.125]	-	"Schizophrenia, bipolar disorder or recurrent major depressive disorder"	"disease recurrence,bipolar disorder,schizophrenia,major depressive disorder"	-	GCST012291	-	34099189	"Blokland GAM"
rs117780815-T	3E-8	-	NR	-	-	-	NKAIN2	"Schizophrenia, bipolar disorder or recurrent major depressive disorder x sex interaction (3df)"	"bipolar disorder,schizophrenia,sex interaction measurement,major depressive disorder"	-	GCST012290	6:124005082	34099189	"Blokland GAM"
rs431414-T	2E-6	-	NR	-	-	-	MINDY2	"Schizophrenia, bipolar disorder or recurrent major depressive disorder x sex interaction (3df)"	"bipolar disorder,schizophrenia,sex interaction measurement,major depressive disorder"	-	GCST012290	15:58855601	34099189	"Blokland GAM"
rs116984605-A	2E-6	-	NR	-	-	-	MTCO1P49,ZFAT	"Schizophrenia, bipolar disorder or recurrent major depressive disorder x sex interaction (3df)"	"bipolar disorder,schizophrenia,sex interaction measurement,major depressive disorder"	-	GCST012290	8:134103520	34099189	"Blokland GAM"
rs7823749-A	3E-6	-	NR	-	-	-	LNMICC,PAG1	"Schizophrenia, bipolar disorder or recurrent major depressive disorder x sex interaction (3df)"	"bipolar disorder,schizophrenia,sex interaction measurement,major depressive disorder"	-	GCST012290	8:81135593	34099189	"Blokland GAM"
rs11040472-T	3E-6	-	NR	-	-	-	GRM5P1	"Schizophrenia, bipolar disorder or recurrent major depressive disorder x sex interaction (3df)"	"bipolar disorder,schizophrenia,sex interaction measurement,major depressive disorder"	-	GCST012290	11:49681564	34099189	"Blokland GAM"
rs78745202-C	3E-6	-	NR	-	-	-	MTCO1P49,ZFAT	"Schizophrenia, bipolar disorder or recurrent major depressive disorder x sex interaction (3df)"	"bipolar disorder,schizophrenia,sex interaction measurement,major depressive disorder"	-	GCST012290	8:134100773	34099189	"Blokland GAM"
rs4895382-G	4E-6	-	NR	-	-	-	NKAIN2	"Schizophrenia, bipolar disorder or recurrent major depressive disorder x sex interaction (3df)"	"bipolar disorder,schizophrenia,sex interaction measurement,major depressive disorder"	-	GCST012290	6:123991513	34099189	"Blokland GAM"
rs73033497-T	4E-6	-	NR	-	-	-	CARD11,GNA12	"Schizophrenia, bipolar disorder or recurrent major depressive disorder x sex interaction (3df)"	"bipolar disorder,schizophrenia,sex interaction measurement,major depressive disorder"	-	GCST012290	7:2871025	34099189	"Blokland GAM"
rs17132744-C	4E-6	-	NR	-	-	-	GNA12	"Schizophrenia, bipolar disorder or recurrent major depressive disorder x sex interaction (3df)"	"bipolar disorder,schizophrenia,sex interaction measurement,major depressive disorder"	-	GCST012290	7:2835348	34099189	"Blokland GAM"
rs17302045-T	4E-6	-	NR	-	-	-	RNF111,SLTM	"Schizophrenia, bipolar disorder or recurrent major depressive disorder x sex interaction (3df)"	"bipolar disorder,schizophrenia,sex interaction measurement,major depressive disorder"	-	GCST012290	15:58907738	34099189	"Blokland GAM"
rs79853982-A	4E-6	-	NR	-	-	-	LINC02329,RNU6-976P	"Schizophrenia, bipolar disorder or recurrent major depressive disorder x sex interaction (3df)"	"bipolar disorder,schizophrenia,sex interaction measurement,major depressive disorder"	-	GCST012290	14:85182821	34099189	"Blokland GAM"
rs7897310-A	5E-6	-	NR	-	-	-	MKNK2P1,Y_RNA	"Schizophrenia, bipolar disorder or recurrent major depressive disorder x sex interaction (3df)"	"bipolar disorder,schizophrenia,sex interaction measurement,major depressive disorder"	-	GCST012290	10:36748480	34099189	"Blokland GAM"
rs10974778-A	5E-6	-	NR	-	-	-	ECM1P1,RCL1	"Schizophrenia, bipolar disorder or recurrent major depressive disorder x sex interaction (3df)"	"bipolar disorder,schizophrenia,sex interaction measurement,major depressive disorder"	-	GCST012290	9:4785498	34099189	"Blokland GAM"
rs8040598-G	5E-6	-	NR	-	-	-	THSD4	"Schizophrenia, bipolar disorder or recurrent major depressive disorder x sex interaction (3df)"	"bipolar disorder,schizophrenia,sex interaction measurement,major depressive disorder"	-	GCST012290	15:71565029	34099189	"Blokland GAM"
rs10949807-T	6E-6	-	NR	-	-	-	Y_RNA,RNF32-DT	"Schizophrenia, bipolar disorder or recurrent major depressive disorder x sex interaction (3df)"	"bipolar disorder,schizophrenia,sex interaction measurement,major depressive disorder"	-	GCST012290	7:156252298	34099189	"Blokland GAM"
rs9907361-T	7E-6	-	NR	-	-	-	NCBP3	"Schizophrenia, bipolar disorder or recurrent major depressive disorder x sex interaction (3df)"	"bipolar disorder,schizophrenia,sex interaction measurement,major depressive disorder"	-	GCST012290	17:3820043	34099189	"Blokland GAM"
rs7325477-C	7E-6	-	NR	-	-	-	LINC00676,LINC00399	"Schizophrenia, bipolar disorder or recurrent major depressive disorder x sex interaction (3df)"	"bipolar disorder,schizophrenia,sex interaction measurement,major depressive disorder"	-	GCST012290	13:109409474	34099189	"Blokland GAM"
rs138417126-G	9E-6	-	NR	-	-	-	PPIAP62,FBXO11	"Schizophrenia, bipolar disorder or recurrent major depressive disorder x sex interaction (3df)"	"bipolar disorder,schizophrenia,sex interaction measurement,major depressive disorder"	-	GCST012290	2:47911653	34099189	"Blokland GAM"
rs34662893-T	9E-6	-	NR	-	-	-	LINC02200,TMEM183AP6	"Schizophrenia, bipolar disorder or recurrent major depressive disorder x sex interaction (3df)"	"bipolar disorder,schizophrenia,sex interaction measurement,major depressive disorder"	-	GCST012290	5:112573519	34099189	"Blokland GAM"
rs12445424-A	9E-6	-	NR	-	-	-	LINC02181,LINC02188	"Schizophrenia, bipolar disorder or recurrent major depressive disorder x sex interaction (3df)"	"bipolar disorder,schizophrenia,sex interaction measurement,major depressive disorder"	-	GCST012290	16:87029768	34099189	"Blokland GAM"
rs55637058-A	5E-6	-	0.568	-	"0.2677 unit increase"	[0.15-0.38]	UBE2G1	"Schizophrenia, bipolar disorder or major depressive disorder x sex interaction"	"bipolar disorder,schizophrenia,sex interaction measurement,major depressive disorder"	-	GCST012298	17:4278341	34099189	"Blokland GAM"
rs56078032-T	5E-6	-	0.1205	-	"0.2879 unit decrease"	[0.16-0.41]	LINC02761	"Schizophrenia, bipolar disorder or major depressive disorder x sex interaction"	"bipolar disorder,schizophrenia,sex interaction measurement,major depressive disorder"	-	GCST012298	11:76213502	34099189	"Blokland GAM"
rs114979248-A	5E-6	-	0.8489	-	"0.105 unit increase"	[0.06-0.15]	LNCOG,RNU6-1271P	"Schizophrenia, bipolar disorder or major depressive disorder x sex interaction"	"bipolar disorder,schizophrenia,sex interaction measurement,major depressive disorder"	-	GCST012298	12:76142752	34099189	"Blokland GAM"
rs1965523-A	6E-6	-	0.3821	-	"0.0855 unit increase"	[0.048-0.123]	TFEC	"Schizophrenia, bipolar disorder or major depressive disorder x sex interaction"	"bipolar disorder,schizophrenia,sex interaction measurement,major depressive disorder"	-	GCST012298	7:116042384	34099189	"Blokland GAM"
rs2048997-T	7E-6	-	0.3987	-	"0.1973 unit increase"	[0.11-0.28]	FBXO28	"Schizophrenia, bipolar disorder or major depressive disorder x sex interaction"	"bipolar disorder,schizophrenia,sex interaction measurement,major depressive disorder"	-	GCST012298	1:224117784	34099189	"Blokland GAM"
rs2714300-T	7E-6	-	0.8383	-	"0.1826 unit decrease"	[0.1-0.26]	LRATD1,NBAS	"Schizophrenia, bipolar disorder or major depressive disorder x sex interaction"	"bipolar disorder,schizophrenia,sex interaction measurement,major depressive disorder"	-	GCST012298	2:14709218	34099189	"Blokland GAM"
rs12740234-A	7E-6	-	0.372	-	"0.1121 unit increase"	[0.063-0.161]	LORICRIN,PGLYRP3	"Schizophrenia, bipolar disorder or major depressive disorder x sex interaction"	"bipolar disorder,schizophrenia,sex interaction measurement,major depressive disorder"	-	GCST012298	1:153270022	34099189	"Blokland GAM"
rs10736716-C	7E-6	-	0.3639	-	"0.0825 unit increase"	[0.046-0.119]	FTH1,LINC02733	"Schizophrenia, bipolar disorder or major depressive disorder x sex interaction"	"bipolar disorder,schizophrenia,sex interaction measurement,major depressive disorder"	-	GCST012298	11:61997661	34099189	"Blokland GAM"
rs6541857-A	8E-6	-	0.7313	-	"0.0872 unit increase"	[0.049-0.125]	LINC01823,LINC01826	"Schizophrenia, bipolar disorder or major depressive disorder x sex interaction"	"bipolar disorder,schizophrenia,sex interaction measurement,major depressive disorder"	-	GCST012298	2:122763931	34099189	"Blokland GAM"
rs77523578-T	1E-5	-	0.0232	-	"0.3978 unit decrease"	[0.22-0.57]	SDCBP2-AS1,SDCBP2	"Schizophrenia, bipolar disorder or major depressive disorder x sex interaction"	"bipolar disorder,schizophrenia,sex interaction measurement,major depressive disorder"	-	GCST012298	20:1329070	34099189	"Blokland GAM"
rs4858204-A	2E-6	(female)	0.4085	-	"0.0532 unit decrease"	[0.031-0.075]	SGO1-AS1	"Schizophrenia, bipolar disorder or major depressive disorder"	"bipolar disorder,schizophrenia,major depressive disorder"	-	GCST012297	3:20446208	34099189	"Blokland GAM"
rs1944982-A	7E-6	(female)	0.2279	-	"0.0789 unit decrease"	[0.044-0.113]	CCBE1	"Schizophrenia, bipolar disorder or major depressive disorder"	"bipolar disorder,schizophrenia,major depressive disorder"	-	GCST012297	18:59544794	34099189	"Blokland GAM"
rs1965523-A	9E-6	(male)	0.3821	-	"0.0598 unit decrease"	[0.033-0.086]	TFEC	"Schizophrenia, bipolar disorder or major depressive disorder"	"bipolar disorder,schizophrenia,major depressive disorder"	-	GCST012297	7:116042384	34099189	"Blokland GAM"
rs4968712-A	1E-6	(male)	0.1671	-	"0.0763 unit increase"	[0.045-0.107]	RPL31P57,TEX2	"Schizophrenia, bipolar disorder or major depressive disorder"	"bipolar disorder,schizophrenia,major depressive disorder"	-	GCST012297	17:64278748	34099189	"Blokland GAM"
rs150890706-T	6E-6	(male)	0.06	-	"0.1247 unit decrease"	[0.071-0.179]	TCP1P3,RNU1-146P	"Schizophrenia, bipolar disorder or major depressive disorder"	"bipolar disorder,schizophrenia,major depressive disorder"	-	GCST012297	12:19815517	34099189	"Blokland GAM"
rs13359527-A	3E-6	(male)	0.9019	-	"0.1007 unit decrease"	[0.058-0.143]	ADAMTS19-AS1,ADAMTS19	"Schizophrenia, bipolar disorder or major depressive disorder"	"bipolar disorder,schizophrenia,major depressive disorder"	-	GCST012297	5:129465450	34099189	"Blokland GAM"
chr11:34642998-D	2E-6	(male)	0.1293	-	"0.0909 unit decrease"	[0.054-0.128]	-	"Schizophrenia, bipolar disorder or major depressive disorder"	"bipolar disorder,schizophrenia,major depressive disorder"	-	GCST012297	-	34099189	"Blokland GAM"
rs113785116-A	3E-6	(male)	0.9649	-	"0.1797 unit decrease"	[0.1-0.25]	CARS1P2,Y_RNA	"Schizophrenia, bipolar disorder or major depressive disorder"	"bipolar disorder,schizophrenia,major depressive disorder"	-	GCST012297	8:114156529	34099189	"Blokland GAM"
rs79970796-A	8E-6	(male)	0.0131	-	"0.5142 unit increase"	[0.29-0.74]	FTO	"Schizophrenia, bipolar disorder or major depressive disorder"	"bipolar disorder,schizophrenia,major depressive disorder"	-	GCST012297	16:53905682	34099189	"Blokland GAM"
rs4701043-A	2E-6	(male)	0.6175	-	"0.0569 unit decrease"	[0.033-0.081]	ADAMTS2,ZNF354C	"Schizophrenia, bipolar disorder or major depressive disorder"	"bipolar disorder,schizophrenia,major depressive disorder"	-	GCST012297	5:179099690	34099189	"Blokland GAM"
rs1890558-A	4E-6	(male)	0.6882	-	"0.0627 unit decrease"	[0.036-0.089]	PCSK5	"Schizophrenia, bipolar disorder or major depressive disorder"	"bipolar disorder,schizophrenia,major depressive disorder"	-	GCST012297	9:76017293	34099189	"Blokland GAM"
rs1830052-T	3E-6	(male)	0.1739	-	"0.0721 unit increase"	[0.042-0.102]	TEX2	"Schizophrenia, bipolar disorder or major depressive disorder"	"bipolar disorder,schizophrenia,major depressive disorder"	-	GCST012297	17:64224559	34099189	"Blokland GAM"
rs74984349-A	9E-6	(male)	0.9031	-	"0.0996 unit decrease"	[0.056-0.144]	ADAMTS19	"Schizophrenia, bipolar disorder or major depressive disorder"	"bipolar disorder,schizophrenia,major depressive disorder"	-	GCST012297	5:129468023	34099189	"Blokland GAM"
rs117780815-T	3E-8	-	NR	-	-	-	NKAIN2	"Schizophrenia, bipolar disorder or major depressive disorder x sex interaction (3df)"	"bipolar disorder,schizophrenia,sex interaction measurement,major depressive disorder"	-	GCST012296	6:124005082	34099189	"Blokland GAM"
rs12141273-A	4E-7	-	NR	-	-	-	GPR61,AMIGO1	"Schizophrenia, bipolar disorder or major depressive disorder x sex interaction (3df)"	"bipolar disorder,schizophrenia,sex interaction measurement,major depressive disorder"	-	GCST012296	1:109536521	34099189	"Blokland GAM"
rs12445424-A	2E-6	-	NR	-	-	[NR]	LINC02181,LINC02188	"Schizophrenia, bipolar disorder or major depressive disorder x sex interaction (3df)"	"bipolar disorder,schizophrenia,sex interaction measurement,major depressive disorder"	-	GCST012299	16:87029768	34099189	"Blokland GAM"
rs147515485-T	2E-6	-	NR	-	-	[NR]	ZNF385C	"Schizophrenia, bipolar disorder or major depressive disorder x sex interaction (3df)"	"bipolar disorder,schizophrenia,sex interaction measurement,major depressive disorder"	-	GCST012299	17:42030081	34099189	"Blokland GAM"
rs10736716-C	3E-6	-	NR	-	-	[NR]	FTH1,LINC02733	"Schizophrenia, bipolar disorder or major depressive disorder x sex interaction (3df)"	"bipolar disorder,schizophrenia,sex interaction measurement,major depressive disorder"	-	GCST012299	11:61997661	34099189	"Blokland GAM"
rs704967-T	4E-6	-	NR	-	-	[NR]	RPL35AP8,LYZL4	"Schizophrenia, bipolar disorder or major depressive disorder x sex interaction (3df)"	"bipolar disorder,schizophrenia,sex interaction measurement,major depressive disorder"	-	GCST012299	3:42432551	34099189	"Blokland GAM"
rs73033497-T	4E-6	-	NR	-	-	[NR]	CARD11,GNA12	"Schizophrenia, bipolar disorder or major depressive disorder x sex interaction (3df)"	"bipolar disorder,schizophrenia,sex interaction measurement,major depressive disorder"	-	GCST012299	7:2871025	34099189	"Blokland GAM"
rs2714300-C	4E-6	-	NR	-	-	-	LRATD1,NBAS	"Schizophrenia, bipolar disorder or major depressive disorder x sex interaction (3df)"	"bipolar disorder,schizophrenia,sex interaction measurement,major depressive disorder"	-	GCST012299	2:14709218	34099189	"Blokland GAM"
rs7897310-A	4E-6	-	NR	-	-	[NR]	MKNK2P1,Y_RNA	"Schizophrenia, bipolar disorder or major depressive disorder x sex interaction (3df)"	"bipolar disorder,schizophrenia,sex interaction measurement,major depressive disorder"	-	GCST012299	10:36748480	34099189	"Blokland GAM"
rs1543274-G	4E-6	-	NR	-	-	[NR]	C6orf89,PI16	"Schizophrenia, bipolar disorder or major depressive disorder x sex interaction (3df)"	"bipolar disorder,schizophrenia,sex interaction measurement,major depressive disorder"	-	GCST012299	6:36944782	34099189	"Blokland GAM"
rs2063640-A	5E-6	-	NR	-	-	[NR]	ZPLD1,RNU6-461P	"Schizophrenia, bipolar disorder or major depressive disorder x sex interaction (3df)"	"bipolar disorder,schizophrenia,sex interaction measurement,major depressive disorder"	-	GCST012299	3:102484201	34099189	"Blokland GAM"
rs10974778-A	5E-6	-	NR	-	-	[NR]	ECM1P1,RCL1	"Schizophrenia, bipolar disorder or major depressive disorder x sex interaction (3df)"	"bipolar disorder,schizophrenia,sex interaction measurement,major depressive disorder"	-	GCST012299	9:4785498	34099189	"Blokland GAM"
rs11142-A	7E-6	-	NR	-	-	[NR]	SORT1	"Schizophrenia, bipolar disorder or major depressive disorder x sex interaction (3df)"	"bipolar disorder,schizophrenia,sex interaction measurement,major depressive disorder"	-	GCST012299	1:109354481	34099189	"Blokland GAM"
rs11665282-G	8E-6	-	NR	-	-	[NR]	MOCOS	"Schizophrenia, bipolar disorder or major depressive disorder x sex interaction (3df)"	"bipolar disorder,schizophrenia,sex interaction measurement,major depressive disorder"	-	GCST012299	18:36187516	34099189	"Blokland GAM"
rs12685933-C	9E-6	-	NR	-	-	[NR]	TRPM3,KLF9	"Schizophrenia, bipolar disorder or major depressive disorder x sex interaction (3df)"	"bipolar disorder,schizophrenia,sex interaction measurement,major depressive disorder"	-	GCST012299	9:70428471	34099189	"Blokland GAM"
rs4648996-C	1E-5	-	NR	-	-	[NR]	NCMAP	"Schizophrenia, bipolar disorder or major depressive disorder x sex interaction (3df)"	"bipolar disorder,schizophrenia,sex interaction measurement,major depressive disorder"	-	GCST012299	1:24573039	34099189	"Blokland GAM"
rs10873203-G	1E-5	-	NR	-	-	[NR]	TMEM229B	"Schizophrenia, bipolar disorder or major depressive disorder x sex interaction (3df)"	"bipolar disorder,schizophrenia,sex interaction measurement,major depressive disorder"	-	GCST012299	14:67507788	34099189	"Blokland GAM"
rs11858989-T	1E-6	-	NR	-	-	-	SLTM,RNF111	"Schizophrenia, bipolar disorder or major depressive disorder x sex interaction (3df)"	"bipolar disorder,schizophrenia,sex interaction measurement,major depressive disorder"	-	GCST012299	15:58883029	34099189	"Blokland GAM"
rs139414355-T	7E-6	-	NR	-	-	-	DNAJC7	"Schizophrenia, bipolar disorder or major depressive disorder x sex interaction (3df)"	"bipolar disorder,schizophrenia,sex interaction measurement,major depressive disorder"	-	GCST012299	17:41993935	34099189	"Blokland GAM"
rs73033411-C	7E-6	-	NR	-	-	-	GNA12	"Schizophrenia, bipolar disorder or major depressive disorder x sex interaction (3df)"	"bipolar disorder,schizophrenia,sex interaction measurement,major depressive disorder"	-	GCST012299	7:2841916	34099189	"Blokland GAM"
rs2063640-A	4E-7	-	0.1128	-	"0.186 unit decrease"	[0.11-0.26]	ZPLD1,RNU6-461P	"Schizophrenia, bipolar disorder or major depressive disorder x sex interaction"	"bipolar disorder,schizophrenia,sex interaction measurement,major depressive disorder"	-	GCST012298	3:102484201	34099189	"Blokland GAM"
rs7914279-T	6E-7	-	0.8927	-	"0.1455 unit increase"	[0.088-0.203]	PLPP4,RPL21P16	"Schizophrenia, bipolar disorder or major depressive disorder x sex interaction"	"bipolar disorder,schizophrenia,sex interaction measurement,major depressive disorder"	-	GCST012298	10:120402378	34099189	"Blokland GAM"
rs73033497-A	9E-7	-	0.8644	-	"0.2462 unit increase"	[0.15-0.34]	CARD11,GNA12	"Schizophrenia, bipolar disorder or major depressive disorder x sex interaction"	"bipolar disorder,schizophrenia,sex interaction measurement,major depressive disorder"	-	GCST012298	7:2871025	34099189	"Blokland GAM"
rs7302529-T	9E-7	-	0.2543	-	"0.1327 unit increase"	[0.08-0.186]	E2F7,CSRP2	"Schizophrenia, bipolar disorder or major depressive disorder x sex interaction"	"bipolar disorder,schizophrenia,sex interaction measurement,major depressive disorder"	-	GCST012298	12:76927801	34099189	"Blokland GAM"
rs9907361-T	1E-6	-	0.2066	-	"0.1588 unit decrease"	[0.095-0.223]	NCBP3	"Schizophrenia, bipolar disorder or major depressive disorder x sex interaction"	"bipolar disorder,schizophrenia,sex interaction measurement,major depressive disorder"	-	GCST012298	17:3820043	34099189	"Blokland GAM"
rs8040598-A	1E-6	-	0.8668	-	"0.1666 unit increase"	[0.099-0.234]	THSD4	"Schizophrenia, bipolar disorder or major depressive disorder x sex interaction"	"bipolar disorder,schizophrenia,sex interaction measurement,major depressive disorder"	-	GCST012298	15:71565029	34099189	"Blokland GAM"
rs190112169-A	3E-6	-	0.0111	-	"0.4479 unit decrease"	[0.26-0.63]	FAAH,NSUN4	"Schizophrenia, bipolar disorder or major depressive disorder x sex interaction"	"bipolar disorder,schizophrenia,sex interaction measurement,major depressive disorder"	-	GCST012298	1:46389429	34099189	"Blokland GAM"
rs73033497-A	9E-7	-	NR	-	"0.2462 unit increase"	[0.15-0.34]	CARD11,GNA12	"Schizophrenia, bipolar disorder or major depressive disorder x sex interaction"	"bipolar disorder,schizophrenia,sex interaction measurement,major depressive disorder"	-	GCST012301	7:2871025	34099189	"Blokland GAM"
rs9907361-T	1E-6	-	NR	-	"0.1588 unit decrease"	[0.095-0.223]	NCBP3	"Schizophrenia, bipolar disorder or major depressive disorder x sex interaction"	"bipolar disorder,schizophrenia,sex interaction measurement,major depressive disorder"	-	GCST012301	17:3820043	34099189	"Blokland GAM"
rs190112169-A	3E-6	-	NR	-	"0.4479 unit decrease"	[0.26-0.63]	FAAH,NSUN4	"Schizophrenia, bipolar disorder or major depressive disorder x sex interaction"	"bipolar disorder,schizophrenia,sex interaction measurement,major depressive disorder"	-	GCST012301	1:46389429	34099189	"Blokland GAM"
rs7914279-T	5E-6	-	NR	-	"0.1396 unit increase"	[0.08-0.199]	PLPP4,RPL21P16	"Schizophrenia, bipolar disorder or major depressive disorder x sex interaction"	"bipolar disorder,schizophrenia,sex interaction measurement,major depressive disorder"	-	GCST012301	10:120402378	34099189	"Blokland GAM"
rs57280117-A	5E-6	-	NR	-	"0.0839 unit decrease"	[0.048-0.12]	FTH1,LINC02733	"Schizophrenia, bipolar disorder or major depressive disorder x sex interaction"	"bipolar disorder,schizophrenia,sex interaction measurement,major depressive disorder"	-	GCST012301	11:61993757	34099189	"Blokland GAM"
rs12898878-T	5E-6	-	NR	-	"0.1375 unit decrease"	[0.078-0.197]	SHC4	"Schizophrenia, bipolar disorder or major depressive disorder x sex interaction"	"bipolar disorder,schizophrenia,sex interaction measurement,major depressive disorder"	-	GCST012301	15:48946233	34099189	"Blokland GAM"
rs7911793-T	6E-6	-	NR	-	"0.2136 unit decrease"	[0.12-0.31]	ADAM12	"Schizophrenia, bipolar disorder or major depressive disorder x sex interaction"	"bipolar disorder,schizophrenia,sex interaction measurement,major depressive disorder"	-	GCST012301	10:126042966	34099189	"Blokland GAM"
rs12740234-A	7E-6	-	NR	-	"0.1154 unit increase"	[0.065-0.166]	LORICRIN,PGLYRP3	"Schizophrenia, bipolar disorder or major depressive disorder x sex interaction"	"bipolar disorder,schizophrenia,sex interaction measurement,major depressive disorder"	-	GCST012301	1:153270022	34099189	"Blokland GAM"
rs2714300-T	7E-6	-	NR	-	"0.1826 unit decrease"	[0.1-0.26]	LRATD1,NBAS	"Schizophrenia, bipolar disorder or major depressive disorder x sex interaction"	"bipolar disorder,schizophrenia,sex interaction measurement,major depressive disorder"	-	GCST012301	2:14709218	34099189	"Blokland GAM"
rs10179057-T	7E-6	-	NR	-	"0.3843 unit increase"	[0.22-0.55]	LRP1B	"Schizophrenia, bipolar disorder or major depressive disorder x sex interaction"	"bipolar disorder,schizophrenia,sex interaction measurement,major depressive disorder"	-	GCST012301	2:141877338	34099189	"Blokland GAM"
rs56078032-T	8E-6	-	NR	-	"0.2849 unit decrease"	[0.16-0.41]	LINC02761	"Schizophrenia, bipolar disorder or major depressive disorder x sex interaction"	"bipolar disorder,schizophrenia,sex interaction measurement,major depressive disorder"	-	GCST012301	11:76213502	34099189	"Blokland GAM"
rs6849932-T	8E-6	-	NR	-	"0.1981 unit decrease"	[0.11-0.29]	LINC02497,LINC02501	"Schizophrenia, bipolar disorder or major depressive disorder x sex interaction"	"bipolar disorder,schizophrenia,sex interaction measurement,major depressive disorder"	-	GCST012301	4:31359950	34099189	"Blokland GAM"
rs77523578-T	1E-5	-	NR	-	"0.3978 unit decrease"	[0.22-0.57]	SDCBP2-AS1,SDCBP2	"Schizophrenia, bipolar disorder or major depressive disorder x sex interaction"	"bipolar disorder,schizophrenia,sex interaction measurement,major depressive disorder"	-	GCST012301	20:1329070	34099189	"Blokland GAM"
rs7302529-T	5E-6	(female)	NR	-	"0.0874 unit increase"	[0.05-0.125]	E2F7,CSRP2	"Schizophrenia, bipolar disorder or major depressive disorder"	"bipolar disorder,schizophrenia,major depressive disorder"	-	GCST012300	12:76927801	34099189	"Blokland GAM"
rs4858204-A	4E-6	(female)	NR	-	"0.0518 unit decrease"	[0.03-0.074]	SGO1-AS1	"Schizophrenia, bipolar disorder or major depressive disorder"	"bipolar disorder,schizophrenia,major depressive disorder"	-	GCST012300	3:20446208	34099189	"Blokland GAM"
rs113785116-A	9E-7	(male)	NR	-	"0.19 unit decrease"	[0.11-0.27]	CARS1P2,Y_RNA	"Schizophrenia, bipolar disorder or major depressive disorder"	"bipolar disorder,schizophrenia,major depressive disorder"	-	GCST012300	8:114156529	34099189	"Blokland GAM"
rs4701043-A	5E-7	(male)	NR	-	"0.0616 unit decrease"	[0.037-0.086]	ADAMTS2,ZNF354C	"Schizophrenia, bipolar disorder or major depressive disorder"	"bipolar disorder,schizophrenia,major depressive disorder"	-	GCST012300	5:179099690	34099189	"Blokland GAM"
rs2130709-A	6E-6	(male)	NR	-	"0.1655 unit decrease"	[0.094-0.237]	DCHS2	"Schizophrenia, bipolar disorder or major depressive disorder"	"bipolar disorder,schizophrenia,major depressive disorder"	-	GCST012300	4:154367038	34099189	"Blokland GAM"
rs79970796-A	8E-6	(male)	NR	-	"0.5142 unit increase"	[0.29-0.74]	FTO	"Schizophrenia, bipolar disorder or major depressive disorder"	"bipolar disorder,schizophrenia,major depressive disorder"	-	GCST012300	16:53905682	34099189	"Blokland GAM"
rs4968711-T	4E-6	(male)	NR	-	"0.0717 unit decrease"	[0.041-0.102]	TEX2	"Schizophrenia, bipolar disorder or major depressive disorder"	"bipolar disorder,schizophrenia,major depressive disorder"	-	GCST012300	17:64257715	34099189	"Blokland GAM"
rs1890558-A	4E-6	(male)	NR	-	"0.0627 unit decrease"	[0.036-0.089]	PCSK5	"Schizophrenia, bipolar disorder or major depressive disorder"	"bipolar disorder,schizophrenia,major depressive disorder"	-	GCST012300	9:76017293	34099189	"Blokland GAM"
rs117780815-T	3E-8	-	NR	-	-	[NR]	NKAIN2	"Schizophrenia, bipolar disorder or major depressive disorder x sex interaction (3df)"	"bipolar disorder,schizophrenia,sex interaction measurement,major depressive disorder"	-	GCST012299	6:124005082	34099189	"Blokland GAM"
rs12141273-A	4E-7	-	NR	-	-	[NR]	GPR61,AMIGO1	"Schizophrenia, bipolar disorder or major depressive disorder x sex interaction (3df)"	"bipolar disorder,schizophrenia,sex interaction measurement,major depressive disorder"	-	GCST012299	1:109536521	34099189	"Blokland GAM"
rs431414-T	5E-7	-	NR	-	-	[NR]	MINDY2	"Schizophrenia, bipolar disorder or major depressive disorder x sex interaction (3df)"	"bipolar disorder,schizophrenia,sex interaction measurement,major depressive disorder"	-	GCST012299	15:58855601	34099189	"Blokland GAM"
rs7302529-T	2E-6	-	NR	-	-	[NR]	E2F7,CSRP2	"Schizophrenia, bipolar disorder or major depressive disorder x sex interaction (3df)"	"bipolar disorder,schizophrenia,sex interaction measurement,major depressive disorder"	-	GCST012299	12:76927801	34099189	"Blokland GAM"
rs7302529-T	2E-7	-	NR	-	"0.1448 unit increase"	[0.091-0.199]	E2F7,CSRP2	"Schizophrenia, bipolar disorder or major depressive disorder x sex interaction"	"bipolar disorder,schizophrenia,sex interaction measurement,major depressive disorder"	-	GCST012301	12:76927801	34099189	"Blokland GAM"
rs2063640-A	5E-7	-	NR	-	"0.191 unit decrease"	[0.12-0.27]	ZPLD1,RNU6-461P	"Schizophrenia, bipolar disorder or major depressive disorder x sex interaction"	"bipolar disorder,schizophrenia,sex interaction measurement,major depressive disorder"	-	GCST012301	3:102484201	34099189	"Blokland GAM"
rs12341335-C	1E-5	-	NR	-	-	-	RN7SKP120,TUSC1	"Schizophrenia, bipolar disorder or recurrent major depressive disorder x sex interaction (3df)"	"bipolar disorder,schizophrenia,sex interaction measurement,major depressive disorder"	-	GCST012290	9:25649147	34099189	"Blokland GAM"
rs549779-?	6E-9	-	NR	-	-	-	DENND1A	"Type 2 diabetes and Major depressive disorder or obsessive compulsive disorder"	"obsessive-compulsive symptom measurement,type 2 diabetes mellitus,major depressive disorder"	-	GCST90624680	9:123850749	36738649	"Ding H"
rs9805634-?	1E-8	-	NR	-	-	-	RN7SL618P,ZNF646P1	"Type 2 diabetes and Major depressive disorder or obsessive compulsive disorder"	"obsessive-compulsive symptom measurement,type 2 diabetes mellitus,major depressive disorder"	-	GCST90624680	13:53289469	36738649	"Ding H"
rs6063085-?	5E-8	-	NR	-	-	-	ZMYND8	"Type 2 diabetes and Major depressive disorder or obsessive compulsive disorder"	"obsessive-compulsive symptom measurement,type 2 diabetes mellitus,major depressive disorder"	-	GCST90624680	20:47211814	36738649	"Ding H"
rs10077431-?	4E-9	-	NR	-	-	-	YTHDC2	"Type 2 diabetes and Major depressive disorder or schyzophrenia"	"schizophrenia,type 2 diabetes mellitus,major depressive disorder"	-	GCST90624679	5:113591989	36738649	"Ding H"
rs12433366-?	1E-9	-	NR	-	-	-	TRAF3	"Type 2 diabetes and Attention deficit hiperactivty disorder or Major depressive disorder or schyzophrenia"	"attention deficit hyperactivity disorder,schizophrenia,type 2 diabetes mellitus,major depressive disorder"	-	GCST90624685	14:102821832	36738649	"Ding H"
rs7600261-?	3E-9	-	NR	-	-	-	ERBB4	"Type 2 diabetes and Attention deficit hiperactivty disorder or Major depressive disorder or schyzophrenia"	"attention deficit hyperactivity disorder,schizophrenia,type 2 diabetes mellitus,major depressive disorder"	-	GCST90624685	2:211758093	36738649	"Ding H"
rs11603576-?	8E-13	-	NR	-	-	-	NOX4P1	"Type 2 diabetes and Attention deficit hiperactivty disorder or Major depressive disorder"	"attention deficit hyperactivity disorder,type 2 diabetes mellitus,major depressive disorder"	-	GCST90624673	11:49322574	36738649	"Ding H"
rs6466631-?	5E-14	-	NR	-	-	-	CTTNBP2,LSM8	"Type 2 diabetes and Attention deficit hiperactivty disorder or Major depressive disorder"	"attention deficit hyperactivity disorder,type 2 diabetes mellitus,major depressive disorder"	-	GCST90624673	7:117911909	36738649	"Ding H"
rs534815-?	1E-10	-	NR	-	-	-	GRM5	"Type 2 diabetes and Attention deficit hiperactivty disorder or Major depressive disorder"	"attention deficit hyperactivity disorder,type 2 diabetes mellitus,major depressive disorder"	-	GCST90624673	11:88971750	36738649	"Ding H"
rs4890356-?	2E-9	-	NR	-	-	-	NPM1P1,KC6	"Type 2 diabetes and Attention deficit hiperactivty disorder or Major depressive disorder"	"attention deficit hyperactivity disorder,type 2 diabetes mellitus,major depressive disorder"	-	GCST90624673	18:41724012	36738649	"Ding H"
rs524114-?	2E-8	-	NR	-	-	-	SGIP1	"Type 2 diabetes and Anorexia nervosa or Major depressive disorder"	"anorexia nervosa,type 2 diabetes mellitus,major depressive disorder"	-	GCST90624676	1:66722652	36738649	"Ding H"
rs56059718-?	3E-8	-	NR	-	-	-	RASGRP1	"Type 2 diabetes and Major depressive disorder or schyzophrenia"	"schizophrenia,type 2 diabetes mellitus,major depressive disorder"	-	GCST90624679	15:38544576	36738649	"Ding H"
rs11039873-?	4E-11	-	NR	-	-	-	OR4A42P,OR4A41P	"Type 2 diabetes and Attention deficit hiperactivty disorder or Major depressive disorder"	"attention deficit hyperactivity disorder,type 2 diabetes mellitus,major depressive disorder"	-	GCST90624673	11:48608613	36738649	"Ding H"
rs363092-?	1E-10	-	NR	-	-	-	HTT	"Type 2 diabetes and Attention deficit hiperactivty disorder or Major depressive disorder"	"attention deficit hyperactivity disorder,type 2 diabetes mellitus,major depressive disorder"	-	GCST90624673	4:3194302	36738649	"Ding H"
rs2225434-?	3E-11	-	NR	-	-	-	ADARB1	"Type 2 diabetes and Attention deficit hiperactivty disorder or Major depressive disorder"	"attention deficit hyperactivity disorder,type 2 diabetes mellitus,major depressive disorder"	-	GCST90624673	21:45214231	36738649	"Ding H"
rs11764780-?	1E-15	-	NR	-	-	-	MAD1L1	"Type 2 diabetes and Attention deficit hiperactivty disorder or Major depressive disorder or obsessive compulsive disorder"	"attention deficit hyperactivity disorder,obsessive-compulsive symptom measurement,type 2 diabetes mellitus,major depressive disorder"	-	GCST90624686	7:1981269	36738649	"Ding H"
rs10786319-?	2E-9	-	NR	-	-	-	ARHGAP19-SLIT1,ARHGAP19	"Type 2 diabetes and Attention deficit hiperactivty disorder or Major depressive disorder or obsessive compulsive disorder"	"attention deficit hyperactivity disorder,obsessive-compulsive symptom measurement,type 2 diabetes mellitus,major depressive disorder"	-	GCST90624686	10:97249194	36738649	"Ding H"
rs35023999-?	3E-8	-	NR	-	-	-	ANKK1	"Type 2 diabetes and Attention deficit hiperactivty disorder or Major depressive disorder or obsessive compulsive disorder"	"attention deficit hyperactivity disorder,obsessive-compulsive symptom measurement,type 2 diabetes mellitus,major depressive disorder"	-	GCST90624686	11:113395689	36738649	"Ding H"
rs17041624-?	5E-8	-	NR	-	-	-	NRXN1-DT	"Type 2 diabetes and Attention deficit hiperactivty disorder or Major depressive disorder or obsessive compulsive disorder"	"attention deficit hyperactivity disorder,obsessive-compulsive symptom measurement,type 2 diabetes mellitus,major depressive disorder"	-	GCST90624686	2:51354715	36738649	"Ding H"
rs4687658-?	1E-12	-	NR	-	-	-	ITIH4	"Type 2 diabetes and Major depressive disorder or schyzophrenia or obsessive compulsive disorder"	"schizophrenia,obsessive-compulsive symptom measurement,type 2 diabetes mellitus,major depressive disorder"	-	GCST90624691	3:52826350	36738649	"Ding H"
rs9294198-?	8E-10	-	NR	-	-	-	EEF1B2P5,LGSN	"Type 2 diabetes and Major depressive disorder or schyzophrenia or obsessive compulsive disorder"	"schizophrenia,obsessive-compulsive symptom measurement,type 2 diabetes mellitus,major depressive disorder"	-	GCST90624691	6:63427088	36738649	"Ding H"
rs1472169-?	8E-9	-	NR	-	-	-	ZCCHC7	"Type 2 diabetes and Major depressive disorder or schyzophrenia or obsessive compulsive disorder"	"schizophrenia,obsessive-compulsive symptom measurement,type 2 diabetes mellitus,major depressive disorder"	-	GCST90624691	9:37209399	36738649	"Ding H"
rs10007459-?	1E-8	-	NR	-	-	-	BANK1	"Type 2 diabetes and Major depressive disorder or schyzophrenia or obsessive compulsive disorder"	"schizophrenia,obsessive-compulsive symptom measurement,type 2 diabetes mellitus,major depressive disorder"	-	GCST90624691	4:101530553	36738649	"Ding H"
rs813043-?	2E-15	-	NR	-	-	-	TCF4,LINC01415	"Type 2 diabetes and Anorexia nervosa or Major depressive disorder or obsessive compulsive disorder"	"obsessive-compulsive symptom measurement,anorexia nervosa,type 2 diabetes mellitus,major depressive disorder"	-	GCST90624689	18:55737463	36738649	"Ding H"
rs11209950-?	3E-21	-	NR	-	-	-	LINC02796	"Type 2 diabetes and Anorexia nervosa or Major depressive disorder or obsessive compulsive disorder"	"obsessive-compulsive symptom measurement,anorexia nervosa,type 2 diabetes mellitus,major depressive disorder"	-	GCST90624689	1:72363997	36738649	"Ding H"
rs111835882-?	2E-8	-	NR	-	-	-	TENM2	"Type 2 diabetes and Anorexia nervosa or Major depressive disorder or obsessive compulsive disorder"	"obsessive-compulsive symptom measurement,anorexia nervosa,type 2 diabetes mellitus,major depressive disorder"	-	GCST90624689	5:168007255	36738649	"Ding H"
rs4383351-?	7E-9	-	NR	-	-	-	RN7SL423P,RBMS1	"Type 2 diabetes and Anorexia nervosa or Major depressive disorder or schyzophrenia"	"schizophrenia,anorexia nervosa,type 2 diabetes mellitus,major depressive disorder"	-	GCST90624688	2:160677657	36738649	"Ding H"
rs61783213-?	3E-7	"(East Asian)"	NR	-	-	-	LINC02567,ST6GALNAC5	"Depression, cognition and memory (multivariate analysis)"	"memory performance,cognitive function measurement,major depressive disorder"	-	GCST90134646	1:76794648	35907915	"Sun J"
rs533752605-?	4E-7	"(East Asian)"	NR	-	-	-	SRRM1P2,LINC00971	"Depression, cognition and memory (multivariate analysis)"	"memory performance,cognitive function measurement,major depressive disorder"	-	GCST90134646	3:84366322	35907915	"Sun J"
rs73198369-?	7E-7	"(East Asian)"	NR	-	-	-	RNU6-1325P,LINC02496	"Depression, cognition and memory (multivariate analysis)"	"memory performance,cognitive function measurement,major depressive disorder"	-	GCST90134646	4:60000250	35907915	"Sun J"
rs67007022-?	3E-7	"(East Asian)"	NR	-	-	-	LINC00290,NDUFB5P1	"Depression, cognition and memory (multivariate analysis)"	"memory performance,cognitive function measurement,major depressive disorder"	-	GCST90134646	4:180604387	35907915	"Sun J"
rs12210323-?	2E-7	"(East Asian)"	NR	-	-	-	KIAA0319	"Depression, cognition and memory (multivariate analysis)"	"memory performance,cognitive function measurement,major depressive disorder"	-	GCST90134646	6:24591500	35907915	"Sun J"
rs374850664-?	7E-7	"(East Asian)"	NR	-	-	-	TET1	"Depression, cognition and memory (multivariate analysis)"	"memory performance,cognitive function measurement,major depressive disorder"	-	GCST90134646	10:68576349	35907915	"Sun J"
rs7898805-?	9E-7	"(East Asian)"	NR	-	-	-	LINC03036	"Depression, cognition and memory (multivariate analysis)"	"memory performance,cognitive function measurement,major depressive disorder"	-	GCST90134646	10:118806921	35907915	"Sun J"
rs9589468-?	3E-7	"(East Asian)"	NR	-	-	-	GPC5	"Depression, cognition and memory (multivariate analysis)"	"memory performance,cognitive function measurement,major depressive disorder"	-	GCST90134646	13:92264015	35907915	"Sun J"
rs34631623-?	1E-6	"(East Asian)"	NR	-	-	-	TRAPPC8	"Depression, cognition and memory (multivariate analysis)"	"memory performance,cognitive function measurement,major depressive disorder"	-	GCST90134646	18:31858059	35907915	"Sun J"
rs3967317-?	1E-8	"(East Asian)"	NR	-	-	-	CNTN4	"Depression, cognition and memory (multivariate analysis)"	"memory performance,cognitive function measurement,major depressive disorder"	-	GCST90134646	3:3017023	35907915	"Sun J"
rs9261381-?	6E-7	"(East Asian)"	NR	-	-	-	RNF39,TRIM31-AS1	"Depression, cognition and memory (multivariate analysis)"	"memory performance,cognitive function measurement,major depressive disorder"	-	GCST90134646	6:30092225	35907915	"Sun J"
rs7056938-?	1E-6	"(East Asian)"	NR	-	-	-	CAPZA1P1,CPXCR1	"Depression, cognition and memory (multivariate analysis)"	"memory performance,cognitive function measurement,major depressive disorder"	-	GCST90134646	X:88433359	35907915	"Sun J"
rs4985694-?	2E-6	"(East Asian)"	NR	-	-	-	TNFRSF13B	"Depression, cognition and memory (multivariate analysis)"	"memory performance,cognitive function measurement,major depressive disorder"	-	GCST90134646	17:16958018	35907915	"Sun J"
rs1331848-?	2E-6	"(East Asian)"	NR	-	-	-	TEX26	"Depression, cognition and memory (multivariate analysis)"	"memory performance,cognitive function measurement,major depressive disorder"	-	GCST90134646	13:30934587	35907915	"Sun J"
rs148579586-?	1E-9	-	NR	-	"0.101 unit increase"	[0.068-0.134]	LINC01924,SERPINB8	"GAD-7 and PHQ-9 factor nervousness"	"nervousness,generalized anxiety disorder,major depressive disorder"	-	GCST90292533	18:64025735	37164147	"Li C"
rs201074060-?	4E-9	-	NR	-	"0.099 unit increase"	[0.066-0.132]	LINC01924	"GAD-7 and PHQ-9 factor nervousness"	"nervousness,generalized anxiety disorder,major depressive disorder"	-	GCST90292533	18:64052114	37164147	"Li C"
rs1715-T	6E-7	"(5 degree of freedom test)"	NR	1.41	-	[1.29-1.53]	ZNF615	"Autism spectrum disorder, attention deficit-hyperactivity disorder, bipolar disorder, major depressive disorder, and schizophrenia (combined)"	"attention deficit hyperactivity disorder,bipolar disorder,autism spectrum disorder,schizophrenia,major depressive disorder"	-	GCST001877	19:51991525	23453885	"Smoller JW"
rs3132581-G	2E-7	"(Modelling analysis)"	NR	-	-	-	MUCL3,SFTA2	"Autism spectrum disorder, attention deficit-hyperactivity disorder, bipolar disorder, major depressive disorder, and schizophrenia (combined)"	"attention deficit hyperactivity disorder,bipolar disorder,autism spectrum disorder,schizophrenia,major depressive disorder"	-	GCST001877	6:30945681	23453885	"Smoller JW"
rs12576775-?	4E-8	"(Modelling analysis)"	0.175	-	-	-	TENM4	"Autism spectrum disorder, attention deficit-hyperactivity disorder, bipolar disorder, major depressive disorder, and schizophrenia (combined)"	"attention deficit hyperactivity disorder,bipolar disorder,autism spectrum disorder,schizophrenia,major depressive disorder"	-	GCST001877	11:79366149	23453885	"Smoller JW"
rs2021722-?	2E-12	"(Modelling analysis)"	0.789	-	-	-	TRIM26	"Autism spectrum disorder, attention deficit-hyperactivity disorder, bipolar disorder, major depressive disorder, and schizophrenia (combined)"	"attention deficit hyperactivity disorder,bipolar disorder,autism spectrum disorder,schizophrenia,major depressive disorder"	-	GCST001877	6:30206354	23453885	"Smoller JW"
rs12966547-?	3E-10	"(Modelling analysis)"	0.588	-	-	-	CCDC68,LINC01929	"Autism spectrum disorder, attention deficit-hyperactivity disorder, bipolar disorder, major depressive disorder, and schizophrenia (combined)"	"attention deficit hyperactivity disorder,bipolar disorder,autism spectrum disorder,schizophrenia,major depressive disorder"	-	GCST001877	18:55084786	23453885	"Smoller JW"
rs7914558-?	2E-9	"(Modelling analysis)"	0.587	-	-	-	CNNM2	"Autism spectrum disorder, attention deficit-hyperactivity disorder, bipolar disorder, major depressive disorder, and schizophrenia (combined)"	"attention deficit hyperactivity disorder,bipolar disorder,autism spectrum disorder,schizophrenia,major depressive disorder"	-	GCST001877	10:103016151	23453885	"Smoller JW"
rs703970-C	5E-6	"(5 degree of freedom test)"	NR	1.01	-	[0.99-1.03]	ZMIZ1	"Autism spectrum disorder, attention deficit-hyperactivity disorder, bipolar disorder, major depressive disorder, and schizophrenia (combined)"	"attention deficit hyperactivity disorder,bipolar disorder,autism spectrum disorder,schizophrenia,major depressive disorder"	-	GCST001877	10:79193379	23453885	"Smoller JW"
rs10503253-?	4E-8	"(Modelling analysis)"	0.193	-	-	-	CSMD1	"Autism spectrum disorder, attention deficit-hyperactivity disorder, bipolar disorder, major depressive disorder, and schizophrenia (combined)"	"attention deficit hyperactivity disorder,bipolar disorder,autism spectrum disorder,schizophrenia,major depressive disorder"	-	GCST001877	8:4323322	23453885	"Smoller JW"
rs11827962-C	6E-6	"(5 degree of freedom test)"	NR	1.044	-	[0.94-1.15]	SLC17A6-DT	"Autism spectrum disorder, attention deficit-hyperactivity disorder, bipolar disorder, major depressive disorder, and schizophrenia (combined)"	"attention deficit hyperactivity disorder,bipolar disorder,autism spectrum disorder,schizophrenia,major depressive disorder"	-	GCST001877	11:22291020	23453885	"Smoller JW"
rs159788-G	7E-6	"(5 degree of freedom test)"	NR	1.012	-	[0.97-1.05]	ADRA1D,RPL7AP12	"Autism spectrum disorder, attention deficit-hyperactivity disorder, bipolar disorder, major depressive disorder, and schizophrenia (combined)"	"attention deficit hyperactivity disorder,bipolar disorder,autism spectrum disorder,schizophrenia,major depressive disorder"	-	GCST001877	20:4371457	23453885	"Smoller JW"
rs11587682-C	7E-6	"(5 degree of freedom test)"	NR	1.086	-	[1.05-1.12]	PRPF3	"Autism spectrum disorder, attention deficit-hyperactivity disorder, bipolar disorder, major depressive disorder, and schizophrenia (combined)"	"attention deficit hyperactivity disorder,bipolar disorder,autism spectrum disorder,schizophrenia,major depressive disorder"	-	GCST001877	1:150351808	23453885	"Smoller JW"
rs7597593-T	8E-6	"(5 degree of freedom test)"	NR	1.055	-	[1.03-1.08]	ZNF804A	"Autism spectrum disorder, attention deficit-hyperactivity disorder, bipolar disorder, major depressive disorder, and schizophrenia (combined)"	"attention deficit hyperactivity disorder,bipolar disorder,autism spectrum disorder,schizophrenia,major depressive disorder"	-	GCST001877	2:184668853	23453885	"Smoller JW"
rs6435387-G	8E-6	"(5 degree of freedom test)"	NR	1.129	-	[1.06-1.19]	KIF5C	"Autism spectrum disorder, attention deficit-hyperactivity disorder, bipolar disorder, major depressive disorder, and schizophrenia (combined)"	"attention deficit hyperactivity disorder,bipolar disorder,autism spectrum disorder,schizophrenia,major depressive disorder"	-	GCST001877	2:149008736	23453885	"Smoller JW"
rs7004633-?	3E-8	"(Modelling analysis)"	0.184	-	-	-	RLIG1P3,RPSAP74	"Autism spectrum disorder, attention deficit-hyperactivity disorder, bipolar disorder, major depressive disorder, and schizophrenia (combined)"	"attention deficit hyperactivity disorder,bipolar disorder,autism spectrum disorder,schizophrenia,major depressive disorder"	-	GCST001877	8:88748082	23453885	"Smoller JW"
rs7565792-C	7E-6	"(5 degree of freedom test)"	NR	1.03	-	[1.00-1.06]	PPP1R21-DT,FOXN2	"Autism spectrum disorder, attention deficit-hyperactivity disorder, bipolar disorder, major depressive disorder, and schizophrenia (combined)"	"attention deficit hyperactivity disorder,bipolar disorder,autism spectrum disorder,schizophrenia,major depressive disorder"	-	GCST001877	2:48422566	23453885	"Smoller JW"
rs10994397-?	7E-9	-	0.065	-	-	-	ANK3	"Autism spectrum disorder, attention deficit-hyperactivity disorder, bipolar disorder, major depressive disorder, and schizophrenia (combined)"	"attention deficit hyperactivity disorder,bipolar disorder,autism spectrum disorder,schizophrenia,major depressive disorder"	-	GCST001877	10:60519366	23453885	"Smoller JW"
rs1533087-T	9E-6	"(Modelling analysis)"	NR	1.06	-	[1.03-1.09]	TCF15,SRXN1	"Autism spectrum disorder, attention deficit-hyperactivity disorder, bipolar disorder, major depressive disorder, and schizophrenia (combined)"	"attention deficit hyperactivity disorder,bipolar disorder,autism spectrum disorder,schizophrenia,major depressive disorder"	-	GCST001877	20:614136	23453885	"Smoller JW"
rs1107592-A	5E-6	"(Modelling analysis)"	NR	1.06	-	[1.03-1.09]	MAD1L1	"Autism spectrum disorder, attention deficit-hyperactivity disorder, bipolar disorder, major depressive disorder, and schizophrenia (combined)"	"attention deficit hyperactivity disorder,bipolar disorder,autism spectrum disorder,schizophrenia,major depressive disorder"	-	GCST001877	7:2001797	23453885	"Smoller JW"
rs2252865-T	5E-7	"(5 degree of freedom test)"	NR	1.03	-	[1.00-1.06]	RERE	"Autism spectrum disorder, attention deficit-hyperactivity disorder, bipolar disorder, major depressive disorder, and schizophrenia (combined)"	"attention deficit hyperactivity disorder,bipolar disorder,autism spectrum disorder,schizophrenia,major depressive disorder"	-	GCST001877	1:8362616	23453885	"Smoller JW"
rs12325410-T	1E-6	"(Modelling analysis)"	NR	1.09	-	[1.05-1.13]	LINC02177	"Autism spectrum disorder, attention deficit-hyperactivity disorder, bipolar disorder, major depressive disorder, and schizophrenia (combined)"	"attention deficit hyperactivity disorder,bipolar disorder,autism spectrum disorder,schizophrenia,major depressive disorder"	-	GCST001877	16:9581389	23453885	"Smoller JW"
rs8058295-A	7E-6	"(Modelling analysis)"	NR	1.06	-	[1.04-1.09]	GRIN2A	"Autism spectrum disorder, attention deficit-hyperactivity disorder, bipolar disorder, major depressive disorder, and schizophrenia (combined)"	"attention deficit hyperactivity disorder,bipolar disorder,autism spectrum disorder,schizophrenia,major depressive disorder"	-	GCST001877	16:9817529	23453885	"Smoller JW"
rs7254215-A	7E-6	"(Modelling analysis)"	NR	1.09	-	[1.05-1.13]	CLEC17A,ADGRE3	"Autism spectrum disorder, attention deficit-hyperactivity disorder, bipolar disorder, major depressive disorder, and schizophrenia (combined)"	"attention deficit hyperactivity disorder,bipolar disorder,autism spectrum disorder,schizophrenia,major depressive disorder"	-	GCST001877	19:14602681	23453885	"Smoller JW"
rs2799573-?	4E-8	"(Modelling analysis)"	0.715	1.08	-	[1.05-1.12]	CACNB2	"Autism spectrum disorder, attention deficit-hyperactivity disorder, bipolar disorder, major depressive disorder, and schizophrenia (combined)"	"attention deficit hyperactivity disorder,bipolar disorder,autism spectrum disorder,schizophrenia,major depressive disorder"	-	GCST001877	10:18312999	23453885	"Smoller JW"
rs249954-A	2E-6	"(Modelling analysis)"	NR	1.07	-	[1.04-1.10]	PALB2	"Autism spectrum disorder, attention deficit-hyperactivity disorder, bipolar disorder, major depressive disorder, and schizophrenia (combined)"	"attention deficit hyperactivity disorder,bipolar disorder,autism spectrum disorder,schizophrenia,major depressive disorder"	-	GCST001877	16:23629146	23453885	"Smoller JW"
rs2721800-C	6E-7	"(Modelling analysis)"	NR	1.08	-	[1.05-1.12]	PALS2	"Autism spectrum disorder, attention deficit-hyperactivity disorder, bipolar disorder, major depressive disorder, and schizophrenia (combined)"	"attention deficit hyperactivity disorder,bipolar disorder,autism spectrum disorder,schizophrenia,major depressive disorder"	-	GCST001877	7:24652933	23453885	"Smoller JW"
rs6694545-A	1E-6	"(Modelling analysis)"	NR	1.07	-	[1.04-1.11]	LINC01648,LINC01756	"Autism spectrum disorder, attention deficit-hyperactivity disorder, bipolar disorder, major depressive disorder, and schizophrenia (combined)"	"attention deficit hyperactivity disorder,bipolar disorder,autism spectrum disorder,schizophrenia,major depressive disorder"	-	GCST001877	1:29964421	23453885	"Smoller JW"
rs11731175-T	5E-6	"(Modelling analysis)"	NR	1.06	-	[1.03-1.09]	LINC02508,HSP90AA4P	"Autism spectrum disorder, attention deficit-hyperactivity disorder, bipolar disorder, major depressive disorder, and schizophrenia (combined)"	"attention deficit hyperactivity disorder,bipolar disorder,autism spectrum disorder,schizophrenia,major depressive disorder"	-	GCST001877	4:188940097	23453885	"Smoller JW"
rs4650608-T	1E-6	"(5 degree of freedom test)"	NR	1.06	-	[1.03-1.09]	ADGRL4,IFI44	"Autism spectrum disorder, attention deficit-hyperactivity disorder, bipolar disorder, major depressive disorder, and schizophrenia (combined)"	"attention deficit hyperactivity disorder,bipolar disorder,autism spectrum disorder,schizophrenia,major depressive disorder"	-	GCST001877	1:78772330	23453885	"Smoller JW"
rs447-C	4E-6	"(5 degree of freedom test)"	NR	1.025	-	[1.00-1.05]	SEMA3A	"Autism spectrum disorder, attention deficit-hyperactivity disorder, bipolar disorder, major depressive disorder, and schizophrenia (combined)"	"attention deficit hyperactivity disorder,bipolar disorder,autism spectrum disorder,schizophrenia,major depressive disorder"	-	GCST001877	7:84143099	23453885	"Smoller JW"
rs7799006-C	5E-6	"(5 degree of freedom test)"	NR	1.059	-	[1.03-1.08]	MRM2	"Autism spectrum disorder, attention deficit-hyperactivity disorder, bipolar disorder, major depressive disorder, and schizophrenia (combined)"	"attention deficit hyperactivity disorder,bipolar disorder,autism spectrum disorder,schizophrenia,major depressive disorder"	-	GCST001877	7:2238591	23453885	"Smoller JW"
rs363598-C	5E-6	"(5 degree of freedom test)"	NR	1.006	-	[0.98-1.03]	GRIK1	"Autism spectrum disorder, attention deficit-hyperactivity disorder, bipolar disorder, major depressive disorder, and schizophrenia (combined)"	"attention deficit hyperactivity disorder,bipolar disorder,autism spectrum disorder,schizophrenia,major depressive disorder"	-	GCST001877	21:29640839	23453885	"Smoller JW"
rs2675968-T	5E-6	"(5 degree of freedom test)"	NR	1.016	-	[0.99-1.04]	SNORC	"Autism spectrum disorder, attention deficit-hyperactivity disorder, bipolar disorder, major depressive disorder, and schizophrenia (combined)"	"attention deficit hyperactivity disorder,bipolar disorder,autism spectrum disorder,schizophrenia,major depressive disorder"	-	GCST001877	2:232871534	23453885	"Smoller JW"
rs11191580-?	1E-8	"(Modelling analysis)"	0.911	-	-	-	NT5C2	"Autism spectrum disorder, attention deficit-hyperactivity disorder, bipolar disorder, major depressive disorder, and schizophrenia (combined)"	"attention deficit hyperactivity disorder,bipolar disorder,autism spectrum disorder,schizophrenia,major depressive disorder"	-	GCST001877	10:103146454	23453885	"Smoller JW"
rs7948661-C	5E-6	"(5 degree of freedom test)"	NR	1.05	-	[1.00-1.10]	KMT2A	"Autism spectrum disorder, attention deficit-hyperactivity disorder, bipolar disorder, major depressive disorder, and schizophrenia (combined)"	"attention deficit hyperactivity disorder,bipolar disorder,autism spectrum disorder,schizophrenia,major depressive disorder"	-	GCST001877	11:118470934	23453885	"Smoller JW"
rs17662626-?	5E-8	"(Modelling analysis)"	0.915	-	-	-	SLC44A3P1,PCGEM1	"Autism spectrum disorder, attention deficit-hyperactivity disorder, bipolar disorder, major depressive disorder, and schizophrenia (combined)"	"attention deficit hyperactivity disorder,bipolar disorder,autism spectrum disorder,schizophrenia,major depressive disorder"	-	GCST001877	2:193119895	23453885	"Smoller JW"
rs548181-?	9E-7	"(Modelling analysis)"	0.884	-	-	-	STT3A,FEZ1	"Autism spectrum disorder, attention deficit-hyperactivity disorder, bipolar disorder, major depressive disorder, and schizophrenia (combined)"	"attention deficit hyperactivity disorder,bipolar disorder,autism spectrum disorder,schizophrenia,major depressive disorder"	-	GCST001877	11:125591814	23453885	"Smoller JW"
rs6990255-T	2E-6	"(5 degree of freedom test)"	NR	1.146	-	[1.09-1.20]	RPL6P22,RPL10AP3	"Autism spectrum disorder, attention deficit-hyperactivity disorder, bipolar disorder, major depressive disorder, and schizophrenia (combined)"	"attention deficit hyperactivity disorder,bipolar disorder,autism spectrum disorder,schizophrenia,major depressive disorder"	-	GCST001877	8:34269430	23453885	"Smoller JW"
rs9834970-C	2E-6	"(5 degree of freedom test)"	NR	1.051	-	[1.03-1.07]	LINC02033,HSPD1P6	"Autism spectrum disorder, attention deficit-hyperactivity disorder, bipolar disorder, major depressive disorder, and schizophrenia (combined)"	"attention deficit hyperactivity disorder,bipolar disorder,autism spectrum disorder,schizophrenia,major depressive disorder"	-	GCST001877	3:36814539	23453885	"Smoller JW"
rs7849973-?	8E-6	"(5 degree of freedom test)"	NR	1.05	-	[1.02-1.08]	LINC01239	"Autism spectrum disorder, attention deficit-hyperactivity disorder, bipolar disorder, major depressive disorder, and schizophrenia (combined)"	"attention deficit hyperactivity disorder,bipolar disorder,autism spectrum disorder,schizophrenia,major depressive disorder"	-	GCST001877	9:22819577	23453885	"Smoller JW"
rs10250997-C	8E-6	"(5 degree of freedom test)"	NR	1.03	-	[0.99-1.07]	TRPC6P8,ZP3P2	"Autism spectrum disorder, attention deficit-hyperactivity disorder, bipolar disorder, major depressive disorder, and schizophrenia (combined)"	"attention deficit hyperactivity disorder,bipolar disorder,autism spectrum disorder,schizophrenia,major depressive disorder"	-	GCST001877	7:136461788	23453885	"Smoller JW"
rs4741652-T	7E-6	"(Modelling analysis)"	NR	1.07	-	[1.04-1.12]	SMARCA2,RN7SL592P	"Autism spectrum disorder, attention deficit-hyperactivity disorder, bipolar disorder, major depressive disorder, and schizophrenia (combined)"	"attention deficit hyperactivity disorder,bipolar disorder,autism spectrum disorder,schizophrenia,major depressive disorder"	-	GCST001877	9:2194227	23453885	"Smoller JW"
rs10994359-C	3E-9	"(5 degree of freedom test)"	NR	1.081	-	[1.03-1.13]	ANK3	"Autism spectrum disorder, attention deficit-hyperactivity disorder, bipolar disorder, major depressive disorder, and schizophrenia (combined)"	"attention deficit hyperactivity disorder,bipolar disorder,autism spectrum disorder,schizophrenia,major depressive disorder"	-	GCST001877	10:60462349	23453885	"Smoller JW"
rs1006737-?	5E-9	"(5 degree of freedom test)"	NR	1.071	-	[1.05-1.10]	CACNA1C	"Autism spectrum disorder, attention deficit-hyperactivity disorder, bipolar disorder, major depressive disorder, and schizophrenia (combined)"	"attention deficit hyperactivity disorder,bipolar disorder,autism spectrum disorder,schizophrenia,major depressive disorder"	-	GCST001877	12:2236129	23453885	"Smoller JW"
rs8321-?	8E-9	"(5 degree of freedom test)"	NR	1.081	-	[1.04-1.12]	POLR1HASP,POLR1H	"Autism spectrum disorder, attention deficit-hyperactivity disorder, bipolar disorder, major depressive disorder, and schizophrenia (combined)"	"attention deficit hyperactivity disorder,bipolar disorder,autism spectrum disorder,schizophrenia,major depressive disorder"	-	GCST001877	6:30064745	23453885	"Smoller JW"
rs6602217-T	2E-6	"(Modelling analysis)"	NR	1.12	-	[1.07-1.17]	LINP1,LINC02665	"Autism spectrum disorder, attention deficit-hyperactivity disorder, bipolar disorder, major depressive disorder, and schizophrenia (combined)"	"attention deficit hyperactivity disorder,bipolar disorder,autism spectrum disorder,schizophrenia,major depressive disorder"	-	GCST001877	10:6904301	23453885	"Smoller JW"
rs10860392-T	2E-6	"(Modelling analysis)"	NR	1.06	-	[1.04-1.09]	ANKS1B	"Autism spectrum disorder, attention deficit-hyperactivity disorder, bipolar disorder, major depressive disorder, and schizophrenia (combined)"	"attention deficit hyperactivity disorder,bipolar disorder,autism spectrum disorder,schizophrenia,major depressive disorder"	-	GCST001877	12:99104409	23453885	"Smoller JW"
rs7700191-A	4E-6	"(Modelling analysis)"	NR	1.12	-	[1.06-1.17]	BANK1	"Autism spectrum disorder, attention deficit-hyperactivity disorder, bipolar disorder, major depressive disorder, and schizophrenia (combined)"	"attention deficit hyperactivity disorder,bipolar disorder,autism spectrum disorder,schizophrenia,major depressive disorder"	-	GCST001877	4:101668126	23453885	"Smoller JW"
rs9297357-T	4E-7	"(Modelling analysis)"	NR	1.07	-	[1.04-1.10]	ZFPM2	"Autism spectrum disorder, attention deficit-hyperactivity disorder, bipolar disorder, major depressive disorder, and schizophrenia (combined)"	"attention deficit hyperactivity disorder,bipolar disorder,autism spectrum disorder,schizophrenia,major depressive disorder"	-	GCST001877	8:105130105	23453885	"Smoller JW"
rs4730430-T	3E-6	"(Modelling analysis)"	NR	1.06	-	[1.03-1.08]	IMMP2L,RPL3P8	"Autism spectrum disorder, attention deficit-hyperactivity disorder, bipolar disorder, major depressive disorder, and schizophrenia (combined)"	"attention deficit hyperactivity disorder,bipolar disorder,autism spectrum disorder,schizophrenia,major depressive disorder"	-	GCST001877	7:110407907	23453885	"Smoller JW"
rs9371601-?	4E-9	"(Modelling analysis)"	0.346	-	-	-	SYNE1	"Autism spectrum disorder, attention deficit-hyperactivity disorder, bipolar disorder, major depressive disorder, and schizophrenia (combined)"	"attention deficit hyperactivity disorder,bipolar disorder,autism spectrum disorder,schizophrenia,major depressive disorder"	-	GCST001877	6:152469438	23453885	"Smoller JW"
rs9275524-T	2E-7	"(Modelling analysis)"	NR	1.07	-	[1.04-1.09]	HLA-DQB3,MTCO3P1	"Autism spectrum disorder, attention deficit-hyperactivity disorder, bipolar disorder, major depressive disorder, and schizophrenia (combined)"	"attention deficit hyperactivity disorder,bipolar disorder,autism spectrum disorder,schizophrenia,major depressive disorder"	-	GCST001877	6:32707332	23453885	"Smoller JW"
rs2609653-T	3E-6	"(Modelling analysis)"	NR	1.13	-	[1.07-1.19]	LINC01288,RPL10AP3	"Autism spectrum disorder, attention deficit-hyperactivity disorder, bipolar disorder, major depressive disorder, and schizophrenia (combined)"	"attention deficit hyperactivity disorder,bipolar disorder,autism spectrum disorder,schizophrenia,major depressive disorder"	-	GCST001877	8:34379474	23453885	"Smoller JW"
rs13072940-A	9E-6	"(Modelling analysis)"	NR	1.06	-	[1.03-1.08]	LINC02033,HSPD1P6	"Autism spectrum disorder, attention deficit-hyperactivity disorder, bipolar disorder, major depressive disorder, and schizophrenia (combined)"	"attention deficit hyperactivity disorder,bipolar disorder,autism spectrum disorder,schizophrenia,major depressive disorder"	-	GCST001877	3:36801132	23453885	"Smoller JW"
rs9951150-A	6E-7	"(Modelling analysis)"	NR	1.06	-	[1.04-1.09]	TCF4,RNA5SP459	"Autism spectrum disorder, attention deficit-hyperactivity disorder, bipolar disorder, major depressive disorder, and schizophrenia (combined)"	"attention deficit hyperactivity disorder,bipolar disorder,autism spectrum disorder,schizophrenia,major depressive disorder"	-	GCST001877	18:55153893	23453885	"Smoller JW"
rs11152369-A	2E-7	"(Modelling analysis)"	NR	1.19	-	[1.12-1.28]	TCF4	"Autism spectrum disorder, attention deficit-hyperactivity disorder, bipolar disorder, major depressive disorder, and schizophrenia (combined)"	"attention deficit hyperactivity disorder,bipolar disorder,autism spectrum disorder,schizophrenia,major depressive disorder"	-	GCST001877	18:55399097	23453885	"Smoller JW"
rs6765687-T	5E-6	"(Modelling analysis)"	NR	1.07	-	[1.04-1.11]	GLT8D1	"Autism spectrum disorder, attention deficit-hyperactivity disorder, bipolar disorder, major depressive disorder, and schizophrenia (combined)"	"attention deficit hyperactivity disorder,bipolar disorder,autism spectrum disorder,schizophrenia,major depressive disorder"	-	GCST001877	3:52699090	23453885	"Smoller JW"
rs2535629-?	3E-12	-	0.651	1.1	-	[1.07-1.12]	ITIH3	"Autism spectrum disorder, attention deficit-hyperactivity disorder, bipolar disorder, major depressive disorder, and schizophrenia (combined)"	"attention deficit hyperactivity disorder,bipolar disorder,autism spectrum disorder,schizophrenia,major depressive disorder"	-	GCST001877	3:52799203	23453885	"Smoller JW"
rs10873998-T	4E-6	"(Modelling analysis)"	NR	1.06	-	[1.03-1.09]	IFI44,ADGRL4	"Autism spectrum disorder, attention deficit-hyperactivity disorder, bipolar disorder, major depressive disorder, and schizophrenia (combined)"	"attention deficit hyperactivity disorder,bipolar disorder,autism spectrum disorder,schizophrenia,major depressive disorder"	-	GCST001877	1:78798120	23453885	"Smoller JW"
rs1104918-T	6E-6	"(Modelling analysis)"	NR	1.07	-	[1.04-1.10]	NTRK3	"Autism spectrum disorder, attention deficit-hyperactivity disorder, bipolar disorder, major depressive disorder, and schizophrenia (combined)"	"attention deficit hyperactivity disorder,bipolar disorder,autism spectrum disorder,schizophrenia,major depressive disorder"	-	GCST001877	15:88180481	23453885	"Smoller JW"
rs12443954-A	1E-6	"(Modelling analysis)"	NR	1.08	-	[1.04-1.11]	SPATA33,CDK10	"Autism spectrum disorder, attention deficit-hyperactivity disorder, bipolar disorder, major depressive disorder, and schizophrenia (combined)"	"attention deficit hyperactivity disorder,bipolar disorder,autism spectrum disorder,schizophrenia,major depressive disorder"	-	GCST001877	16:89675088	23453885	"Smoller JW"
rs1625579-?	2E-11	"(Modelling analysis)"	0.801	-	-	-	MIR137HG	"Autism spectrum disorder, attention deficit-hyperactivity disorder, bipolar disorder, major depressive disorder, and schizophrenia (combined)"	"attention deficit hyperactivity disorder,bipolar disorder,autism spectrum disorder,schizophrenia,major depressive disorder"	-	GCST001877	1:98037378	23453885	"Smoller JW"
rs2310173-T	3E-6	"(Modelling analysis)"	NR	1.06	-	[1.03-1.08]	IL1R1,IL1R2	"Autism spectrum disorder, attention deficit-hyperactivity disorder, bipolar disorder, major depressive disorder, and schizophrenia (combined)"	"attention deficit hyperactivity disorder,bipolar disorder,autism spectrum disorder,schizophrenia,major depressive disorder"	-	GCST001877	2:102047167	23453885	"Smoller JW"
rs11191454-?	1E-8	-	0.91	1.13	-	[1.08-1.18]	AS3MT,BORCS7-ASMT	"Autism spectrum disorder, attention deficit-hyperactivity disorder, bipolar disorder, major depressive disorder, and schizophrenia (combined)"	"attention deficit hyperactivity disorder,bipolar disorder,autism spectrum disorder,schizophrenia,major depressive disorder"	-	GCST001877	10:102900247	23453885	"Smoller JW"
rs7069733-C	7E-6	"(Modelling analysis)"	NR	1.08	-	[1.04-1.12]	NEURL1	"Autism spectrum disorder, attention deficit-hyperactivity disorder, bipolar disorder, major depressive disorder, and schizophrenia (combined)"	"attention deficit hyperactivity disorder,bipolar disorder,autism spectrum disorder,schizophrenia,major depressive disorder"	-	GCST001877	10:103538013	23453885	"Smoller JW"
rs2186903-A	4E-6	"(Modelling analysis)"	NR	1.07	-	[1.04-1.11]	SLC35F2	"Autism spectrum disorder, attention deficit-hyperactivity disorder, bipolar disorder, major depressive disorder, and schizophrenia (combined)"	"attention deficit hyperactivity disorder,bipolar disorder,autism spectrum disorder,schizophrenia,major depressive disorder"	-	GCST001877	11:107885825	23453885	"Smoller JW"
rs12871532-T	1E-6	"(Modelling analysis)"	NR	1.06	-	[1.04-1.09]	LIG4,NALF1	"Autism spectrum disorder, attention deficit-hyperactivity disorder, bipolar disorder, major depressive disorder, and schizophrenia (combined)"	"attention deficit hyperactivity disorder,bipolar disorder,autism spectrum disorder,schizophrenia,major depressive disorder"	-	GCST001877	13:108016199	23453885	"Smoller JW"
rs6867265-A	2E-6	"(Modelling analysis)"	NR	1.11	-	[1.06-1.16]	HINT1,ARL2BPP4	"Autism spectrum disorder, attention deficit-hyperactivity disorder, bipolar disorder, major depressive disorder, and schizophrenia (combined)"	"attention deficit hyperactivity disorder,bipolar disorder,autism spectrum disorder,schizophrenia,major depressive disorder"	-	GCST001877	5:131078288	23453885	"Smoller JW"
rs10255295-A	5E-6	"(Modelling analysis)"	NR	1.1	-	[1.06-1.14]	Y_RNA,RCC2P3	"Autism spectrum disorder, attention deficit-hyperactivity disorder, bipolar disorder, major depressive disorder, and schizophrenia (combined)"	"attention deficit hyperactivity disorder,bipolar disorder,autism spectrum disorder,schizophrenia,major depressive disorder"	-	GCST001877	7:138174020	23453885	"Smoller JW"
rs609412-A	2E-6	"(Modelling analysis)"	NR	1.07	-	[1.04-1.10]	PPP2R2B	"Autism spectrum disorder, attention deficit-hyperactivity disorder, bipolar disorder, major depressive disorder, and schizophrenia (combined)"	"attention deficit hyperactivity disorder,bipolar disorder,autism spectrum disorder,schizophrenia,major depressive disorder"	-	GCST001877	5:146845681	23453885	"Smoller JW"
rs360932-A	8E-6	"(Modelling analysis)"	NR	1.06	-	[1.03-1.08]	RNA5SP169,LINC02273	"Autism spectrum disorder, attention deficit-hyperactivity disorder, bipolar disorder, major depressive disorder, and schizophrenia (combined)"	"attention deficit hyperactivity disorder,bipolar disorder,autism spectrum disorder,schizophrenia,major depressive disorder"	-	GCST001877	4:151987017	23453885	"Smoller JW"
rs13418455-T	1E-6	"(Modelling analysis)"	NR	1.06	-	[1.04-1.09]	SCHLAP1,CWC22	"Autism spectrum disorder, attention deficit-hyperactivity disorder, bipolar disorder, major depressive disorder, and schizophrenia (combined)"	"attention deficit hyperactivity disorder,bipolar disorder,autism spectrum disorder,schizophrenia,major depressive disorder"	-	GCST001877	2:180212022	23453885	"Smoller JW"
rs2297909-A	2E-6	"(Modelling analysis)"	NR	1.06	-	[1.04-1.09]	KIF21B	"Autism spectrum disorder, attention deficit-hyperactivity disorder, bipolar disorder, major depressive disorder, and schizophrenia (combined)"	"attention deficit hyperactivity disorder,bipolar disorder,autism spectrum disorder,schizophrenia,major depressive disorder"	-	GCST001877	1:200991179	23453885	"Smoller JW"
rs3791556-A	8E-6	"(Modelling analysis)"	NR	1.08	-	[1.04-1.11]	HDAC4	"Autism spectrum disorder, attention deficit-hyperactivity disorder, bipolar disorder, major depressive disorder, and schizophrenia (combined)"	"attention deficit hyperactivity disorder,bipolar disorder,autism spectrum disorder,schizophrenia,major depressive disorder"	-	GCST001877	2:239191276	23453885	"Smoller JW"
rs1480380-C	6E-7	"(Modelling analysis)"	0.908	-	-	-	HLA-DMA,HLA-DMB	"Autism spectrum disorder, attention deficit-hyperactivity disorder, bipolar disorder, major depressive disorder, and schizophrenia (combined)"	"attention deficit hyperactivity disorder,bipolar disorder,autism spectrum disorder,schizophrenia,major depressive disorder"	-	GCST001877	6:32945469	23453885	"Smoller JW"
rs13072940-?	2E-8	-	NR	-	-	-	LINC02033,HSPD1P6	"Psychiatric diseases (pleiotropy) (HIPO component 1)"	"attention deficit hyperactivity disorder,bipolar disorder,autism spectrum disorder,schizophrenia,major depressive disorder"	-	GCST006668	3:36801132	30289880	"Qi G"
rs73033497-A	6E-7	-	0.8635	-	"0.2667 unit increase"	[0.16-0.37]	CARD11,GNA12	"Schizophrenia, bipolar disorder or recurrent major depressive disorder x sex interaction"	"disease recurrence,bipolar disorder,schizophrenia,sex interaction measurement,major depressive disorder"	-	GCST012295	7:2871025	34099189	"Blokland GAM"
rs9907361-T	7E-7	-	0.2069	-	"0.1741 unit decrease"	[0.11-0.24]	NCBP3	"Schizophrenia, bipolar disorder or recurrent major depressive disorder x sex interaction"	"disease recurrence,bipolar disorder,schizophrenia,sex interaction measurement,major depressive disorder"	-	GCST012295	17:3820043	34099189	"Blokland GAM"
rs7302529-T	7E-7	-	0.256	-	"0.1439 unit increase"	[0.087-0.201]	E2F7,CSRP2	"Schizophrenia, bipolar disorder or recurrent major depressive disorder x sex interaction"	"disease recurrence,bipolar disorder,schizophrenia,sex interaction measurement,major depressive disorder"	-	GCST012295	12:76927801	34099189	"Blokland GAM"
rs10179057-T	1E-6	-	0.8285	-	"0.4402 unit increase"	[0.26-0.62]	LRP1B	"Schizophrenia, bipolar disorder or recurrent major depressive disorder x sex interaction"	"disease recurrence,bipolar disorder,schizophrenia,sex interaction measurement,major depressive disorder"	-	GCST012295	2:141877338	34099189	"Blokland GAM"
rs2063640-A	2E-6	-	0.1049	-	"0.1927 unit decrease"	[0.11-0.27]	ZPLD1,RNU6-461P	"Schizophrenia, bipolar disorder or recurrent major depressive disorder x sex interaction"	"disease recurrence,bipolar disorder,schizophrenia,sex interaction measurement,major depressive disorder"	-	GCST012295	3:102484201	34099189	"Blokland GAM"
rs6577293-T	6E-6	-	0.7652	-	"0.1132 unit increase"	[0.064-0.162]	OLFM3	"Schizophrenia, bipolar disorder or recurrent major depressive disorder x sex interaction"	"disease recurrence,bipolar disorder,schizophrenia,sex interaction measurement,major depressive disorder"	-	GCST012295	1:101965078	34099189	"Blokland GAM"
rs11583804-A	7E-6	-	0.5708	-	"0.093 unit increase"	[0.052-0.134]	ACTRT2,TTC34	"Schizophrenia, bipolar disorder or recurrent major depressive disorder x sex interaction"	"disease recurrence,bipolar disorder,schizophrenia,sex interaction measurement,major depressive disorder"	-	GCST012295	1:2961801	34099189	"Blokland GAM"
rs113935943-T	7E-6	-	0.9261	-	"0.1869 unit decrease"	[0.11-0.27]	FHIT	"Schizophrenia, bipolar disorder or recurrent major depressive disorder x sex interaction"	"disease recurrence,bipolar disorder,schizophrenia,sex interaction measurement,major depressive disorder"	-	GCST012295	3:59834034	34099189	"Blokland GAM"
rs13864-T	8E-6	-	0.2871	-	"0.1606 unit decrease"	[0.09-0.231]	DSCR9	"Schizophrenia, bipolar disorder or recurrent major depressive disorder x sex interaction"	"disease recurrence,bipolar disorder,schizophrenia,sex interaction measurement,major depressive disorder"	-	GCST012295	21:37221319	34099189	"Blokland GAM"
rs7521315-A	8E-6	-	0.6103	-	"0.1393 unit decrease"	[0.078-0.201]	LINC02782,MIR4689	"Schizophrenia, bipolar disorder or recurrent major depressive disorder x sex interaction"	"disease recurrence,bipolar disorder,schizophrenia,sex interaction measurement,major depressive disorder"	-	GCST012295	1:5224708	34099189	"Blokland GAM"
rs55961658-T	8E-6	-	0.4558	-	"0.1523 unit decrease"	[0.085-0.219]	LINC02500,LINC00290	"Schizophrenia, bipolar disorder or recurrent major depressive disorder x sex interaction"	"disease recurrence,bipolar disorder,schizophrenia,sex interaction measurement,major depressive disorder"	-	GCST012295	4:181175265	34099189	"Blokland GAM"
rs7632925-A	9E-6	-	0.7881	-	"0.1455 unit increase"	[0.081-0.21]	SLC6A6	"Schizophrenia, bipolar disorder or recurrent major depressive disorder x sex interaction"	"disease recurrence,bipolar disorder,schizophrenia,sex interaction measurement,major depressive disorder"	-	GCST012295	3:14465290	34099189	"Blokland GAM"
rs7911793-T	9E-6	-	0.7403	-	"0.2204 unit decrease"	[0.12-0.32]	ADAM12	"Schizophrenia, bipolar disorder or recurrent major depressive disorder x sex interaction"	"disease recurrence,bipolar disorder,schizophrenia,sex interaction measurement,major depressive disorder"	-	GCST012295	10:126042966	34099189	"Blokland GAM"
rs2060247-C	9E-6	-	0.1548	-	"0.2731 unit increase"	[0.15-0.39]	ATCAY	"Schizophrenia, bipolar disorder or recurrent major depressive disorder x sex interaction"	"disease recurrence,bipolar disorder,schizophrenia,sex interaction measurement,major depressive disorder"	-	GCST012295	19:3902724	34099189	"Blokland GAM"
rs2130709-A	1E-5	-	0.6005	-	"0.2197 unit increase"	[0.12-0.32]	DCHS2	"Schizophrenia, bipolar disorder or recurrent major depressive disorder x sex interaction"	"disease recurrence,bipolar disorder,schizophrenia,sex interaction measurement,major depressive disorder"	-	GCST012295	4:154367038	34099189	"Blokland GAM"
rs6484581-T	1E-5	-	0.4567	-	"0.2175 unit increase"	[0.12-0.31]	WT1-AS	"Schizophrenia, bipolar disorder or recurrent major depressive disorder x sex interaction"	"disease recurrence,bipolar disorder,schizophrenia,sex interaction measurement,major depressive disorder"	-	GCST012295	11:32494908	34099189	"Blokland GAM"
rs8040598-A	4E-7	-	0.8634	-	"0.1829 unit increase"	[0.11-0.25]	THSD4	"Schizophrenia, bipolar disorder or recurrent major depressive disorder x sex interaction"	"disease recurrence,bipolar disorder,schizophrenia,sex interaction measurement,major depressive disorder"	-	GCST012292	15:71565029	34099189	"Blokland GAM"
rs73033497-A	6E-7	-	0.8635	-	"0.2667 unit increase"	[0.16-0.37]	CARD11,GNA12	"Schizophrenia, bipolar disorder or recurrent major depressive disorder x sex interaction"	"disease recurrence,bipolar disorder,schizophrenia,sex interaction measurement,major depressive disorder"	-	GCST012292	7:2871025	34099189	"Blokland GAM"
rs9907361-T	7E-7	-	0.2069	-	"0.1741 unit decrease"	[0.11-0.24]	NCBP3	"Schizophrenia, bipolar disorder or recurrent major depressive disorder x sex interaction"	"disease recurrence,bipolar disorder,schizophrenia,sex interaction measurement,major depressive disorder"	-	GCST012292	17:3820043	34099189	"Blokland GAM"
rs2063640-A	1E-6	-	0.1136	-	"0.1869 unit decrease"	[0.11-0.26]	ZPLD1,RNU6-461P	"Schizophrenia, bipolar disorder or recurrent major depressive disorder x sex interaction"	"disease recurrence,bipolar disorder,schizophrenia,sex interaction measurement,major depressive disorder"	-	GCST012292	3:102484201	34099189	"Blokland GAM"
rs2048997-T	2E-6	-	0.3998	-	"0.2165 unit increase"	[0.13-0.31]	FBXO28	"Schizophrenia, bipolar disorder or recurrent major depressive disorder x sex interaction"	"disease recurrence,bipolar disorder,schizophrenia,sex interaction measurement,major depressive disorder"	-	GCST012292	1:224117784	34099189	"Blokland GAM"
chr12:77322751-?	3E-6	-	0.2547	-	"0.1334 unit increase"	[0.077-0.19]	-	"Schizophrenia, bipolar disorder or recurrent major depressive disorder x sex interaction"	"disease recurrence,bipolar disorder,schizophrenia,sex interaction measurement,major depressive disorder"	-	GCST012292	-	34099189	"Blokland GAM"
rs7914279-T	6E-6	-	0.8875	-	"0.1461 unit increase"	[0.083-0.209]	PLPP4,RPL21P16	"Schizophrenia, bipolar disorder or recurrent major depressive disorder x sex interaction"	"disease recurrence,bipolar disorder,schizophrenia,sex interaction measurement,major depressive disorder"	-	GCST012292	10:120402378	34099189	"Blokland GAM"
rs3796696-A	6E-6	-	0.0725	-	"0.1958 unit decrease"	[0.11-0.28]	RN7SL28P,MYL12BP2	"Schizophrenia, bipolar disorder or recurrent major depressive disorder x sex interaction"	"disease recurrence,bipolar disorder,schizophrenia,sex interaction measurement,major depressive disorder"	-	GCST012292	4:184283978	34099189	"Blokland GAM"
rs6577293-T	6E-6	-	0.7673	-	"0.1125 unit increase"	[0.064-0.161]	OLFM3	"Schizophrenia, bipolar disorder or recurrent major depressive disorder x sex interaction"	"disease recurrence,bipolar disorder,schizophrenia,sex interaction measurement,major depressive disorder"	-	GCST012292	1:101965078	34099189	"Blokland GAM"
rs113935943-T	7E-6	-	0.9261	-	"0.1869 unit decrease"	[0.11-0.27]	FHIT	"Schizophrenia, bipolar disorder or recurrent major depressive disorder x sex interaction"	"disease recurrence,bipolar disorder,schizophrenia,sex interaction measurement,major depressive disorder"	-	GCST012292	3:59834034	34099189	"Blokland GAM"
rs73787509-A	8E-6	-	0.9025	-	"0.1366 unit increase"	[0.077-0.197]	ADAMTS19	"Schizophrenia, bipolar disorder or recurrent major depressive disorder x sex interaction"	"disease recurrence,bipolar disorder,schizophrenia,sex interaction measurement,major depressive disorder"	-	GCST012292	5:129470250	34099189	"Blokland GAM"
rs1965523-A	8E-6	-	0.3822	-	"0.0889 unit increase"	[0.05-0.128]	TFEC	"Schizophrenia, bipolar disorder or recurrent major depressive disorder x sex interaction"	"disease recurrence,bipolar disorder,schizophrenia,sex interaction measurement,major depressive disorder"	-	GCST012292	7:116042384	34099189	"Blokland GAM"
rs55961658-T	8E-6	-	0.4558	-	"0.1523 unit decrease"	[0.085-0.219]	LINC02500,LINC00290	"Schizophrenia, bipolar disorder or recurrent major depressive disorder x sex interaction"	"disease recurrence,bipolar disorder,schizophrenia,sex interaction measurement,major depressive disorder"	-	GCST012292	4:181175265	34099189	"Blokland GAM"
rs6039555-A	9E-6	-	0.1414	-	"0.1146 unit decrease"	[0.064-0.165]	PAK5	"Schizophrenia, bipolar disorder or recurrent major depressive disorder x sex interaction"	"disease recurrence,bipolar disorder,schizophrenia,sex interaction measurement,major depressive disorder"	-	GCST012292	20:9708903	34099189	"Blokland GAM"
rs35841922-T	4E-8	-	NR	-	"5.475 z score decrease"	NR	NIHCOLE,RNU6-334P	"Neuropsychiatric disorders"	"attention deficit hyperactivity disorder,bipolar disorder,autism spectrum disorder,schizophrenia,major depressive disorder"	-	GCST012088	5:104736717	33479212	"Yao X"
rs67981811-C	5E-19	-	NR	-	"8.907 z score increase"	NR	ZSCAN12	"Neuropsychiatric disorders"	"attention deficit hyperactivity disorder,bipolar disorder,autism spectrum disorder,schizophrenia,major depressive disorder"	-	GCST012088	6:28387058	33479212	"Yao X"
rs2522831-T	1E-9	-	NR	-	"6.054 z score decrease"	NR	PCLO	"Neuropsychiatric disorders"	"attention deficit hyperactivity disorder,bipolar disorder,autism spectrum disorder,schizophrenia,major depressive disorder"	-	GCST012088	7:82818784	33479212	"Yao X"
rs11191499-T	1E-9	-	NR	-	"6.074 z score increase"	NR	CNNM2	"Neuropsychiatric disorders"	"attention deficit hyperactivity disorder,bipolar disorder,autism spectrum disorder,schizophrenia,major depressive disorder"	-	GCST012088	10:103004514	33479212	"Yao X"
rs11599236-T	6E-10	-	NR	-	"6.185 z score increase"	NR	SORCS3	"Neuropsychiatric disorders"	"attention deficit hyperactivity disorder,bipolar disorder,autism spectrum disorder,schizophrenia,major depressive disorder"	-	GCST012088	10:104694914	33479212	"Yao X"
rs11599313-T	4E-9	-	NR	-	"5.895 z score decrease"	NR	SORCS3	"Neuropsychiatric disorders"	"attention deficit hyperactivity disorder,bipolar disorder,autism spectrum disorder,schizophrenia,major depressive disorder"	-	GCST012088	10:104799529	33479212	"Yao X"
rs1021363-A	4E-12	-	NR	-	"6.952 z score increase"	NR	SORCS3	"Neuropsychiatric disorders"	"attention deficit hyperactivity disorder,bipolar disorder,autism spectrum disorder,schizophrenia,major depressive disorder"	-	GCST012088	10:104851081	33479212	"Yao X"
rs11192230-A	3E-11	-	NR	-	"6.652 z score increase"	NR	SORCS3	"Neuropsychiatric disorders"	"attention deficit hyperactivity disorder,bipolar disorder,autism spectrum disorder,schizophrenia,major depressive disorder"	-	GCST012088	10:104915027	33479212	"Yao X"
rs4636654-A	3E-9	-	NR	-	"5.928 z score decrease"	NR	METTL15,LINC02758	"Neuropsychiatric disorders"	"attention deficit hyperactivity disorder,bipolar disorder,autism spectrum disorder,schizophrenia,major depressive disorder"	-	GCST012088	11:28621106	33479212	"Yao X"
rs9645687-T	7E-9	-	NR	-	"5.795 z score decrease"	NR	OR5AZ1P,OR5BA1P	"Neuropsychiatric disorders"	"attention deficit hyperactivity disorder,bipolar disorder,autism spectrum disorder,schizophrenia,major depressive disorder"	-	GCST012088	11:57908779	33479212	"Yao X"
rs36006427-A	3E-8	-	NR	-	"5.554 z score increase"	NR	GRM5	"Neuropsychiatric disorders"	"attention deficit hyperactivity disorder,bipolar disorder,autism spectrum disorder,schizophrenia,major depressive disorder"	-	GCST012088	11:89023545	33479212	"Yao X"
rs7127487-A	2E-8	-	NR	-	"5.595 z score decrease"	NR	TYR,GRM5	"Neuropsychiatric disorders"	"attention deficit hyperactivity disorder,bipolar disorder,autism spectrum disorder,schizophrenia,major depressive disorder"	-	GCST012088	11:89081702	33479212	"Yao X"
rs2514218-T	1E-9	-	NR	-	"6.072 z score decrease"	NR	DRD2,TMPRSS5	"Neuropsychiatric disorders"	"attention deficit hyperactivity disorder,bipolar disorder,autism spectrum disorder,schizophrenia,major depressive disorder"	-	GCST012088	11:113522272	33479212	"Yao X"
rs10141157-T	6E-10	-	NR	-	"6.186 z score decrease"	NR	BAG5,RNU7-160P	"Neuropsychiatric disorders"	"attention deficit hyperactivity disorder,bipolar disorder,autism spectrum disorder,schizophrenia,major depressive disorder"	-	GCST012088	14:103551768	33479212	"Yao X"
rs4906349-A	3E-8	-	NR	-	"5.524 z score increase"	NR	KLC1	"Neuropsychiatric disorders"	"attention deficit hyperactivity disorder,bipolar disorder,autism spectrum disorder,schizophrenia,major depressive disorder"	-	GCST012088	14:103624778	33479212	"Yao X"
rs4702-A	5E-9	-	NR	-	"5.835 z score decrease"	NR	FURIN	"Neuropsychiatric disorders"	"attention deficit hyperactivity disorder,bipolar disorder,autism spectrum disorder,schizophrenia,major depressive disorder"	-	GCST012088	15:90883330	33479212	"Yao X"
rs12925872-T	3E-9	-	NR	-	"5.925 z score increase"	NR	TMF1P1,ERCC4	"Neuropsychiatric disorders"	"attention deficit hyperactivity disorder,bipolar disorder,autism spectrum disorder,schizophrenia,major depressive disorder"	-	GCST012088	16:13658499	33479212	"Yao X"
rs4632195-T	4E-10	-	NR	-	"6.255 z score increase"	NR	DCC	"Neuropsychiatric disorders"	"attention deficit hyperactivity disorder,bipolar disorder,autism spectrum disorder,schizophrenia,major depressive disorder"	-	GCST012088	18:53220378	33479212	"Yao X"
rs10164055-T	2E-8	-	NR	-	"5.575 z score decrease"	NR	DCC	"Neuropsychiatric disorders"	"attention deficit hyperactivity disorder,bipolar disorder,autism spectrum disorder,schizophrenia,major depressive disorder"	-	GCST012088	18:53393230	33479212	"Yao X"
rs56096694-T	1E-8	-	NR	-	"5.699 z score increase"	NR	CCDC68,LINC01929	"Neuropsychiatric disorders"	"attention deficit hyperactivity disorder,bipolar disorder,autism spectrum disorder,schizophrenia,major depressive disorder"	-	GCST012088	18:55055147	33479212	"Yao X"
rs4131791-T	5E-9	-	NR	-	"5.856 z score decrease"	NR	CCDC68,LINC01929	"Neuropsychiatric disorders"	"attention deficit hyperactivity disorder,bipolar disorder,autism spectrum disorder,schizophrenia,major depressive disorder"	-	GCST012088	18:55080640	33479212	"Yao X"
rs12967143-C	9E-10	-	NR	-	"6.13 z score decrease"	NR	TCF4	"Neuropsychiatric disorders"	"attention deficit hyperactivity disorder,bipolar disorder,autism spectrum disorder,schizophrenia,major depressive disorder"	-	GCST012088	18:55431781	33479212	"Yao X"
rs7241572-A	7E-9	-	NR	-	"5.795 z score increase"	NR	KCNG2	"Neuropsychiatric disorders"	"attention deficit hyperactivity disorder,bipolar disorder,autism spectrum disorder,schizophrenia,major depressive disorder"	-	GCST012088	18:79820712	33479212	"Yao X"
rs6035790-T	9E-9	-	NR	-	"5.745 z score decrease"	NR	KIZ-AS1,KIZ	"Neuropsychiatric disorders"	"attention deficit hyperactivity disorder,bipolar disorder,autism spectrum disorder,schizophrenia,major depressive disorder"	-	GCST012088	20:21154956	33479212	"Yao X"
rs12624433-A	5E-10	-	NR	-	"6.219 z score increase"	NR	SLC12A5	"Neuropsychiatric disorders"	"attention deficit hyperactivity disorder,bipolar disorder,autism spectrum disorder,schizophrenia,major depressive disorder"	-	GCST012088	20:46052214	33479212	"Yao X"
rs607296-A	2E-8	-	NR	-	"5.655 z score increase"	NR	KDM4A,PTPRF	"Neuropsychiatric disorders"	"attention deficit hyperactivity disorder,bipolar disorder,autism spectrum disorder,schizophrenia,major depressive disorder"	-	GCST012088	1:43644078	33479212	"Yao X"
rs2568952-C	5E-11	-	NR	-	"6.568 z score decrease"	NR	LINC02796	"Neuropsychiatric disorders"	"attention deficit hyperactivity disorder,bipolar disorder,autism spectrum disorder,schizophrenia,major depressive disorder"	-	GCST012088	1:72289422	33479212	"Yao X"
rs7519251-A	6E-11	-	NR	-	"6.544 z score decrease"	NR	KRT8P21,LINC02796	"Neuropsychiatric disorders"	"attention deficit hyperactivity disorder,bipolar disorder,autism spectrum disorder,schizophrenia,major depressive disorder"	-	GCST012088	1:72856114	33479212	"Yao X"
rs12022895-T	1E-9	-	NR	-	"6.109 z score decrease"	NR	LINC01360	"Neuropsychiatric disorders"	"attention deficit hyperactivity disorder,bipolar disorder,autism spectrum disorder,schizophrenia,major depressive disorder"	-	GCST012088	1:73330323	33479212	"Yao X"
rs1923217-T	2E-12	-	NR	-	"7.027 z score decrease"	NR	LINC01360,LINC02238	"Neuropsychiatric disorders"	"attention deficit hyperactivity disorder,bipolar disorder,autism spectrum disorder,schizophrenia,major depressive disorder"	-	GCST012088	1:73363540	33479212	"Yao X"
rs10920885-T	1E-8	-	NR	-	"5.726 z score decrease"	NR	HNRNPA1P46,LINC01720	"Neuropsychiatric disorders"	"attention deficit hyperactivity disorder,bipolar disorder,autism spectrum disorder,schizophrenia,major depressive disorder"	-	GCST012088	1:191058818	33479212	"Yao X"
rs2339515-T	5E-8	-	NR	-	"5.461 z score increase"	NR	LINC01830	"Neuropsychiatric disorders"	"attention deficit hyperactivity disorder,bipolar disorder,autism spectrum disorder,schizophrenia,major depressive disorder"	-	GCST012088	2:22341421	33479212	"Yao X"
rs11682175-T	2E-8	-	NR	-	"5.594 z score decrease"	NR	ACTG1P22,EIF2S2P7	"Neuropsychiatric disorders"	"attention deficit hyperactivity disorder,bipolar disorder,autism spectrum disorder,schizophrenia,major depressive disorder"	-	GCST012088	2:57760458	33479212	"Yao X"
rs77902252-T	4E-8	-	NR	-	"5.492 z score increase"	NR	VRK2	"Neuropsychiatric disorders"	"attention deficit hyperactivity disorder,bipolar disorder,autism spectrum disorder,schizophrenia,major depressive disorder"	-	GCST012088	2:57945260	33479212	"Yao X"
rs4481150-T	4E-9	-	NR	-	"5.901 z score increase"	NR	ITIH3	"Neuropsychiatric disorders"	"attention deficit hyperactivity disorder,bipolar disorder,autism spectrum disorder,schizophrenia,major depressive disorder"	-	GCST012088	3:52803777	33479212	"Yao X"
rs7716818-A	2E-10	-	NR	-	"6.392 z score increase"	NR	NIHCOLE	"Neuropsychiatric disorders"	"attention deficit hyperactivity disorder,bipolar disorder,autism spectrum disorder,schizophrenia,major depressive disorder"	-	GCST012088	5:104349086	33479212	"Yao X"
rs10464005-A	2E-9	-	NR	-	"5.982 z score increase"	NR	NIHCOLE,RNU6-334P	"Neuropsychiatric disorders"	"attention deficit hyperactivity disorder,bipolar disorder,autism spectrum disorder,schizophrenia,major depressive disorder"	-	GCST012088	5:104434280	33479212	"Yao X"
rs1363103-T	4E-8	-	NR	-	"5.494 z score increase"	NR	NIHCOLE,RNU6-334P	"Neuropsychiatric disorders"	"attention deficit hyperactivity disorder,bipolar disorder,autism spectrum disorder,schizophrenia,major depressive disorder"	-	GCST012088	5:104582136	33479212	"Yao X"
rs30266-A	1E-15	-	NR	-	"7.986 z score increase"	NR	RNU6-334P,NIHCOLE	"Neuropsychiatric disorders"	"attention deficit hyperactivity disorder,bipolar disorder,autism spectrum disorder,schizophrenia,major depressive disorder"	-	GCST012088	5:104636656	33479212	"Yao X"
rs6074012-T	6E-9	-	NR	-	"5.815 z score increase"	NR	NCOA5	"Neuropsychiatric disorders"	"attention deficit hyperactivity disorder,bipolar disorder,autism spectrum disorder,schizophrenia,major depressive disorder"	-	GCST012088	20:46071527	33479212	"Yao X"
rs62228096-A	4E-8	-	NR	-	"5.471 z score decrease"	NR	MIRLET7BHG	"Neuropsychiatric disorders"	"attention deficit hyperactivity disorder,bipolar disorder,autism spectrum disorder,schizophrenia,major depressive disorder"	-	GCST012088	22:46061843	33479212	"Yao X"
rs1378559-T	4E-9	-	NR	-	"5.867 z score increase"	NR	CNKSR2,RNU6-133P	"Neuropsychiatric disorders"	"attention deficit hyperactivity disorder,bipolar disorder,autism spectrum disorder,schizophrenia,major depressive disorder"	-	GCST012088	X:21362148	33479212	"Yao X"
rs5937157-T	9E-9	-	NR	-	"5.748 z score decrease"	NR	EFNB1,PJA1	"Neuropsychiatric disorders"	"attention deficit hyperactivity disorder,bipolar disorder,autism spectrum disorder,schizophrenia,major depressive disorder"	-	GCST012088	X:69157283	33479212	"Yao X"
rs800888-?	6E-13	-	NR	-	-	-	TRPS1	"Type 2 diabetes and Anorexia nervosa or Major depressive disorder or schyzophrenia or obsessive compulsive disorder"	"schizophrenia,obsessive-compulsive symptom measurement,anorexia nervosa,type 2 diabetes mellitus,major depressive disorder"	-	GCST90624696	8:115452760	36738649	"Ding H"
rs72649240-?	1E-10	-	NR	-	-	-	LINC01414	"Type 2 diabetes and Anorexia nervosa or Major depressive disorder or schyzophrenia or obsessive compulsive disorder"	"schizophrenia,obsessive-compulsive symptom measurement,anorexia nervosa,type 2 diabetes mellitus,major depressive disorder"	-	GCST90624696	8:63733714	36738649	"Ding H"
rs7975297-?	5E-10	-	NR	-	-	-	CAMKK2	"Type 2 diabetes and Anorexia nervosa or Major depressive disorder or schyzophrenia or obsessive compulsive disorder"	"schizophrenia,obsessive-compulsive symptom measurement,anorexia nervosa,type 2 diabetes mellitus,major depressive disorder"	-	GCST90624696	12:121251306	36738649	"Ding H"
rs7305864-?	7E-9	-	NR	-	-	-	CCDC92	"Type 2 diabetes and Anorexia nervosa or Major depressive disorder or schyzophrenia or obsessive compulsive disorder"	"schizophrenia,obsessive-compulsive symptom measurement,anorexia nervosa,type 2 diabetes mellitus,major depressive disorder"	-	GCST90624696	12:123957333	36738649	"Ding H"
rs13260704-?	1E-8	-	NR	-	-	-	CYP7B1	"Type 2 diabetes and Anorexia nervosa or Major depressive disorder or schyzophrenia or obsessive compulsive disorder"	"schizophrenia,obsessive-compulsive symptom measurement,anorexia nervosa,type 2 diabetes mellitus,major depressive disorder"	-	GCST90624696	8:64674148	36738649	"Ding H"
rs2185027-?	9E-9	-	NR	-	-	-	RGS17	"Type 2 diabetes and Anorexia nervosa or Major depressive disorder or schyzophrenia or obsessive compulsive disorder"	"schizophrenia,obsessive-compulsive symptom measurement,anorexia nervosa,type 2 diabetes mellitus,major depressive disorder"	-	GCST90624696	6:153060487	36738649	"Ding H"
rs1261128-?	6E-9	-	NR	-	-	-	TCF4,RNA5SP459	"Type 2 diabetes and Anorexia nervosa or Major depressive disorder or schyzophrenia or obsessive compulsive disorder"	"schizophrenia,obsessive-compulsive symptom measurement,anorexia nervosa,type 2 diabetes mellitus,major depressive disorder"	-	GCST90624696	18:55181579	36738649	"Ding H"
rs4713216-?	3E-8	-	NR	-	-	-	OR5V1,OR12D2	"Type 2 diabetes and Anorexia nervosa or Major depressive disorder or schyzophrenia or obsessive compulsive disorder"	"schizophrenia,obsessive-compulsive symptom measurement,anorexia nervosa,type 2 diabetes mellitus,major depressive disorder"	-	GCST90624696	6:29396370	36738649	"Ding H"
rs57988840-?	1E-8	-	NR	-	-	-	RPS17P5,TFAP2B	"Type 2 diabetes and Attention deficit hiperactivty disorder or Anorexia nervosa or Major depressive disorder or schyzophrenia"	"attention deficit hyperactivity disorder,schizophrenia,anorexia nervosa,type 2 diabetes mellitus,major depressive disorder"	-	GCST90624692	6:50850035	36738649	"Ding H"
rs13159986-?	3E-8	-	NR	-	-	-	TENM2	"Type 2 diabetes and Attention deficit hiperactivty disorder or Anorexia nervosa or Major depressive disorder or schyzophrenia"	"attention deficit hyperactivity disorder,schizophrenia,anorexia nervosa,type 2 diabetes mellitus,major depressive disorder"	-	GCST90624692	5:167600631	36738649	"Ding H"
rs1908954-?	3E-8	-	NR	-	-	-	RPL6P25,SLC6A15	"Type 2 diabetes and Attention deficit hiperactivty disorder or Anorexia nervosa or Major depressive disorder or schyzophrenia"	"attention deficit hyperactivity disorder,schizophrenia,anorexia nervosa,type 2 diabetes mellitus,major depressive disorder"	-	GCST90624692	12:83687765	36738649	"Ding H"
rs6741228-?	5E-16	-	NR	-	-	-	LINC01830	"Type 2 diabetes and Attention deficit hiperactivty disorder or Major depressive disorder or schyzophrenia or obsessive compulsive disorder"	"attention deficit hyperactivity disorder,schizophrenia,obsessive-compulsive symptom measurement,type 2 diabetes mellitus,major depressive disorder"	-	GCST90624695	2:22325902	36738649	"Ding H"
rs7428430-?	2E-11	-	NR	-	-	-	SEMA3F-AS1	"Type 2 diabetes and Attention deficit hiperactivty disorder or Anorexia nervosa or Major depressive disorder or obsessive compulsive disorder"	"attention deficit hyperactivity disorder,obsessive-compulsive symptom measurement,anorexia nervosa,type 2 diabetes mellitus,major depressive disorder"	-	GCST90624693	3:50136751	36738649	"Ding H"
rs938434-?	6E-12	-	NR	-	-	-	C12orf42-AS1	"Type 2 diabetes and Attention deficit hiperactivty disorder or Anorexia nervosa or Major depressive disorder or obsessive compulsive disorder"	"attention deficit hyperactivity disorder,obsessive-compulsive symptom measurement,anorexia nervosa,type 2 diabetes mellitus,major depressive disorder"	-	GCST90624693	12:103164169	36738649	"Ding H"
rs167467-?	3E-10	-	NR	-	-	-	GSTM5P1,SYN2	"Type 2 diabetes and Attention deficit hiperactivty disorder or Anorexia nervosa or Major depressive disorder or obsessive compulsive disorder"	"attention deficit hyperactivity disorder,obsessive-compulsive symptom measurement,anorexia nervosa,type 2 diabetes mellitus,major depressive disorder"	-	GCST90624693	3:12239683	36738649	"Ding H"
rs1937375-?	3E-9	-	NR	-	-	-	PTMAP5,GYG1P2	"Type 2 diabetes and Attention deficit hiperactivty disorder or Anorexia nervosa or Major depressive disorder or obsessive compulsive disorder"	"attention deficit hyperactivity disorder,obsessive-compulsive symptom measurement,anorexia nervosa,type 2 diabetes mellitus,major depressive disorder"	-	GCST90624693	13:82211827	36738649	"Ding H"
rs11208776-?	4E-9	-	NR	-	-	-	PDE4B	"Type 2 diabetes and Attention deficit hiperactivty disorder or Anorexia nervosa or Major depressive disorder or obsessive compulsive disorder"	"attention deficit hyperactivity disorder,obsessive-compulsive symptom measurement,anorexia nervosa,type 2 diabetes mellitus,major depressive disorder"	-	GCST90624693	1:65946050	36738649	"Ding H"
rs79624041-?	5E-9	-	NR	-	-	-	MYO1E	"Type 2 diabetes and Attention deficit hiperactivty disorder or Anorexia nervosa or Major depressive disorder or obsessive compulsive disorder"	"attention deficit hyperactivity disorder,obsessive-compulsive symptom measurement,anorexia nervosa,type 2 diabetes mellitus,major depressive disorder"	-	GCST90624693	15:59176841	36738649	"Ding H"
rs12441759-?	2E-8	-	NR	-	-	-	DMXL2	"Type 2 diabetes and Attention deficit hiperactivty disorder or Anorexia nervosa or Major depressive disorder or obsessive compulsive disorder"	"attention deficit hyperactivity disorder,obsessive-compulsive symptom measurement,anorexia nervosa,type 2 diabetes mellitus,major depressive disorder"	-	GCST90624693	15:51462836	36738649	"Ding H"
rs288159-?	2E-8	-	NR	-	-	-	FBXL17	"Type 2 diabetes and Attention deficit hiperactivty disorder or Anorexia nervosa or Major depressive disorder or obsessive compulsive disorder"	"attention deficit hyperactivity disorder,obsessive-compulsive symptom measurement,anorexia nervosa,type 2 diabetes mellitus,major depressive disorder"	-	GCST90624693	5:108028662	36738649	"Ding H"
rs10818400-?	2E-8	-	NR	-	-	-	BRINP1,LINC01613	"Type 2 diabetes and Attention deficit hiperactivty disorder or Anorexia nervosa or Major depressive disorder or schyzophrenia or obsessive compulsive disorder"	"attention deficit hyperactivity disorder,schizophrenia,obsessive-compulsive symptom measurement,anorexia nervosa,type 2 diabetes mellitus,major depressive disorder"	-	GCST90624697	9:119902190	36738649	"Ding H"
rs73142879-?	5E-8	-	NR	-	-	-	LINC01524	"Type 2 diabetes and Attention deficit hiperactivty disorder or Anorexia nervosa or Major depressive disorder or schyzophrenia or obsessive compulsive disorder"	"attention deficit hyperactivity disorder,schizophrenia,obsessive-compulsive symptom measurement,anorexia nervosa,type 2 diabetes mellitus,major depressive disorder"	-	GCST90624697	20:52579393	36738649	"Ding H"
rs11688767-?	2E-14	-	NR	-	-	-	EIF2S2P7,ACTG1P22	"Anorexia nervosa, attention-deficit/hyperactivity disorder, autism spectrum disorder, bipolar disorder, major depression, obsessive-compulsive disorder, schizophrenia, or Tourette syndrome (pleiotropy)"	"obsessive-compulsive disorder,attention deficit hyperactivity disorder,Tourette syndrome,bipolar disorder,autism spectrum disorder,schizophrenia,anorexia nervosa,major depressive disorder"	-	GCST009600	2:57761059	31835028	"Cross-Disorder Group of the Psychiatric Genomics Consortium"
rs11693528-?	1E-12	-	NR	-	-	-	FTCDNL1,RN7SL717P	"Anorexia nervosa, attention-deficit/hyperactivity disorder, autism spectrum disorder, bipolar disorder, major depression, obsessive-compulsive disorder, schizophrenia, or Tourette syndrome (pleiotropy)"	"obsessive-compulsive disorder,attention deficit hyperactivity disorder,Tourette syndrome,bipolar disorder,autism spectrum disorder,schizophrenia,anorexia nervosa,major depressive disorder"	-	GCST009600	2:199871784	31835028	"Cross-Disorder Group of the Psychiatric Genomics Consortium"
rs11866581-?	2E-8	-	NR	-	-	-	RNA5SP428,LINC00922	"Anorexia nervosa, attention-deficit/hyperactivity disorder, autism spectrum disorder, bipolar disorder, major depression, obsessive-compulsive disorder, schizophrenia, or Tourette syndrome (pleiotropy)"	"obsessive-compulsive disorder,attention deficit hyperactivity disorder,Tourette syndrome,bipolar disorder,autism spectrum disorder,schizophrenia,anorexia nervosa,major depressive disorder"	-	GCST009600	16:66130620	31835028	"Cross-Disorder Group of the Psychiatric Genomics Consortium"
rs11874716-?	8E-9	-	NR	-	-	-	LINC01929,CCDC68	"Anorexia nervosa, attention-deficit/hyperactivity disorder, autism spectrum disorder, bipolar disorder, major depression, obsessive-compulsive disorder, schizophrenia, or Tourette syndrome (pleiotropy)"	"obsessive-compulsive disorder,attention deficit hyperactivity disorder,Tourette syndrome,bipolar disorder,autism spectrum disorder,schizophrenia,anorexia nervosa,major depressive disorder"	-	GCST009600	18:55083457	31835028	"Cross-Disorder Group of the Psychiatric Genomics Consortium"
rs12668848-?	1E-13	-	NR	-	-	-	MAD1L1	"Anorexia nervosa, attention-deficit/hyperactivity disorder, autism spectrum disorder, bipolar disorder, major depression, obsessive-compulsive disorder, schizophrenia, or Tourette syndrome (pleiotropy)"	"obsessive-compulsive disorder,attention deficit hyperactivity disorder,Tourette syndrome,bipolar disorder,autism spectrum disorder,schizophrenia,anorexia nervosa,major depressive disorder"	-	GCST009600	7:1981360	31835028	"Cross-Disorder Group of the Psychiatric Genomics Consortium"
rs12704290-?	3E-10	-	NR	-	-	-	GRM3,GRM3-AS1	"Anorexia nervosa, attention-deficit/hyperactivity disorder, autism spectrum disorder, bipolar disorder, major depression, obsessive-compulsive disorder, schizophrenia, or Tourette syndrome (pleiotropy)"	"obsessive-compulsive disorder,attention deficit hyperactivity disorder,Tourette syndrome,bipolar disorder,autism spectrum disorder,schizophrenia,anorexia nervosa,major depressive disorder"	-	GCST009600	7:86798310	31835028	"Cross-Disorder Group of the Psychiatric Genomics Consortium"
rs12712388-?	1E-10	-	NR	-	-	-	LINC01830	"Anorexia nervosa, attention-deficit/hyperactivity disorder, autism spectrum disorder, bipolar disorder, major depression, obsessive-compulsive disorder, schizophrenia, or Tourette syndrome (pleiotropy)"	"obsessive-compulsive disorder,attention deficit hyperactivity disorder,Tourette syndrome,bipolar disorder,autism spectrum disorder,schizophrenia,anorexia nervosa,major depressive disorder"	-	GCST009600	2:22323759	31835028	"Cross-Disorder Group of the Psychiatric Genomics Consortium"
rs12826178-?	6E-10	-	NR	-	-	-	SHMT2,NXPH4	"Anorexia nervosa, attention-deficit/hyperactivity disorder, autism spectrum disorder, bipolar disorder, major depression, obsessive-compulsive disorder, schizophrenia, or Tourette syndrome (pleiotropy)"	"obsessive-compulsive disorder,attention deficit hyperactivity disorder,Tourette syndrome,bipolar disorder,autism spectrum disorder,schizophrenia,anorexia nervosa,major depressive disorder"	-	GCST009600	12:57228588	31835028	"Cross-Disorder Group of the Psychiatric Genomics Consortium"
rs12894153-?	2E-8	-	NR	-	-	-	RTN1	"Anorexia nervosa, attention-deficit/hyperactivity disorder, autism spectrum disorder, bipolar disorder, major depression, obsessive-compulsive disorder, schizophrenia, or Tourette syndrome (pleiotropy)"	"obsessive-compulsive disorder,attention deficit hyperactivity disorder,Tourette syndrome,bipolar disorder,autism spectrum disorder,schizophrenia,anorexia nervosa,major depressive disorder"	-	GCST009600	14:59689975	31835028	"Cross-Disorder Group of the Psychiatric Genomics Consortium"
rs12898460-?	4E-8	-	NR	-	-	-	LINC02694	"Anorexia nervosa, attention-deficit/hyperactivity disorder, autism spectrum disorder, bipolar disorder, major depression, obsessive-compulsive disorder, schizophrenia, or Tourette syndrome (pleiotropy)"	"obsessive-compulsive disorder,attention deficit hyperactivity disorder,Tourette syndrome,bipolar disorder,autism spectrum disorder,schizophrenia,anorexia nervosa,major depressive disorder"	-	GCST009600	15:38694612	31835028	"Cross-Disorder Group of the Psychiatric Genomics Consortium"
rs12958048-?	1E-12	-	NR	-	-	-	TCF4	"Anorexia nervosa, attention-deficit/hyperactivity disorder, autism spectrum disorder, bipolar disorder, major depression, obsessive-compulsive disorder, schizophrenia, or Tourette syndrome (pleiotropy)"	"obsessive-compulsive disorder,attention deficit hyperactivity disorder,Tourette syndrome,bipolar disorder,autism spectrum disorder,schizophrenia,anorexia nervosa,major depressive disorder"	-	GCST009600	18:55434367	31835028	"Cross-Disorder Group of the Psychiatric Genomics Consortium"
rs13217619-?	1E-27	-	NR	-	-	-	ZSCAN31	"Anorexia nervosa, attention-deficit/hyperactivity disorder, autism spectrum disorder, bipolar disorder, major depression, obsessive-compulsive disorder, schizophrenia, or Tourette syndrome (pleiotropy)"	"obsessive-compulsive disorder,attention deficit hyperactivity disorder,Tourette syndrome,bipolar disorder,autism spectrum disorder,schizophrenia,anorexia nervosa,major depressive disorder"	-	GCST009600	6:28338894	31835028	"Cross-Disorder Group of the Psychiatric Genomics Consortium"
rs13240464-?	6E-11	-	NR	-	-	-	IMMP2L	"Anorexia nervosa, attention-deficit/hyperactivity disorder, autism spectrum disorder, bipolar disorder, major depression, obsessive-compulsive disorder, schizophrenia, or Tourette syndrome (pleiotropy)"	"obsessive-compulsive disorder,attention deficit hyperactivity disorder,Tourette syndrome,bipolar disorder,autism spectrum disorder,schizophrenia,anorexia nervosa,major depressive disorder"	-	GCST009600	7:111258859	31835028	"Cross-Disorder Group of the Psychiatric Genomics Consortium"
rs28669119-?	2E-9	-	NR	-	-	-	MEF2C-AS1	"Anorexia nervosa, attention-deficit/hyperactivity disorder, autism spectrum disorder, bipolar disorder, major depression, obsessive-compulsive disorder, schizophrenia, or Tourette syndrome (pleiotropy)"	"obsessive-compulsive disorder,attention deficit hyperactivity disorder,Tourette syndrome,bipolar disorder,autism spectrum disorder,schizophrenia,anorexia nervosa,major depressive disorder"	-	GCST009600	5:88909036	31835028	"Cross-Disorder Group of the Psychiatric Genomics Consortium"
rs28681284-?	6E-12	-	NR	-	-	-	CHRNA3	"Anorexia nervosa, attention-deficit/hyperactivity disorder, autism spectrum disorder, bipolar disorder, major depression, obsessive-compulsive disorder, schizophrenia, or Tourette syndrome (pleiotropy)"	"obsessive-compulsive disorder,attention deficit hyperactivity disorder,Tourette syndrome,bipolar disorder,autism spectrum disorder,schizophrenia,anorexia nervosa,major depressive disorder"	-	GCST009600	15:78616223	31835028	"Cross-Disorder Group of the Psychiatric Genomics Consortium"
rs34215985-?	3E-10	-	NR	-	-	-	SLC30A9	"Anorexia nervosa, attention-deficit/hyperactivity disorder, autism spectrum disorder, bipolar disorder, major depression, obsessive-compulsive disorder, schizophrenia, or Tourette syndrome (pleiotropy)"	"obsessive-compulsive disorder,attention deficit hyperactivity disorder,Tourette syndrome,bipolar disorder,autism spectrum disorder,schizophrenia,anorexia nervosa,major depressive disorder"	-	GCST009600	4:42045761	31835028	"Cross-Disorder Group of the Psychiatric Genomics Consortium"
rs35225200-?	1E-10	-	NR	-	-	-	BANK1,SLC39A8	"Anorexia nervosa, attention-deficit/hyperactivity disorder, autism spectrum disorder, bipolar disorder, major depression, obsessive-compulsive disorder, schizophrenia, or Tourette syndrome (pleiotropy)"	"obsessive-compulsive disorder,attention deficit hyperactivity disorder,Tourette syndrome,bipolar disorder,autism spectrum disorder,schizophrenia,anorexia nervosa,major depressive disorder"	-	GCST009600	4:102225731	31835028	"Cross-Disorder Group of the Psychiatric Genomics Consortium"
rs35346733-?	8E-10	-	NR	-	-	-	CNTN4	"Anorexia nervosa, attention-deficit/hyperactivity disorder, autism spectrum disorder, bipolar disorder, major depression, obsessive-compulsive disorder, schizophrenia, or Tourette syndrome (pleiotropy)"	"obsessive-compulsive disorder,attention deficit hyperactivity disorder,Tourette syndrome,bipolar disorder,autism spectrum disorder,schizophrenia,anorexia nervosa,major depressive disorder"	-	GCST009600	3:2479638	31835028	"Cross-Disorder Group of the Psychiatric Genomics Consortium"
rs35610290-?	2E-10	-	NR	-	-	-	DNAJC17P1,SEC61GP1	"Anorexia nervosa, attention-deficit/hyperactivity disorder, autism spectrum disorder, bipolar disorder, major depression, obsessive-compulsive disorder, schizophrenia, or Tourette syndrome (pleiotropy)"	"obsessive-compulsive disorder,attention deficit hyperactivity disorder,Tourette syndrome,bipolar disorder,autism spectrum disorder,schizophrenia,anorexia nervosa,major depressive disorder"	-	GCST009600	2:193514178	31835028	"Cross-Disorder Group of the Psychiatric Genomics Consortium"
rs35774874-?	2E-9	-	NR	-	-	-	RN7SL167P,SNX19	"Anorexia nervosa, attention-deficit/hyperactivity disorder, autism spectrum disorder, bipolar disorder, major depression, obsessive-compulsive disorder, schizophrenia, or Tourette syndrome (pleiotropy)"	"obsessive-compulsive disorder,attention deficit hyperactivity disorder,Tourette syndrome,bipolar disorder,autism spectrum disorder,schizophrenia,anorexia nervosa,major depressive disorder"	-	GCST009600	11:130941461	31835028	"Cross-Disorder Group of the Psychiatric Genomics Consortium"
rs36063234-?	5E-10	-	NR	-	-	-	NPAS3	"Anorexia nervosa, attention-deficit/hyperactivity disorder, autism spectrum disorder, bipolar disorder, major depression, obsessive-compulsive disorder, schizophrenia, or Tourette syndrome (pleiotropy)"	"obsessive-compulsive disorder,attention deficit hyperactivity disorder,Tourette syndrome,bipolar disorder,autism spectrum disorder,schizophrenia,anorexia nervosa,major depressive disorder"	-	GCST009600	14:32940606	31835028	"Cross-Disorder Group of the Psychiatric Genomics Consortium"
rs55648125-?	9E-9	-	NR	-	-	-	TFAP2B,RPS17P5	"Anorexia nervosa, attention-deficit/hyperactivity disorder, autism spectrum disorder, bipolar disorder, major depression, obsessive-compulsive disorder, schizophrenia, or Tourette syndrome (pleiotropy)"	"obsessive-compulsive disorder,attention deficit hyperactivity disorder,Tourette syndrome,bipolar disorder,autism spectrum disorder,schizophrenia,anorexia nervosa,major depressive disorder"	-	GCST009600	6:50849005	31835028	"Cross-Disorder Group of the Psychiatric Genomics Consortium"
rs55661361-?	2E-11	-	NR	-	-	-	NRGN	"Anorexia nervosa, attention-deficit/hyperactivity disorder, autism spectrum disorder, bipolar disorder, major depression, obsessive-compulsive disorder, schizophrenia, or Tourette syndrome (pleiotropy)"	"obsessive-compulsive disorder,attention deficit hyperactivity disorder,Tourette syndrome,bipolar disorder,autism spectrum disorder,schizophrenia,anorexia nervosa,major depressive disorder"	-	GCST009600	11:124744061	31835028	"Cross-Disorder Group of the Psychiatric Genomics Consortium"
rs58235352-?	5E-8	-	NR	-	-	-	ACADS,SPPL3	"Anorexia nervosa, attention-deficit/hyperactivity disorder, autism spectrum disorder, bipolar disorder, major depression, obsessive-compulsive disorder, schizophrenia, or Tourette syndrome (pleiotropy)"	"obsessive-compulsive disorder,attention deficit hyperactivity disorder,Tourette syndrome,bipolar disorder,autism spectrum disorder,schizophrenia,anorexia nervosa,major depressive disorder"	-	GCST009600	12:120748443	31835028	"Cross-Disorder Group of the Psychiatric Genomics Consortium"
rs59979824-?	4E-9	-	NR	-	-	-	SLC44A3P1,PCGEM1	"Anorexia nervosa, attention-deficit/hyperactivity disorder, autism spectrum disorder, bipolar disorder, major depression, obsessive-compulsive disorder, schizophrenia, or Tourette syndrome (pleiotropy)"	"obsessive-compulsive disorder,attention deficit hyperactivity disorder,Tourette syndrome,bipolar disorder,autism spectrum disorder,schizophrenia,anorexia nervosa,major depressive disorder"	-	GCST009600	2:192983614	31835028	"Cross-Disorder Group of the Psychiatric Genomics Consortium"
rs61867293-?	8E-15	-	NR	-	-	-	SORCS3	"Anorexia nervosa, attention-deficit/hyperactivity disorder, autism spectrum disorder, bipolar disorder, major depression, obsessive-compulsive disorder, schizophrenia, or Tourette syndrome (pleiotropy)"	"obsessive-compulsive disorder,attention deficit hyperactivity disorder,Tourette syndrome,bipolar disorder,autism spectrum disorder,schizophrenia,anorexia nervosa,major depressive disorder"	-	GCST009600	10:104804166	31835028	"Cross-Disorder Group of the Psychiatric Genomics Consortium"
rs61882743-?	1E-8	-	NR	-	-	-	AMBRA1	"Anorexia nervosa, attention-deficit/hyperactivity disorder, autism spectrum disorder, bipolar disorder, major depression, obsessive-compulsive disorder, schizophrenia, or Tourette syndrome (pleiotropy)"	"obsessive-compulsive disorder,attention deficit hyperactivity disorder,Tourette syndrome,bipolar disorder,autism spectrum disorder,schizophrenia,anorexia nervosa,major depressive disorder"	-	GCST009600	11:46527204	31835028	"Cross-Disorder Group of the Psychiatric Genomics Consortium"
rs62526783-?	2E-8	-	NR	-	-	-	NDUFB9P3,RPSAP48	"Anorexia nervosa, attention-deficit/hyperactivity disorder, autism spectrum disorder, bipolar disorder, major depression, obsessive-compulsive disorder, schizophrenia, or Tourette syndrome (pleiotropy)"	"obsessive-compulsive disorder,attention deficit hyperactivity disorder,Tourette syndrome,bipolar disorder,autism spectrum disorder,schizophrenia,anorexia nervosa,major depressive disorder"	-	GCST009600	8:110458937	31835028	"Cross-Disorder Group of the Psychiatric Genomics Consortium"
rs71395455-?	5E-14	-	NR	-	-	-	ZSCAN2,ZSCAN2-AS1	"Anorexia nervosa, attention-deficit/hyperactivity disorder, autism spectrum disorder, bipolar disorder, major depression, obsessive-compulsive disorder, schizophrenia, or Tourette syndrome (pleiotropy)"	"obsessive-compulsive disorder,attention deficit hyperactivity disorder,Tourette syndrome,bipolar disorder,autism spectrum disorder,schizophrenia,anorexia nervosa,major depressive disorder"	-	GCST009600	15:84610573	31835028	"Cross-Disorder Group of the Psychiatric Genomics Consortium"
rs75059851-?	6E-10	-	NR	-	-	-	IGSF9B	"Anorexia nervosa, attention-deficit/hyperactivity disorder, autism spectrum disorder, bipolar disorder, major depression, obsessive-compulsive disorder, schizophrenia, or Tourette syndrome (pleiotropy)"	"obsessive-compulsive disorder,attention deficit hyperactivity disorder,Tourette syndrome,bipolar disorder,autism spectrum disorder,schizophrenia,anorexia nervosa,major depressive disorder"	-	GCST009600	11:133952674	31835028	"Cross-Disorder Group of the Psychiatric Genomics Consortium"
rs77135925-?	8E-9	-	NR	-	-	-	MYO18A	"Anorexia nervosa, attention-deficit/hyperactivity disorder, autism spectrum disorder, bipolar disorder, major depression, obsessive-compulsive disorder, schizophrenia, or Tourette syndrome (pleiotropy)"	"obsessive-compulsive disorder,attention deficit hyperactivity disorder,Tourette syndrome,bipolar disorder,autism spectrum disorder,schizophrenia,anorexia nervosa,major depressive disorder"	-	GCST009600	17:29168251	31835028	"Cross-Disorder Group of the Psychiatric Genomics Consortium"
rs78337797-?	5E-8	-	NR	-	-	-	SOX5	"Anorexia nervosa, attention-deficit/hyperactivity disorder, autism spectrum disorder, bipolar disorder, major depression, obsessive-compulsive disorder, schizophrenia, or Tourette syndrome (pleiotropy)"	"obsessive-compulsive disorder,attention deficit hyperactivity disorder,Tourette syndrome,bipolar disorder,autism spectrum disorder,schizophrenia,anorexia nervosa,major depressive disorder"	-	GCST009600	12:23834991	31835028	"Cross-Disorder Group of the Psychiatric Genomics Consortium"
rs79879286-?	7E-11	-	NR	-	-	-	GSDME,OSBPL3	"Anorexia nervosa, attention-deficit/hyperactivity disorder, autism spectrum disorder, bipolar disorder, major depression, obsessive-compulsive disorder, schizophrenia, or Tourette syndrome (pleiotropy)"	"obsessive-compulsive disorder,attention deficit hyperactivity disorder,Tourette syndrome,bipolar disorder,autism spectrum disorder,schizophrenia,anorexia nervosa,major depressive disorder"	-	GCST009600	7:24786970	31835028	"Cross-Disorder Group of the Psychiatric Genomics Consortium"
rs80256351-?	3E-9	-	NR	-	-	-	VRK2,ACTG1P22	"Anorexia nervosa, attention-deficit/hyperactivity disorder, autism spectrum disorder, bipolar disorder, major depression, obsessive-compulsive disorder, schizophrenia, or Tourette syndrome (pleiotropy)"	"obsessive-compulsive disorder,attention deficit hyperactivity disorder,Tourette syndrome,bipolar disorder,autism spectrum disorder,schizophrenia,anorexia nervosa,major depressive disorder"	-	GCST009600	2:57844458	31835028	"Cross-Disorder Group of the Psychiatric Genomics Consortium"
rs80318442-?	4E-12	-	NR	-	-	-	LINC01288,RPL10AP3	"Anorexia nervosa, attention-deficit/hyperactivity disorder, autism spectrum disorder, bipolar disorder, major depression, obsessive-compulsive disorder, schizophrenia, or Tourette syndrome (pleiotropy)"	"obsessive-compulsive disorder,attention deficit hyperactivity disorder,Tourette syndrome,bipolar disorder,autism spectrum disorder,schizophrenia,anorexia nervosa,major depressive disorder"	-	GCST009600	8:34428027	31835028	"Cross-Disorder Group of the Psychiatric Genomics Consortium"
rs111294930-?	3E-10	-	NR	-	-	-	LINC01470	"Anorexia nervosa, attention-deficit/hyperactivity disorder, autism spectrum disorder, bipolar disorder, major depression, obsessive-compulsive disorder, schizophrenia, or Tourette syndrome (pleiotropy)"	"obsessive-compulsive disorder,attention deficit hyperactivity disorder,Tourette syndrome,bipolar disorder,autism spectrum disorder,schizophrenia,anorexia nervosa,major depressive disorder"	-	GCST009600	5:152797561	31835028	"Cross-Disorder Group of the Psychiatric Genomics Consortium"
rs116755193-?	1E-8	-	NR	-	-	-	LINC02240	"Anorexia nervosa, attention-deficit/hyperactivity disorder, autism spectrum disorder, bipolar disorder, major depression, obsessive-compulsive disorder, schizophrenia, or Tourette syndrome (pleiotropy)"	"obsessive-compulsive disorder,attention deficit hyperactivity disorder,Tourette syndrome,bipolar disorder,autism spectrum disorder,schizophrenia,anorexia nervosa,major depressive disorder"	-	GCST009600	5:124916190	31835028	"Cross-Disorder Group of the Psychiatric Genomics Consortium"
rs117956829-?	2E-9	-	NR	-	-	-	H3P34,FOLH1B	"Anorexia nervosa, attention-deficit/hyperactivity disorder, autism spectrum disorder, bipolar disorder, major depression, obsessive-compulsive disorder, schizophrenia, or Tourette syndrome (pleiotropy)"	"obsessive-compulsive disorder,attention deficit hyperactivity disorder,Tourette syndrome,bipolar disorder,autism spectrum disorder,schizophrenia,anorexia nervosa,major depressive disorder"	-	GCST009600	11:89606498	31835028	"Cross-Disorder Group of the Psychiatric Genomics Consortium"
rs140505938-?	2E-12	-	NR	-	-	-	RPL6P31,VPS45	"Anorexia nervosa, attention-deficit/hyperactivity disorder, autism spectrum disorder, bipolar disorder, major depression, obsessive-compulsive disorder, schizophrenia, or Tourette syndrome (pleiotropy)"	"obsessive-compulsive disorder,attention deficit hyperactivity disorder,Tourette syndrome,bipolar disorder,autism spectrum disorder,schizophrenia,anorexia nervosa,major depressive disorder"	-	GCST009600	1:150059494	31835028	"Cross-Disorder Group of the Psychiatric Genomics Consortium"
rs142462188-?	1E-8	-	NR	-	-	-	LINC01645	"Anorexia nervosa, attention-deficit/hyperactivity disorder, autism spectrum disorder, bipolar disorder, major depression, obsessive-compulsive disorder, schizophrenia, or Tourette syndrome (pleiotropy)"	"obsessive-compulsive disorder,attention deficit hyperactivity disorder,Tourette syndrome,bipolar disorder,autism spectrum disorder,schizophrenia,anorexia nervosa,major depressive disorder"	-	GCST009600	1:177405627	31835028	"Cross-Disorder Group of the Psychiatric Genomics Consortium"
rs144158419-?	7E-9	-	NR	-	-	-	LINC01416	"Anorexia nervosa, attention-deficit/hyperactivity disorder, autism spectrum disorder, bipolar disorder, major depression, obsessive-compulsive disorder, schizophrenia, or Tourette syndrome (pleiotropy)"	"obsessive-compulsive disorder,attention deficit hyperactivity disorder,Tourette syndrome,bipolar disorder,autism spectrum disorder,schizophrenia,anorexia nervosa,major depressive disorder"	-	GCST009600	18:55887502	31835028	"Cross-Disorder Group of the Psychiatric Genomics Consortium"
rs188099135-?	3E-8	-	NR	-	-	-	EPHX2,GULOP	"Anorexia nervosa, attention-deficit/hyperactivity disorder, autism spectrum disorder, bipolar disorder, major depression, obsessive-compulsive disorder, schizophrenia, or Tourette syndrome (pleiotropy)"	"obsessive-compulsive disorder,attention deficit hyperactivity disorder,Tourette syndrome,bipolar disorder,autism spectrum disorder,schizophrenia,anorexia nervosa,major depressive disorder"	-	GCST009600	8:27554275	31835028	"Cross-Disorder Group of the Psychiatric Genomics Consortium"
rs11887562-?	3E-8	-	NR	-	-	-	LINC01830,LINC03116	"Anorexia nervosa, attention-deficit/hyperactivity disorder, autism spectrum disorder, bipolar disorder, major depression, obsessive-compulsive disorder, schizophrenia, or Tourette syndrome (pleiotropy)"	"obsessive-compulsive disorder,attention deficit hyperactivity disorder,Tourette syndrome,bipolar disorder,autism spectrum disorder,schizophrenia,anorexia nervosa,major depressive disorder"	-	GCST009600	2:22400520	31835028	"Cross-Disorder Group of the Psychiatric Genomics Consortium"
rs12129573-?	5E-17	-	NR	-	-	-	LINC01360,RN7SKP19	"Anorexia nervosa, attention-deficit/hyperactivity disorder, autism spectrum disorder, bipolar disorder, major depression, obsessive-compulsive disorder, schizophrenia, or Tourette syndrome (pleiotropy)"	"obsessive-compulsive disorder,attention deficit hyperactivity disorder,Tourette syndrome,bipolar disorder,autism spectrum disorder,schizophrenia,anorexia nervosa,major depressive disorder"	-	GCST009600	1:73302683	31835028	"Cross-Disorder Group of the Psychiatric Genomics Consortium"
rs12474906-?	8E-9	-	NR	-	-	-	MRPL33,RBKS	"Anorexia nervosa, attention-deficit/hyperactivity disorder, autism spectrum disorder, bipolar disorder, major depression, obsessive-compulsive disorder, schizophrenia, or Tourette syndrome (pleiotropy)"	"obsessive-compulsive disorder,attention deficit hyperactivity disorder,Tourette syndrome,bipolar disorder,autism spectrum disorder,schizophrenia,anorexia nervosa,major depressive disorder"	-	GCST009600	2:27810671	31835028	"Cross-Disorder Group of the Psychiatric Genomics Consortium"
rs12658451-?	2E-16	-	NR	-	-	-	NIHCOLE,RNU6-334P	"Anorexia nervosa, attention-deficit/hyperactivity disorder, autism spectrum disorder, bipolar disorder, major depression, obsessive-compulsive disorder, schizophrenia, or Tourette syndrome (pleiotropy)"	"obsessive-compulsive disorder,attention deficit hyperactivity disorder,Tourette syndrome,bipolar disorder,autism spectrum disorder,schizophrenia,anorexia nervosa,major depressive disorder"	-	GCST009600	5:104568336	31835028	"Cross-Disorder Group of the Psychiatric Genomics Consortium"
rs7618871-?	1E-8	-	NR	-	-	-	STAG1	"Anorexia nervosa, attention-deficit/hyperactivity disorder, autism spectrum disorder, bipolar disorder, major depression, obsessive-compulsive disorder, schizophrenia, or Tourette syndrome (pleiotropy)"	"obsessive-compulsive disorder,attention deficit hyperactivity disorder,Tourette syndrome,bipolar disorder,autism spectrum disorder,schizophrenia,anorexia nervosa,major depressive disorder"	-	GCST009600	3:136681578	31835028	"Cross-Disorder Group of the Psychiatric Genomics Consortium"
rs7785663-?	3E-8	-	NR	-	-	-	DGKI	"Anorexia nervosa, attention-deficit/hyperactivity disorder, autism spectrum disorder, bipolar disorder, major depression, obsessive-compulsive disorder, schizophrenia, or Tourette syndrome (pleiotropy)"	"obsessive-compulsive disorder,attention deficit hyperactivity disorder,Tourette syndrome,bipolar disorder,autism spectrum disorder,schizophrenia,anorexia nervosa,major depressive disorder"	-	GCST009600	7:137385552	31835028	"Cross-Disorder Group of the Psychiatric Genomics Consortium"
rs7968921-?	5E-8	-	NR	-	-	-	SOX5	"Anorexia nervosa, attention-deficit/hyperactivity disorder, autism spectrum disorder, bipolar disorder, major depression, obsessive-compulsive disorder, schizophrenia, or Tourette syndrome (pleiotropy)"	"obsessive-compulsive disorder,attention deficit hyperactivity disorder,Tourette syndrome,bipolar disorder,autism spectrum disorder,schizophrenia,anorexia nervosa,major depressive disorder"	-	GCST009600	12:23807243	31835028	"Cross-Disorder Group of the Psychiatric Genomics Consortium"
rs8054556-?	4E-11	-	NR	-	-	-	TMEM219	"Anorexia nervosa, attention-deficit/hyperactivity disorder, autism spectrum disorder, bipolar disorder, major depression, obsessive-compulsive disorder, schizophrenia, or Tourette syndrome (pleiotropy)"	"obsessive-compulsive disorder,attention deficit hyperactivity disorder,Tourette syndrome,bipolar disorder,autism spectrum disorder,schizophrenia,anorexia nervosa,major depressive disorder"	-	GCST009600	16:29946895	31835028	"Cross-Disorder Group of the Psychiatric Genomics Consortium"
rs8066384-?	3E-8	-	NR	-	-	-	RPTOR	"Anorexia nervosa, attention-deficit/hyperactivity disorder, autism spectrum disorder, bipolar disorder, major depression, obsessive-compulsive disorder, schizophrenia, or Tourette syndrome (pleiotropy)"	"obsessive-compulsive disorder,attention deficit hyperactivity disorder,Tourette syndrome,bipolar disorder,autism spectrum disorder,schizophrenia,anorexia nervosa,major depressive disorder"	-	GCST009600	17:80651956	31835028	"Cross-Disorder Group of the Psychiatric Genomics Consortium"
rs8084351-?	4E-12	-	NR	-	-	-	DCC	"Anorexia nervosa, attention-deficit/hyperactivity disorder, autism spectrum disorder, bipolar disorder, major depression, obsessive-compulsive disorder, schizophrenia, or Tourette syndrome (pleiotropy)"	"obsessive-compulsive disorder,attention deficit hyperactivity disorder,Tourette syndrome,bipolar disorder,autism spectrum disorder,schizophrenia,anorexia nervosa,major depressive disorder"	-	GCST009600	18:53200189	31835028	"Cross-Disorder Group of the Psychiatric Genomics Consortium"
rs9360557-?	3E-9	-	NR	-	-	-	KCNQ5-DT,RIMS1	"Anorexia nervosa, attention-deficit/hyperactivity disorder, autism spectrum disorder, bipolar disorder, major depression, obsessive-compulsive disorder, schizophrenia, or Tourette syndrome (pleiotropy)"	"obsessive-compulsive disorder,attention deficit hyperactivity disorder,Tourette syndrome,bipolar disorder,autism spectrum disorder,schizophrenia,anorexia nervosa,major depressive disorder"	-	GCST009600	6:72423043	31835028	"Cross-Disorder Group of the Psychiatric Genomics Consortium"
rs9636107-?	3E-10	-	NR	-	-	-	TCF4	"Anorexia nervosa, attention-deficit/hyperactivity disorder, autism spectrum disorder, bipolar disorder, major depression, obsessive-compulsive disorder, schizophrenia, or Tourette syndrome (pleiotropy)"	"obsessive-compulsive disorder,attention deficit hyperactivity disorder,Tourette syndrome,bipolar disorder,autism spectrum disorder,schizophrenia,anorexia nervosa,major depressive disorder"	-	GCST009600	18:55532886	31835028	"Cross-Disorder Group of the Psychiatric Genomics Consortium"
rs9677504-?	7E-9	-	NR	-	-	-	SPAG16	"Anorexia nervosa, attention-deficit/hyperactivity disorder, autism spectrum disorder, bipolar disorder, major depression, obsessive-compulsive disorder, schizophrenia, or Tourette syndrome (pleiotropy)"	"obsessive-compulsive disorder,attention deficit hyperactivity disorder,Tourette syndrome,bipolar disorder,autism spectrum disorder,schizophrenia,anorexia nervosa,major depressive disorder"	-	GCST009600	2:214317165	31835028	"Cross-Disorder Group of the Psychiatric Genomics Consortium"
rs9787523-?	4E-10	-	NR	-	-	-	SORCS3	"Anorexia nervosa, attention-deficit/hyperactivity disorder, autism spectrum disorder, bipolar disorder, major depression, obsessive-compulsive disorder, schizophrenia, or Tourette syndrome (pleiotropy)"	"obsessive-compulsive disorder,attention deficit hyperactivity disorder,Tourette syndrome,bipolar disorder,autism spectrum disorder,schizophrenia,anorexia nervosa,major depressive disorder"	-	GCST009600	10:104700702	31835028	"Cross-Disorder Group of the Psychiatric Genomics Consortium"
rs9834970-?	2E-17	-	NR	-	-	-	LINC02033,HSPD1P6	"Anorexia nervosa, attention-deficit/hyperactivity disorder, autism spectrum disorder, bipolar disorder, major depression, obsessive-compulsive disorder, schizophrenia, or Tourette syndrome (pleiotropy)"	"obsessive-compulsive disorder,attention deficit hyperactivity disorder,Tourette syndrome,bipolar disorder,autism spectrum disorder,schizophrenia,anorexia nervosa,major depressive disorder"	-	GCST009600	3:36814539	31835028	"Cross-Disorder Group of the Psychiatric Genomics Consortium"
rs9922678-?	3E-10	-	NR	-	-	-	GRIN2A	"Anorexia nervosa, attention-deficit/hyperactivity disorder, autism spectrum disorder, bipolar disorder, major depression, obsessive-compulsive disorder, schizophrenia, or Tourette syndrome (pleiotropy)"	"obsessive-compulsive disorder,attention deficit hyperactivity disorder,Tourette syndrome,bipolar disorder,autism spectrum disorder,schizophrenia,anorexia nervosa,major depressive disorder"	-	GCST009600	16:9852462	31835028	"Cross-Disorder Group of the Psychiatric Genomics Consortium"
rs10043984-?	2E-9	-	NR	-	-	-	KDM3B	"Anorexia nervosa, attention-deficit/hyperactivity disorder, autism spectrum disorder, bipolar disorder, major depression, obsessive-compulsive disorder, schizophrenia, or Tourette syndrome (pleiotropy)"	"obsessive-compulsive disorder,attention deficit hyperactivity disorder,Tourette syndrome,bipolar disorder,autism spectrum disorder,schizophrenia,anorexia nervosa,major depressive disorder"	-	GCST009600	5:138376432	31835028	"Cross-Disorder Group of the Psychiatric Genomics Consortium"
rs10108980-?	4E-10	-	NR	-	-	-	CSMD1	"Anorexia nervosa, attention-deficit/hyperactivity disorder, autism spectrum disorder, bipolar disorder, major depression, obsessive-compulsive disorder, schizophrenia, or Tourette syndrome (pleiotropy)"	"obsessive-compulsive disorder,attention deficit hyperactivity disorder,Tourette syndrome,bipolar disorder,autism spectrum disorder,schizophrenia,anorexia nervosa,major depressive disorder"	-	GCST009600	8:4333924	31835028	"Cross-Disorder Group of the Psychiatric Genomics Consortium"
rs10149470-?	5E-13	-	NR	-	-	-	RNU7-160P,BAG5	"Anorexia nervosa, attention-deficit/hyperactivity disorder, autism spectrum disorder, bipolar disorder, major depression, obsessive-compulsive disorder, schizophrenia, or Tourette syndrome (pleiotropy)"	"obsessive-compulsive disorder,attention deficit hyperactivity disorder,Tourette syndrome,bipolar disorder,autism spectrum disorder,schizophrenia,anorexia nervosa,major depressive disorder"	-	GCST009600	14:103551616	31835028	"Cross-Disorder Group of the Psychiatric Genomics Consortium"
rs10211550-?	1E-8	-	NR	-	-	-	HSPE1-MOB4,MOB4	"Anorexia nervosa, attention-deficit/hyperactivity disorder, autism spectrum disorder, bipolar disorder, major depression, obsessive-compulsive disorder, schizophrenia, or Tourette syndrome (pleiotropy)"	"obsessive-compulsive disorder,attention deficit hyperactivity disorder,Tourette syndrome,bipolar disorder,autism spectrum disorder,schizophrenia,anorexia nervosa,major depressive disorder"	-	GCST009600	2:197518575	31835028	"Cross-Disorder Group of the Psychiatric Genomics Consortium"
rs10265001-?	5E-9	-	NR	-	-	-	BRAF,CCT4P1	"Anorexia nervosa, attention-deficit/hyperactivity disorder, autism spectrum disorder, bipolar disorder, major depression, obsessive-compulsive disorder, schizophrenia, or Tourette syndrome (pleiotropy)"	"obsessive-compulsive disorder,attention deficit hyperactivity disorder,Tourette syndrome,bipolar disorder,autism spectrum disorder,schizophrenia,anorexia nervosa,major depressive disorder"	-	GCST009600	7:140965721	31835028	"Cross-Disorder Group of the Psychiatric Genomics Consortium"
rs10491964-?	2E-8	-	NR	-	-	-	CACNA1C	"Anorexia nervosa, attention-deficit/hyperactivity disorder, autism spectrum disorder, bipolar disorder, major depression, obsessive-compulsive disorder, schizophrenia, or Tourette syndrome (pleiotropy)"	"obsessive-compulsive disorder,attention deficit hyperactivity disorder,Tourette syndrome,bipolar disorder,autism spectrum disorder,schizophrenia,anorexia nervosa,major depressive disorder"	-	GCST009600	12:2391265	31835028	"Cross-Disorder Group of the Psychiatric Genomics Consortium"
rs10514301-?	2E-9	-	NR	-	-	-	MIR9-2HG	"Anorexia nervosa, attention-deficit/hyperactivity disorder, autism spectrum disorder, bipolar disorder, major depression, obsessive-compulsive disorder, schizophrenia, or Tourette syndrome (pleiotropy)"	"obsessive-compulsive disorder,attention deficit hyperactivity disorder,Tourette syndrome,bipolar disorder,autism spectrum disorder,schizophrenia,anorexia nervosa,major depressive disorder"	-	GCST009600	5:88643836	31835028	"Cross-Disorder Group of the Psychiatric Genomics Consortium"
rs10745841-?	1E-8	-	NR	-	-	-	ANKS1B	"Anorexia nervosa, attention-deficit/hyperactivity disorder, autism spectrum disorder, bipolar disorder, major depression, obsessive-compulsive disorder, schizophrenia, or Tourette syndrome (pleiotropy)"	"obsessive-compulsive disorder,attention deficit hyperactivity disorder,Tourette syndrome,bipolar disorder,autism spectrum disorder,schizophrenia,anorexia nervosa,major depressive disorder"	-	GCST009600	12:99099957	31835028	"Cross-Disorder Group of the Psychiatric Genomics Consortium"
rs10791097-?	2E-10	-	NR	-	-	-	LINC02551	"Anorexia nervosa, attention-deficit/hyperactivity disorder, autism spectrum disorder, bipolar disorder, major depression, obsessive-compulsive disorder, schizophrenia, or Tourette syndrome (pleiotropy)"	"obsessive-compulsive disorder,attention deficit hyperactivity disorder,Tourette syndrome,bipolar disorder,autism spectrum disorder,schizophrenia,anorexia nervosa,major depressive disorder"	-	GCST009600	11:130848735	31835028	"Cross-Disorder Group of the Psychiatric Genomics Consortium"
rs10883832-?	3E-14	-	NR	-	-	-	NT5C2	"Anorexia nervosa, attention-deficit/hyperactivity disorder, autism spectrum disorder, bipolar disorder, major depression, obsessive-compulsive disorder, schizophrenia, or Tourette syndrome (pleiotropy)"	"obsessive-compulsive disorder,attention deficit hyperactivity disorder,Tourette syndrome,bipolar disorder,autism spectrum disorder,schizophrenia,anorexia nervosa,major depressive disorder"	-	GCST009600	10:103111522	31835028	"Cross-Disorder Group of the Psychiatric Genomics Consortium"
rs11231640-?	8E-9	-	NR	-	-	-	NAA40,RCOR2	"Anorexia nervosa, attention-deficit/hyperactivity disorder, autism spectrum disorder, bipolar disorder, major depression, obsessive-compulsive disorder, schizophrenia, or Tourette syndrome (pleiotropy)"	"obsessive-compulsive disorder,attention deficit hyperactivity disorder,Tourette syndrome,bipolar disorder,autism spectrum disorder,schizophrenia,anorexia nervosa,major depressive disorder"	-	GCST009600	11:63923577	31835028	"Cross-Disorder Group of the Psychiatric Genomics Consortium"
rs11570190-?	1E-10	-	NR	-	-	-	CTNND1	"Anorexia nervosa, attention-deficit/hyperactivity disorder, autism spectrum disorder, bipolar disorder, major depression, obsessive-compulsive disorder, schizophrenia, or Tourette syndrome (pleiotropy)"	"obsessive-compulsive disorder,attention deficit hyperactivity disorder,Tourette syndrome,bipolar disorder,autism spectrum disorder,schizophrenia,anorexia nervosa,major depressive disorder"	-	GCST009600	11:57792980	31835028	"Cross-Disorder Group of the Psychiatric Genomics Consortium"
rs11658257-?	2E-8	-	NR	-	-	-	GID4	"Anorexia nervosa, attention-deficit/hyperactivity disorder, autism spectrum disorder, bipolar disorder, major depression, obsessive-compulsive disorder, schizophrenia, or Tourette syndrome (pleiotropy)"	"obsessive-compulsive disorder,attention deficit hyperactivity disorder,Tourette syndrome,bipolar disorder,autism spectrum disorder,schizophrenia,anorexia nervosa,major depressive disorder"	-	GCST009600	17:18053145	31835028	"Cross-Disorder Group of the Psychiatric Genomics Consortium"
rs4391122-?	1E-10	-	NR	-	-	-	LINC02057	"Anorexia nervosa, attention-deficit/hyperactivity disorder, autism spectrum disorder, bipolar disorder, major depression, obsessive-compulsive disorder, schizophrenia, or Tourette syndrome (pleiotropy)"	"obsessive-compulsive disorder,attention deficit hyperactivity disorder,Tourette syndrome,bipolar disorder,autism spectrum disorder,schizophrenia,anorexia nervosa,major depressive disorder"	-	GCST009600	5:61302716	31835028	"Cross-Disorder Group of the Psychiatric Genomics Consortium"
rs4481150-?	5E-17	-	NR	-	-	-	ITIH3	"Anorexia nervosa, attention-deficit/hyperactivity disorder, autism spectrum disorder, bipolar disorder, major depression, obsessive-compulsive disorder, schizophrenia, or Tourette syndrome (pleiotropy)"	"obsessive-compulsive disorder,attention deficit hyperactivity disorder,Tourette syndrome,bipolar disorder,autism spectrum disorder,schizophrenia,anorexia nervosa,major depressive disorder"	-	GCST009600	3:52803777	31835028	"Cross-Disorder Group of the Psychiatric Genomics Consortium"
rs4495234-?	4E-8	-	NR	-	-	-	PPP2R2B	"Anorexia nervosa, attention-deficit/hyperactivity disorder, autism spectrum disorder, bipolar disorder, major depression, obsessive-compulsive disorder, schizophrenia, or Tourette syndrome (pleiotropy)"	"obsessive-compulsive disorder,attention deficit hyperactivity disorder,Tourette syndrome,bipolar disorder,autism spectrum disorder,schizophrenia,anorexia nervosa,major depressive disorder"	-	GCST009600	5:146899328	31835028	"Cross-Disorder Group of the Psychiatric Genomics Consortium"
rs4526442-?	4E-8	-	NR	-	-	-	ZCCHC7	"Anorexia nervosa, attention-deficit/hyperactivity disorder, autism spectrum disorder, bipolar disorder, major depression, obsessive-compulsive disorder, schizophrenia, or Tourette syndrome (pleiotropy)"	"obsessive-compulsive disorder,attention deficit hyperactivity disorder,Tourette syndrome,bipolar disorder,autism spectrum disorder,schizophrenia,anorexia nervosa,major depressive disorder"	-	GCST009600	9:37207272	31835028	"Cross-Disorder Group of the Psychiatric Genomics Consortium"
rs4619651-?	1E-9	-	NR	-	-	-	LMAN2L,CNNM4	"Anorexia nervosa, attention-deficit/hyperactivity disorder, autism spectrum disorder, bipolar disorder, major depression, obsessive-compulsive disorder, schizophrenia, or Tourette syndrome (pleiotropy)"	"obsessive-compulsive disorder,attention deficit hyperactivity disorder,Tourette syndrome,bipolar disorder,autism spectrum disorder,schizophrenia,anorexia nervosa,major depressive disorder"	-	GCST009600	2:96750416	31835028	"Cross-Disorder Group of the Psychiatric Genomics Consortium"
rs4647903-?	2E-9	-	NR	-	-	-	FGFR1	"Anorexia nervosa, attention-deficit/hyperactivity disorder, autism spectrum disorder, bipolar disorder, major depression, obsessive-compulsive disorder, schizophrenia, or Tourette syndrome (pleiotropy)"	"obsessive-compulsive disorder,attention deficit hyperactivity disorder,Tourette syndrome,bipolar disorder,autism spectrum disorder,schizophrenia,anorexia nervosa,major depressive disorder"	-	GCST009600	8:38415064	31835028	"Cross-Disorder Group of the Psychiatric Genomics Consortium"
rs4682973-?	4E-8	-	NR	-	-	-	TCAIM	"Anorexia nervosa, attention-deficit/hyperactivity disorder, autism spectrum disorder, bipolar disorder, major depression, obsessive-compulsive disorder, schizophrenia, or Tourette syndrome (pleiotropy)"	"obsessive-compulsive disorder,attention deficit hyperactivity disorder,Tourette syndrome,bipolar disorder,autism spectrum disorder,schizophrenia,anorexia nervosa,major depressive disorder"	-	GCST009600	3:44383347	31835028	"Cross-Disorder Group of the Psychiatric Genomics Consortium"
rs4730387-?	3E-8	-	NR	-	-	-	EIF3IP1,BUB3P1	"Anorexia nervosa, attention-deficit/hyperactivity disorder, autism spectrum disorder, bipolar disorder, major depression, obsessive-compulsive disorder, schizophrenia, or Tourette syndrome (pleiotropy)"	"obsessive-compulsive disorder,attention deficit hyperactivity disorder,Tourette syndrome,bipolar disorder,autism spectrum disorder,schizophrenia,anorexia nervosa,major depressive disorder"	-	GCST009600	7:109460357	31835028	"Cross-Disorder Group of the Psychiatric Genomics Consortium"
rs4766428-?	5E-8	-	NR	-	-	-	ATP2A2	"Anorexia nervosa, attention-deficit/hyperactivity disorder, autism spectrum disorder, bipolar disorder, major depression, obsessive-compulsive disorder, schizophrenia, or Tourette syndrome (pleiotropy)"	"obsessive-compulsive disorder,attention deficit hyperactivity disorder,Tourette syndrome,bipolar disorder,autism spectrum disorder,schizophrenia,anorexia nervosa,major depressive disorder"	-	GCST009600	12:110285440	31835028	"Cross-Disorder Group of the Psychiatric Genomics Consortium"
rs4906364-?	3E-12	-	NR	-	-	-	PPP1R13B	"Anorexia nervosa, attention-deficit/hyperactivity disorder, autism spectrum disorder, bipolar disorder, major depression, obsessive-compulsive disorder, schizophrenia, or Tourette syndrome (pleiotropy)"	"obsessive-compulsive disorder,attention deficit hyperactivity disorder,Tourette syndrome,bipolar disorder,autism spectrum disorder,schizophrenia,anorexia nervosa,major depressive disorder"	-	GCST009600	14:103748005	31835028	"Cross-Disorder Group of the Psychiatric Genomics Consortium"
rs4916723-?	2E-9	-	NR	-	-	-	MIR9-2HG	"Anorexia nervosa, attention-deficit/hyperactivity disorder, autism spectrum disorder, bipolar disorder, major depression, obsessive-compulsive disorder, schizophrenia, or Tourette syndrome (pleiotropy)"	"obsessive-compulsive disorder,attention deficit hyperactivity disorder,Tourette syndrome,bipolar disorder,autism spectrum disorder,schizophrenia,anorexia nervosa,major depressive disorder"	-	GCST009600	5:88558577	31835028	"Cross-Disorder Group of the Psychiatric Genomics Consortium"
rs5757717-?	9E-11	-	NR	-	-	-	RPS19BP1,CACNA1I	"Anorexia nervosa, attention-deficit/hyperactivity disorder, autism spectrum disorder, bipolar disorder, major depression, obsessive-compulsive disorder, schizophrenia, or Tourette syndrome (pleiotropy)"	"obsessive-compulsive disorder,attention deficit hyperactivity disorder,Tourette syndrome,bipolar disorder,autism spectrum disorder,schizophrenia,anorexia nervosa,major depressive disorder"	-	GCST009600	22:39546229	31835028	"Cross-Disorder Group of the Psychiatric Genomics Consortium"
rs5758265-?	5E-14	-	NR	-	-	-	L3MBTL2-AS1,L3MBTL2	"Anorexia nervosa, attention-deficit/hyperactivity disorder, autism spectrum disorder, bipolar disorder, major depression, obsessive-compulsive disorder, schizophrenia, or Tourette syndrome (pleiotropy)"	"obsessive-compulsive disorder,attention deficit hyperactivity disorder,Tourette syndrome,bipolar disorder,autism spectrum disorder,schizophrenia,anorexia nervosa,major depressive disorder"	-	GCST009600	22:41221893	31835028	"Cross-Disorder Group of the Psychiatric Genomics Consortium"
rs6047287-?	3E-10	-	NR	-	-	-	KIZ-AS1,KIZ	"Anorexia nervosa, attention-deficit/hyperactivity disorder, autism spectrum disorder, bipolar disorder, major depression, obsessive-compulsive disorder, schizophrenia, or Tourette syndrome (pleiotropy)"	"obsessive-compulsive disorder,attention deficit hyperactivity disorder,Tourette syndrome,bipolar disorder,autism spectrum disorder,schizophrenia,anorexia nervosa,major depressive disorder"	-	GCST009600	20:21170477	31835028	"Cross-Disorder Group of the Psychiatric Genomics Consortium"
rs6125656-?	3E-9	-	NR	-	-	-	KCNB1	"Anorexia nervosa, attention-deficit/hyperactivity disorder, autism spectrum disorder, bipolar disorder, major depression, obsessive-compulsive disorder, schizophrenia, or Tourette syndrome (pleiotropy)"	"obsessive-compulsive disorder,attention deficit hyperactivity disorder,Tourette syndrome,bipolar disorder,autism spectrum disorder,schizophrenia,anorexia nervosa,major depressive disorder"	-	GCST009600	20:49474242	31835028	"Cross-Disorder Group of the Psychiatric Genomics Consortium"
rs6471814-?	2E-8	-	NR	-	-	-	RNA5SP267,SLC2A13P1	"Anorexia nervosa, attention-deficit/hyperactivity disorder, autism spectrum disorder, bipolar disorder, major depression, obsessive-compulsive disorder, schizophrenia, or Tourette syndrome (pleiotropy)"	"obsessive-compulsive disorder,attention deficit hyperactivity disorder,Tourette syndrome,bipolar disorder,autism spectrum disorder,schizophrenia,anorexia nervosa,major depressive disorder"	-	GCST009600	8:59785315	31835028	"Cross-Disorder Group of the Psychiatric Genomics Consortium"
rs6694545-?	4E-9	-	NR	-	-	-	LINC01648,LINC01756	"Anorexia nervosa, attention-deficit/hyperactivity disorder, autism spectrum disorder, bipolar disorder, major depression, obsessive-compulsive disorder, schizophrenia, or Tourette syndrome (pleiotropy)"	"obsessive-compulsive disorder,attention deficit hyperactivity disorder,Tourette syndrome,bipolar disorder,autism spectrum disorder,schizophrenia,anorexia nervosa,major depressive disorder"	-	GCST009600	1:29964421	31835028	"Cross-Disorder Group of the Psychiatric Genomics Consortium"
rs6969410-?	5E-9	-	NR	-	-	-	RPL3P8,IMMP2L	"Anorexia nervosa, attention-deficit/hyperactivity disorder, autism spectrum disorder, bipolar disorder, major depression, obsessive-compulsive disorder, schizophrenia, or Tourette syndrome (pleiotropy)"	"obsessive-compulsive disorder,attention deficit hyperactivity disorder,Tourette syndrome,bipolar disorder,autism spectrum disorder,schizophrenia,anorexia nervosa,major depressive disorder"	-	GCST009600	7:110428958	31835028	"Cross-Disorder Group of the Psychiatric Genomics Consortium"
rs7071123-?	1E-10	-	NR	-	-	-	CACNB2	"Anorexia nervosa, attention-deficit/hyperactivity disorder, autism spectrum disorder, bipolar disorder, major depression, obsessive-compulsive disorder, schizophrenia, or Tourette syndrome (pleiotropy)"	"obsessive-compulsive disorder,attention deficit hyperactivity disorder,Tourette syndrome,bipolar disorder,autism spectrum disorder,schizophrenia,anorexia nervosa,major depressive disorder"	-	GCST009600	10:18437289	31835028	"Cross-Disorder Group of the Psychiatric Genomics Consortium"
rs7085104-?	3E-16	-	NR	-	-	-	BORCS7-ASMT	"Anorexia nervosa, attention-deficit/hyperactivity disorder, autism spectrum disorder, bipolar disorder, major depression, obsessive-compulsive disorder, schizophrenia, or Tourette syndrome (pleiotropy)"	"obsessive-compulsive disorder,attention deficit hyperactivity disorder,Tourette syndrome,bipolar disorder,autism spectrum disorder,schizophrenia,anorexia nervosa,major depressive disorder"	-	GCST009600	10:102869116	31835028	"Cross-Disorder Group of the Psychiatric Genomics Consortium"
rs7193263-?	6E-11	-	NR	-	-	-	RBFOX1	"Anorexia nervosa, attention-deficit/hyperactivity disorder, autism spectrum disorder, bipolar disorder, major depression, obsessive-compulsive disorder, schizophrenia, or Tourette syndrome (pleiotropy)"	"obsessive-compulsive disorder,attention deficit hyperactivity disorder,Tourette syndrome,bipolar disorder,autism spectrum disorder,schizophrenia,anorexia nervosa,major depressive disorder"	-	GCST009600	16:6265879	31835028	"Cross-Disorder Group of the Psychiatric Genomics Consortium"
rs7200826-?	1E-8	-	NR	-	-	-	SHISA9	"Anorexia nervosa, attention-deficit/hyperactivity disorder, autism spectrum disorder, bipolar disorder, major depression, obsessive-compulsive disorder, schizophrenia, or Tourette syndrome (pleiotropy)"	"obsessive-compulsive disorder,attention deficit hyperactivity disorder,Tourette syndrome,bipolar disorder,autism spectrum disorder,schizophrenia,anorexia nervosa,major depressive disorder"	-	GCST009600	16:12972976	31835028	"Cross-Disorder Group of the Psychiatric Genomics Consortium"
rs7405404-?	1E-12	-	NR	-	-	-	TMF1P1,ERCC4	"Anorexia nervosa, attention-deficit/hyperactivity disorder, autism spectrum disorder, bipolar disorder, major depression, obsessive-compulsive disorder, schizophrenia, or Tourette syndrome (pleiotropy)"	"obsessive-compulsive disorder,attention deficit hyperactivity disorder,Tourette syndrome,bipolar disorder,autism spectrum disorder,schizophrenia,anorexia nervosa,major depressive disorder"	-	GCST009600	16:13656002	31835028	"Cross-Disorder Group of the Psychiatric Genomics Consortium"
rs7521492-?	1E-9	-	NR	-	-	-	RNA5SP63,U3	"Anorexia nervosa, attention-deficit/hyperactivity disorder, autism spectrum disorder, bipolar disorder, major depression, obsessive-compulsive disorder, schizophrenia, or Tourette syndrome (pleiotropy)"	"obsessive-compulsive disorder,attention deficit hyperactivity disorder,Tourette syndrome,bipolar disorder,autism spectrum disorder,schizophrenia,anorexia nervosa,major depressive disorder"	-	GCST009600	1:163758686	31835028	"Cross-Disorder Group of the Psychiatric Genomics Consortium"
rs7531118-?	1E-15	-	NR	-	-	-	LINC02796	"Anorexia nervosa, attention-deficit/hyperactivity disorder, autism spectrum disorder, bipolar disorder, major depression, obsessive-compulsive disorder, schizophrenia, or Tourette syndrome (pleiotropy)"	"obsessive-compulsive disorder,attention deficit hyperactivity disorder,Tourette syndrome,bipolar disorder,autism spectrum disorder,schizophrenia,anorexia nervosa,major depressive disorder"	-	GCST009600	1:72371556	31835028	"Cross-Disorder Group of the Psychiatric Genomics Consortium"
rs2003490-?	2E-8	-	NR	-	-	-	RPS6KL1	"Anorexia nervosa, attention-deficit/hyperactivity disorder, autism spectrum disorder, bipolar disorder, major depression, obsessive-compulsive disorder, schizophrenia, or Tourette syndrome (pleiotropy)"	"obsessive-compulsive disorder,attention deficit hyperactivity disorder,Tourette syndrome,bipolar disorder,autism spectrum disorder,schizophrenia,anorexia nervosa,major depressive disorder"	-	GCST009600	14:74910852	31835028	"Cross-Disorder Group of the Psychiatric Genomics Consortium"
rs12552-?	1E-8	-	NR	-	-	-	OLFM4	"Anorexia nervosa, attention-deficit/hyperactivity disorder, autism spectrum disorder, bipolar disorder, major depression, obsessive-compulsive disorder, schizophrenia, or Tourette syndrome (pleiotropy)"	"obsessive-compulsive disorder,attention deficit hyperactivity disorder,Tourette syndrome,bipolar disorder,autism spectrum disorder,schizophrenia,anorexia nervosa,major depressive disorder"	-	GCST009600	13:53051646	31835028	"Cross-Disorder Group of the Psychiatric Genomics Consortium"
rs2057884-?	4E-10	-	NR	-	-	-	SRPK2	"Anorexia nervosa, attention-deficit/hyperactivity disorder, autism spectrum disorder, bipolar disorder, major depression, obsessive-compulsive disorder, schizophrenia, or Tourette syndrome (pleiotropy)"	"obsessive-compulsive disorder,attention deficit hyperactivity disorder,Tourette syndrome,bipolar disorder,autism spectrum disorder,schizophrenia,anorexia nervosa,major depressive disorder"	-	GCST009600	7:105289803	31835028	"Cross-Disorder Group of the Psychiatric Genomics Consortium"
rs174592-?	6E-9	-	NR	-	-	-	FADS2	"Anorexia nervosa, attention-deficit/hyperactivity disorder, autism spectrum disorder, bipolar disorder, major depression, obsessive-compulsive disorder, schizophrenia, or Tourette syndrome (pleiotropy)"	"obsessive-compulsive disorder,attention deficit hyperactivity disorder,Tourette syndrome,bipolar disorder,autism spectrum disorder,schizophrenia,anorexia nervosa,major depressive disorder"	-	GCST009600	11:61851136	31835028	"Cross-Disorder Group of the Psychiatric Genomics Consortium"
rs247910-?	3E-9	-	NR	-	-	-	TMEM161B-DT	"Anorexia nervosa, attention-deficit/hyperactivity disorder, autism spectrum disorder, bipolar disorder, major depression, obsessive-compulsive disorder, schizophrenia, or Tourette syndrome (pleiotropy)"	"obsessive-compulsive disorder,attention deficit hyperactivity disorder,Tourette syndrome,bipolar disorder,autism spectrum disorder,schizophrenia,anorexia nervosa,major depressive disorder"	-	GCST009600	5:88334952	31835028	"Cross-Disorder Group of the Psychiatric Genomics Consortium"
rs301799-?	2E-8	-	NR	-	-	-	RERE,RERE-AS1	"Anorexia nervosa, attention-deficit/hyperactivity disorder, autism spectrum disorder, bipolar disorder, major depression, obsessive-compulsive disorder, schizophrenia, or Tourette syndrome (pleiotropy)"	"obsessive-compulsive disorder,attention deficit hyperactivity disorder,Tourette syndrome,bipolar disorder,autism spectrum disorder,schizophrenia,anorexia nervosa,major depressive disorder"	-	GCST009600	1:8429242	31835028	"Cross-Disorder Group of the Psychiatric Genomics Consortium"
rs395138-?	1E-8	-	NR	-	-	-	ENOX1	"Anorexia nervosa, attention-deficit/hyperactivity disorder, autism spectrum disorder, bipolar disorder, major depression, obsessive-compulsive disorder, schizophrenia, or Tourette syndrome (pleiotropy)"	"obsessive-compulsive disorder,attention deficit hyperactivity disorder,Tourette syndrome,bipolar disorder,autism spectrum disorder,schizophrenia,anorexia nervosa,major depressive disorder"	-	GCST009600	13:43696758	31835028	"Cross-Disorder Group of the Psychiatric Genomics Consortium"
rs631399-?	7E-11	-	NR	-	-	-	TMCO5A,Metazoa_SRP	"Anorexia nervosa, attention-deficit/hyperactivity disorder, autism spectrum disorder, bipolar disorder, major depression, obsessive-compulsive disorder, schizophrenia, or Tourette syndrome (pleiotropy)"	"obsessive-compulsive disorder,attention deficit hyperactivity disorder,Tourette syndrome,bipolar disorder,autism spectrum disorder,schizophrenia,anorexia nervosa,major depressive disorder"	-	GCST009600	15:37393066	31835028	"Cross-Disorder Group of the Psychiatric Genomics Consortium"
rs732381-?	7E-11	-	NR	-	-	-	CACNA1I	"Anorexia nervosa, attention-deficit/hyperactivity disorder, autism spectrum disorder, bipolar disorder, major depression, obsessive-compulsive disorder, schizophrenia, or Tourette syndrome (pleiotropy)"	"obsessive-compulsive disorder,attention deficit hyperactivity disorder,Tourette syndrome,bipolar disorder,autism spectrum disorder,schizophrenia,anorexia nervosa,major depressive disorder"	-	GCST009600	22:39655161	31835028	"Cross-Disorder Group of the Psychiatric Genomics Consortium"
rs746839-?	3E-8	-	NR	-	-	-	C8orf90,MIR1302-7	"Anorexia nervosa, attention-deficit/hyperactivity disorder, autism spectrum disorder, bipolar disorder, major depression, obsessive-compulsive disorder, schizophrenia, or Tourette syndrome (pleiotropy)"	"obsessive-compulsive disorder,attention deficit hyperactivity disorder,Tourette syndrome,bipolar disorder,autism spectrum disorder,schizophrenia,anorexia nervosa,major depressive disorder"	-	GCST009600	8:141607161	31835028	"Cross-Disorder Group of the Psychiatric Genomics Consortium"
rs760648-?	1E-8	-	NR	-	-	-	TCF20	"Anorexia nervosa, attention-deficit/hyperactivity disorder, autism spectrum disorder, bipolar disorder, major depression, obsessive-compulsive disorder, schizophrenia, or Tourette syndrome (pleiotropy)"	"obsessive-compulsive disorder,attention deficit hyperactivity disorder,Tourette syndrome,bipolar disorder,autism spectrum disorder,schizophrenia,anorexia nervosa,major depressive disorder"	-	GCST009600	22:42175022	31835028	"Cross-Disorder Group of the Psychiatric Genomics Consortium"
rs778353-?	2E-11	-	NR	-	-	-	NGEF	"Anorexia nervosa, attention-deficit/hyperactivity disorder, autism spectrum disorder, bipolar disorder, major depression, obsessive-compulsive disorder, schizophrenia, or Tourette syndrome (pleiotropy)"	"obsessive-compulsive disorder,attention deficit hyperactivity disorder,Tourette syndrome,bipolar disorder,autism spectrum disorder,schizophrenia,anorexia nervosa,major depressive disorder"	-	GCST009600	2:232923640	31835028	"Cross-Disorder Group of the Psychiatric Genomics Consortium"
rs832190-?	4E-9	-	NR	-	-	-	THOC7	"Anorexia nervosa, attention-deficit/hyperactivity disorder, autism spectrum disorder, bipolar disorder, major depression, obsessive-compulsive disorder, schizophrenia, or Tourette syndrome (pleiotropy)"	"obsessive-compulsive disorder,attention deficit hyperactivity disorder,Tourette syndrome,bipolar disorder,autism spectrum disorder,schizophrenia,anorexia nervosa,major depressive disorder"	-	GCST009600	3:63856953	31835028	"Cross-Disorder Group of the Psychiatric Genomics Consortium"
rs880090-?	1E-9	-	NR	-	-	-	GMIP	"Anorexia nervosa, attention-deficit/hyperactivity disorder, autism spectrum disorder, bipolar disorder, major depression, obsessive-compulsive disorder, schizophrenia, or Tourette syndrome (pleiotropy)"	"obsessive-compulsive disorder,attention deficit hyperactivity disorder,Tourette syndrome,bipolar disorder,autism spectrum disorder,schizophrenia,anorexia nervosa,major depressive disorder"	-	GCST009600	19:19629920	31835028	"Cross-Disorder Group of the Psychiatric Genomics Consortium"
rs915057-?	3E-9	-	NR	-	-	-	SYNE2,ESR2	"Anorexia nervosa, attention-deficit/hyperactivity disorder, autism spectrum disorder, bipolar disorder, major depression, obsessive-compulsive disorder, schizophrenia, or Tourette syndrome (pleiotropy)"	"obsessive-compulsive disorder,attention deficit hyperactivity disorder,Tourette syndrome,bipolar disorder,autism spectrum disorder,schizophrenia,anorexia nervosa,major depressive disorder"	-	GCST009600	14:64219489	31835028	"Cross-Disorder Group of the Psychiatric Genomics Consortium"
rs1002656-?	1E-8	-	NR	-	-	-	FTLP18,GRIK3	"Anorexia nervosa, attention-deficit/hyperactivity disorder, autism spectrum disorder, bipolar disorder, major depression, obsessive-compulsive disorder, schizophrenia, or Tourette syndrome (pleiotropy)"	"obsessive-compulsive disorder,attention deficit hyperactivity disorder,Tourette syndrome,bipolar disorder,autism spectrum disorder,schizophrenia,anorexia nervosa,major depressive disorder"	-	GCST009600	1:36727140	31835028	"Cross-Disorder Group of the Psychiatric Genomics Consortium"
rs3001723-?	7E-14	-	NR	-	-	-	PTPRF	"Anorexia nervosa, attention-deficit/hyperactivity disorder, autism spectrum disorder, bipolar disorder, major depression, obsessive-compulsive disorder, schizophrenia, or Tourette syndrome (pleiotropy)"	"obsessive-compulsive disorder,attention deficit hyperactivity disorder,Tourette syndrome,bipolar disorder,autism spectrum disorder,schizophrenia,anorexia nervosa,major depressive disorder"	-	GCST009600	1:43572014	31835028	"Cross-Disorder Group of the Psychiatric Genomics Consortium"
rs1484144-?	4E-9	-	NR	-	-	-	NAA11,LINC01088	"Anorexia nervosa, attention-deficit/hyperactivity disorder, autism spectrum disorder, bipolar disorder, major depression, obsessive-compulsive disorder, schizophrenia, or Tourette syndrome (pleiotropy)"	"obsessive-compulsive disorder,attention deficit hyperactivity disorder,Tourette syndrome,bipolar disorder,autism spectrum disorder,schizophrenia,anorexia nervosa,major depressive disorder"	-	GCST009600	4:79296443	31835028	"Cross-Disorder Group of the Psychiatric Genomics Consortium"
rs3812984-?	3E-9	-	NR	-	-	-	PMFBP1	"Anorexia nervosa, attention-deficit/hyperactivity disorder, autism spectrum disorder, bipolar disorder, major depression, obsessive-compulsive disorder, schizophrenia, or Tourette syndrome (pleiotropy)"	"obsessive-compulsive disorder,attention deficit hyperactivity disorder,Tourette syndrome,bipolar disorder,autism spectrum disorder,schizophrenia,anorexia nervosa,major depressive disorder"	-	GCST009600	16:72173898	31835028	"Cross-Disorder Group of the Psychiatric Genomics Consortium"
rs1518367-?	1E-11	-	NR	-	-	-	PLCL1	"Anorexia nervosa, attention-deficit/hyperactivity disorder, autism spectrum disorder, bipolar disorder, major depression, obsessive-compulsive disorder, schizophrenia, or Tourette syndrome (pleiotropy)"	"obsessive-compulsive disorder,attention deficit hyperactivity disorder,Tourette syndrome,bipolar disorder,autism spectrum disorder,schizophrenia,anorexia nervosa,major depressive disorder"	-	GCST009600	2:197942291	31835028	"Cross-Disorder Group of the Psychiatric Genomics Consortium"
rs4242470-?	3E-8	-	NR	-	-	-	PXDNL	"Anorexia nervosa, attention-deficit/hyperactivity disorder, autism spectrum disorder, bipolar disorder, major depression, obsessive-compulsive disorder, schizophrenia, or Tourette syndrome (pleiotropy)"	"obsessive-compulsive disorder,attention deficit hyperactivity disorder,Tourette syndrome,bipolar disorder,autism spectrum disorder,schizophrenia,anorexia nervosa,major depressive disorder"	-	GCST009600	8:51733738	31835028	"Cross-Disorder Group of the Psychiatric Genomics Consortium"
rs1702294-?	3E-16	-	NR	-	-	-	MIR137HG	"Anorexia nervosa, attention-deficit/hyperactivity disorder, autism spectrum disorder, bipolar disorder, major depression, obsessive-compulsive disorder, schizophrenia, or Tourette syndrome (pleiotropy)"	"obsessive-compulsive disorder,attention deficit hyperactivity disorder,Tourette syndrome,bipolar disorder,autism spectrum disorder,schizophrenia,anorexia nervosa,major depressive disorder"	-	GCST009600	1:98036428	31835028	"Cross-Disorder Group of the Psychiatric Genomics Consortium"
rs1730054-?	6E-10	-	NR	-	-	-	RSRC1	"Anorexia nervosa, attention-deficit/hyperactivity disorder, autism spectrum disorder, bipolar disorder, major depression, obsessive-compulsive disorder, schizophrenia, or Tourette syndrome (pleiotropy)"	"obsessive-compulsive disorder,attention deficit hyperactivity disorder,Tourette syndrome,bipolar disorder,autism spectrum disorder,schizophrenia,anorexia nervosa,major depressive disorder"	-	GCST009600	3:158237129	31835028	"Cross-Disorder Group of the Psychiatric Genomics Consortium"
rs1806153-?	1E-9	-	NR	-	-	-	PAUPAR	"Anorexia nervosa, attention-deficit/hyperactivity disorder, autism spectrum disorder, bipolar disorder, major depression, obsessive-compulsive disorder, schizophrenia, or Tourette syndrome (pleiotropy)"	"obsessive-compulsive disorder,attention deficit hyperactivity disorder,Tourette syndrome,bipolar disorder,autism spectrum disorder,schizophrenia,anorexia nervosa,major depressive disorder"	-	GCST009600	11:31828558	31835028	"Cross-Disorder Group of the Psychiatric Genomics Consortium"
rs1950829-?	2E-8	-	NR	-	-	-	LRFN5	"Anorexia nervosa, attention-deficit/hyperactivity disorder, autism spectrum disorder, bipolar disorder, major depression, obsessive-compulsive disorder, schizophrenia, or Tourette syndrome (pleiotropy)"	"obsessive-compulsive disorder,attention deficit hyperactivity disorder,Tourette syndrome,bipolar disorder,autism spectrum disorder,schizophrenia,anorexia nervosa,major depressive disorder"	-	GCST009600	14:41628734	31835028	"Cross-Disorder Group of the Psychiatric Genomics Consortium"
rs4702-?	2E-11	-	NR	-	-	-	FURIN	"Anorexia nervosa, attention-deficit/hyperactivity disorder, autism spectrum disorder, bipolar disorder, major depression, obsessive-compulsive disorder, schizophrenia, or Tourette syndrome (pleiotropy)"	"obsessive-compulsive disorder,attention deficit hyperactivity disorder,Tourette syndrome,bipolar disorder,autism spectrum disorder,schizophrenia,anorexia nervosa,major depressive disorder"	-	GCST009600	15:90883330	31835028	"Cross-Disorder Group of the Psychiatric Genomics Consortium"
rs2047568-?	4E-8	-	NR	-	-	-	SPPL3	"Anorexia nervosa, attention-deficit/hyperactivity disorder, autism spectrum disorder, bipolar disorder, major depression, obsessive-compulsive disorder, schizophrenia, or Tourette syndrome (pleiotropy)"	"obsessive-compulsive disorder,attention deficit hyperactivity disorder,Tourette syndrome,bipolar disorder,autism spectrum disorder,schizophrenia,anorexia nervosa,major depressive disorder"	-	GCST009600	12:120805987	31835028	"Cross-Disorder Group of the Psychiatric Genomics Consortium"
rs27419-?	1E-8	-	NR	-	-	-	MOCS2-DT	"Anorexia nervosa, attention-deficit/hyperactivity disorder, autism spectrum disorder, bipolar disorder, major depression, obsessive-compulsive disorder, schizophrenia, or Tourette syndrome (pleiotropy)"	"obsessive-compulsive disorder,attention deficit hyperactivity disorder,Tourette syndrome,bipolar disorder,autism spectrum disorder,schizophrenia,anorexia nervosa,major depressive disorder"	-	GCST009600	5:53125108	31835028	"Cross-Disorder Group of the Psychiatric Genomics Consortium"
rs2098651-?	7E-9	-	NR	-	-	-	TENM2	"Anorexia nervosa, attention-deficit/hyperactivity disorder, autism spectrum disorder, bipolar disorder, major depression, obsessive-compulsive disorder, schizophrenia, or Tourette syndrome (pleiotropy)"	"obsessive-compulsive disorder,attention deficit hyperactivity disorder,Tourette syndrome,bipolar disorder,autism spectrum disorder,schizophrenia,anorexia nervosa,major depressive disorder"	-	GCST009600	5:167564265	31835028	"Cross-Disorder Group of the Psychiatric Genomics Consortium"
rs2103655-?	1E-9	-	NR	-	-	-	PPP1R16B,ACTR5	"Anorexia nervosa, attention-deficit/hyperactivity disorder, autism spectrum disorder, bipolar disorder, major depression, obsessive-compulsive disorder, schizophrenia, or Tourette syndrome (pleiotropy)"	"obsessive-compulsive disorder,attention deficit hyperactivity disorder,Tourette syndrome,bipolar disorder,autism spectrum disorder,schizophrenia,anorexia nervosa,major depressive disorder"	-	GCST009600	20:38797315	31835028	"Cross-Disorder Group of the Psychiatric Genomics Consortium"
rs2300861-?	8E-9	-	NR	-	-	-	AKAP6	"Anorexia nervosa, attention-deficit/hyperactivity disorder, autism spectrum disorder, bipolar disorder, major depression, obsessive-compulsive disorder, schizophrenia, or Tourette syndrome (pleiotropy)"	"obsessive-compulsive disorder,attention deficit hyperactivity disorder,Tourette syndrome,bipolar disorder,autism spectrum disorder,schizophrenia,anorexia nervosa,major depressive disorder"	-	GCST009600	14:32825575	31835028	"Cross-Disorder Group of the Psychiatric Genomics Consortium"
rs2332700-?	5E-10	-	NR	-	-	-	RGS6	"Anorexia nervosa, attention-deficit/hyperactivity disorder, autism spectrum disorder, bipolar disorder, major depression, obsessive-compulsive disorder, schizophrenia, or Tourette syndrome (pleiotropy)"	"obsessive-compulsive disorder,attention deficit hyperactivity disorder,Tourette syndrome,bipolar disorder,autism spectrum disorder,schizophrenia,anorexia nervosa,major depressive disorder"	-	GCST009600	14:71950609	31835028	"Cross-Disorder Group of the Psychiatric Genomics Consortium"
rs2388334-?	1E-11	-	NR	-	-	-	MIR2113,EIF4EBP2P3	"Anorexia nervosa, attention-deficit/hyperactivity disorder, autism spectrum disorder, bipolar disorder, major depression, obsessive-compulsive disorder, schizophrenia, or Tourette syndrome (pleiotropy)"	"obsessive-compulsive disorder,attention deficit hyperactivity disorder,Tourette syndrome,bipolar disorder,autism spectrum disorder,schizophrenia,anorexia nervosa,major depressive disorder"	-	GCST009600	6:98143746	31835028	"Cross-Disorder Group of the Psychiatric Genomics Consortium"
rs2391734-?	2E-8	-	NR	-	-	-	LINC02790,RNU1-130P	"Anorexia nervosa, attention-deficit/hyperactivity disorder, autism spectrum disorder, bipolar disorder, major depression, obsessive-compulsive disorder, schizophrenia, or Tourette syndrome (pleiotropy)"	"obsessive-compulsive disorder,attention deficit hyperactivity disorder,Tourette syndrome,bipolar disorder,autism spectrum disorder,schizophrenia,anorexia nervosa,major depressive disorder"	-	GCST009600	1:96139035	31835028	"Cross-Disorder Group of the Psychiatric Genomics Consortium"
rs2391769-?	8E-9	-	NR	-	-	-	EEF1A1P11,RN7SL831P	"Anorexia nervosa, attention-deficit/hyperactivity disorder, autism spectrum disorder, bipolar disorder, major depression, obsessive-compulsive disorder, schizophrenia, or Tourette syndrome (pleiotropy)"	"obsessive-compulsive disorder,attention deficit hyperactivity disorder,Tourette syndrome,bipolar disorder,autism spectrum disorder,schizophrenia,anorexia nervosa,major depressive disorder"	-	GCST009600	1:96513405	31835028	"Cross-Disorder Group of the Psychiatric Genomics Consortium"
rs2414718-?	1E-8	-	NR	-	-	-	LINC02349,RORA	"Anorexia nervosa, attention-deficit/hyperactivity disorder, autism spectrum disorder, bipolar disorder, major depression, obsessive-compulsive disorder, schizophrenia, or Tourette syndrome (pleiotropy)"	"obsessive-compulsive disorder,attention deficit hyperactivity disorder,Tourette syndrome,bipolar disorder,autism spectrum disorder,schizophrenia,anorexia nervosa,major depressive disorder"	-	GCST009600	15:61570934	31835028	"Cross-Disorder Group of the Psychiatric Genomics Consortium"
rs2514218-?	2E-11	-	NR	-	-	-	DRD2,TMPRSS5	"Anorexia nervosa, attention-deficit/hyperactivity disorder, autism spectrum disorder, bipolar disorder, major depression, obsessive-compulsive disorder, schizophrenia, or Tourette syndrome (pleiotropy)"	"obsessive-compulsive disorder,attention deficit hyperactivity disorder,Tourette syndrome,bipolar disorder,autism spectrum disorder,schizophrenia,anorexia nervosa,major depressive disorder"	-	GCST009600	11:113522272	31835028	"Cross-Disorder Group of the Psychiatric Genomics Consortium"
rs2522831-?	2E-8	-	NR	-	-	-	PCLO	"Anorexia nervosa, attention-deficit/hyperactivity disorder, autism spectrum disorder, bipolar disorder, major depression, obsessive-compulsive disorder, schizophrenia, or Tourette syndrome (pleiotropy)"	"obsessive-compulsive disorder,attention deficit hyperactivity disorder,Tourette syndrome,bipolar disorder,autism spectrum disorder,schizophrenia,anorexia nervosa,major depressive disorder"	-	GCST009600	7:82818784	31835028	"Cross-Disorder Group of the Psychiatric Genomics Consortium"
rs2693698-?	3E-10	-	NR	-	-	-	BCL11B	"Anorexia nervosa, attention-deficit/hyperactivity disorder, autism spectrum disorder, bipolar disorder, major depression, obsessive-compulsive disorder, schizophrenia, or Tourette syndrome (pleiotropy)"	"obsessive-compulsive disorder,attention deficit hyperactivity disorder,Tourette syndrome,bipolar disorder,autism spectrum disorder,schizophrenia,anorexia nervosa,major depressive disorder"	-	GCST009600	14:99252882	31835028	"Cross-Disorder Group of the Psychiatric Genomics Consortium"
rs2801578-?	3E-8	-	NR	-	-	-	PDE4B	"Anorexia nervosa, attention-deficit/hyperactivity disorder, autism spectrum disorder, bipolar disorder, major depression, obsessive-compulsive disorder, schizophrenia, or Tourette syndrome (pleiotropy)"	"obsessive-compulsive disorder,attention deficit hyperactivity disorder,Tourette syndrome,bipolar disorder,autism spectrum disorder,schizophrenia,anorexia nervosa,major depressive disorder"	-	GCST009600	1:65866972	31835028	"Cross-Disorder Group of the Psychiatric Genomics Consortium"
rs2842198-?	1E-8	-	NR	-	-	-	HYI-AS1,PTPRF	"Anorexia nervosa, attention-deficit/hyperactivity disorder, autism spectrum disorder, bipolar disorder, major depression, obsessive-compulsive disorder, schizophrenia, or Tourette syndrome (pleiotropy)"	"obsessive-compulsive disorder,attention deficit hyperactivity disorder,Tourette syndrome,bipolar disorder,autism spectrum disorder,schizophrenia,anorexia nervosa,major depressive disorder"	-	GCST009600	1:43465067	31835028	"Cross-Disorder Group of the Psychiatric Genomics Consortium"
rs2910032-?	4E-8	-	NR	-	-	-	LINC01470	"Anorexia nervosa, attention-deficit/hyperactivity disorder, autism spectrum disorder, bipolar disorder, major depression, obsessive-compulsive disorder, schizophrenia, or Tourette syndrome (pleiotropy)"	"obsessive-compulsive disorder,attention deficit hyperactivity disorder,Tourette syndrome,bipolar disorder,autism spectrum disorder,schizophrenia,anorexia nervosa,major depressive disorder"	-	GCST009600	5:153160794	31835028	"Cross-Disorder Group of the Psychiatric Genomics Consortium"
rs1226412-?	2E-8	-	NR	-	-	-	LINC01876	"Anorexia nervosa, attention-deficit/hyperactivity disorder, autism spectrum disorder, bipolar disorder, major depression, obsessive-compulsive disorder, schizophrenia, or Tourette syndrome (pleiotropy)"	"obsessive-compulsive disorder,attention deficit hyperactivity disorder,Tourette syndrome,bipolar disorder,autism spectrum disorder,schizophrenia,anorexia nervosa,major depressive disorder"	-	GCST009600	2:156254801	31835028	"Cross-Disorder Group of the Psychiatric Genomics Consortium"
rs3798869-?	8E-11	-	NR	-	-	-	SNAP91	"Anorexia nervosa, attention-deficit/hyperactivity disorder, autism spectrum disorder, bipolar disorder, major depression, obsessive-compulsive disorder, schizophrenia, or Tourette syndrome (pleiotropy)"	"obsessive-compulsive disorder,attention deficit hyperactivity disorder,Tourette syndrome,bipolar disorder,autism spectrum disorder,schizophrenia,anorexia nervosa,major depressive disorder"	-	GCST009600	6:83618941	31835028	"Cross-Disorder Group of the Psychiatric Genomics Consortium"
rs1501361-?	4E-8	-	NR	-	-	-	HCN1	"Anorexia nervosa, attention-deficit/hyperactivity disorder, autism spectrum disorder, bipolar disorder, major depression, obsessive-compulsive disorder, schizophrenia, or Tourette syndrome (pleiotropy)"	"obsessive-compulsive disorder,attention deficit hyperactivity disorder,Tourette syndrome,bipolar disorder,autism spectrum disorder,schizophrenia,anorexia nervosa,major depressive disorder"	-	GCST009600	5:45326671	31835028	"Cross-Disorder Group of the Psychiatric Genomics Consortium"
rs4129585-?	2E-15	-	NR	-	-	-	TSNARE1	"Anorexia nervosa, attention-deficit/hyperactivity disorder, autism spectrum disorder, bipolar disorder, major depression, obsessive-compulsive disorder, schizophrenia, or Tourette syndrome (pleiotropy)"	"obsessive-compulsive disorder,attention deficit hyperactivity disorder,Tourette syndrome,bipolar disorder,autism spectrum disorder,schizophrenia,anorexia nervosa,major depressive disorder"	-	GCST009600	8:142231572	31835028	"Cross-Disorder Group of the Psychiatric Genomics Consortium"
rs1615350-?	5E-10	-	NR	-	-	-	MPHOSPH9	"Anorexia nervosa, attention-deficit/hyperactivity disorder, autism spectrum disorder, bipolar disorder, major depression, obsessive-compulsive disorder, schizophrenia, or Tourette syndrome (pleiotropy)"	"obsessive-compulsive disorder,attention deficit hyperactivity disorder,Tourette syndrome,bipolar disorder,autism spectrum disorder,schizophrenia,anorexia nervosa,major depressive disorder"	-	GCST009600	12:123165788	31835028	"Cross-Disorder Group of the Psychiatric Genomics Consortium"
rs4244354-?	2E-9	-	NR	-	-	-	TRIM8,ARL3	"Anorexia nervosa, attention-deficit/hyperactivity disorder, autism spectrum disorder, bipolar disorder, major depression, obsessive-compulsive disorder, schizophrenia, or Tourette syndrome (pleiotropy)"	"obsessive-compulsive disorder,attention deficit hyperactivity disorder,Tourette syndrome,bipolar disorder,autism spectrum disorder,schizophrenia,anorexia nervosa,major depressive disorder"	-	GCST009600	10:102666420	31835028	"Cross-Disorder Group of the Psychiatric Genomics Consortium"
rs4298967-?	8E-20	-	NR	-	-	-	CACNA1C,CACNA1C-IT3	"Anorexia nervosa, attention-deficit/hyperactivity disorder, autism spectrum disorder, bipolar disorder, major depression, obsessive-compulsive disorder, schizophrenia, or Tourette syndrome (pleiotropy)"	"obsessive-compulsive disorder,attention deficit hyperactivity disorder,Tourette syndrome,bipolar disorder,autism spectrum disorder,schizophrenia,anorexia nervosa,major depressive disorder"	-	GCST009600	12:2299028	31835028	"Cross-Disorder Group of the Psychiatric Genomics Consortium"
rs4380187-?	8E-12	-	NR	-	-	-	ZNF804A,ELF2P4	"Anorexia nervosa, attention-deficit/hyperactivity disorder, autism spectrum disorder, bipolar disorder, major depression, obsessive-compulsive disorder, schizophrenia, or Tourette syndrome (pleiotropy)"	"obsessive-compulsive disorder,attention deficit hyperactivity disorder,Tourette syndrome,bipolar disorder,autism spectrum disorder,schizophrenia,anorexia nervosa,major depressive disorder"	-	GCST009600	2:184947213	31835028	"Cross-Disorder Group of the Psychiatric Genomics Consortium"
