,Gene,EffectSize,StdEffect,P-Value,FDR,pBH
13012,ENSG00000182611,0.685260586655532,1.0152431601965968,8.551337180123823e-07,True,0.025277791850970736
