,Gene,EffectSize,StdEffect,P-Value,FDR,pBH
1130,ENSG00000072422,-0.24204229671697106,-0.8261615811552141,2.888926734063903e-11,True,3.838631956273636e-06
