,Gene,EffectSize,StdEffect,P-Value,FDR,pBH
13012,ENSG00000182611,0.6853410575168771,1.0153159550496527,8.525115642152595e-07,True,0.037780475474000146
