,Gene,EffectSize,P-Value,FDR,pBH
64,ENSG00000004939,0.7304753459897351,1.0832665594578044e-08,True,1.2964534183591004e-05
4129,ENSG00000115718,0.6109481796129023,2.4638008611503184e-06,True,0.0020913062531024824
17876,ENSG00000230521,0.6807128975318231,2.3108644852493936e-13,True,4.60940435991079e-10
19035,ENSG00000236003,0.6832299811397584,3.303935993408612e-05,True,0.019770752984557133
